variant,aggregation,trial,candidate,brick,concrete block,timber
original_control,max_prompt_softmax,old_1,candidate_001_brick,0.15222503244876862,0.23394444584846497,0.0657038539648056
original_control,max_prompt_softmax,old_1,candidate_002_brick,0.05162859335541725,0.07453372329473495,0.4805757999420166
original_control,max_prompt_softmax,old_2,candidate_002_timber,0.05534657835960388,0.07576286792755127,0.48661139607429504
original_control,max_prompt_softmax,old_2,candidate_001_timber,0.09321393072605133,0.2937508523464203,0.05568564310669899
original_control,max_prompt_softmax,old_3,candidate_001_brick,0.3359870910644531,0.08353877812623978,0.17464058101177216
original_control,max_prompt_softmax,old_3,candidate_002_brick,0.02966451086103916,0.5250223278999329,0.03543422371149063
original_control,max_prompt_softmax,old_4,candidate_002_concrete_block,0.03443518653512001,0.5973863005638123,0.021942341700196266
original_control,max_prompt_softmax,old_4,candidate_001_concrete_block,0.27390313148498535,0.07072797417640686,0.2954225242137909
original_control,max_prompt_softmax,old_5,candidate_001_timber,0.04571547359228134,0.021747808903455734,0.47725558280944824
original_control,max_prompt_softmax,old_5,candidate_002_timber,0.041379302740097046,0.45423245429992676,0.07620492577552795
original_control,max_prompt_softmax,old_6,candidate_001_concrete_block,0.03718920052051544,0.49677804112434387,0.0648011863231659
original_control,max_prompt_softmax,old_6,candidate_002_concrete_block,0.05736839026212692,0.02015599235892296,0.47155335545539856
original_control,max_prompt_softmax,old_7,candidate_001_brick,0.4751169681549072,0.15790578722953796,0.016884002834558487
original_control,max_prompt_softmax,old_7,candidate_003_brick,0.07800540328025818,0.44286563992500305,0.10396648943424225
original_control,max_prompt_softmax,old_7,candidate_002_brick,0.03278839960694313,0.053721580654382706,0.47974950075149536
original_control,max_prompt_softmax,old_8,candidate_002_timber,0.06892820447683334,0.10795947164297104,0.3504043519496918
original_control,max_prompt_softmax,old_8,candidate_003_timber,0.03574196249246597,0.6008899211883545,0.036474309861660004
original_control,max_prompt_softmax,old_8,candidate_001_timber,0.610743522644043,0.10471932590007782,0.008795402012765408
original_control,max_prompt_softmax,old_9,candidate_002_concrete_block,0.04607139527797699,0.6379922032356262,0.04326315224170685
original_control,max_prompt_softmax,old_9,candidate_003_concrete_block,0.05391521006822586,0.1308664232492447,0.35270237922668457
original_control,max_prompt_softmax,old_9,candidate_001_concrete_block,0.542259156703949,0.10751716792583466,0.021846020594239235
original_control,max_prompt_softmax,old_10,candidate_001_brick,0.34301868081092834,0.03089854307472706,0.04210059344768524
original_control,max_prompt_softmax,old_10,candidate_002_brick,0.02588266134262085,0.008527938276529312,0.6276933550834656
original_control,max_prompt_softmax,old_11,candidate_002_timber,0.0022759675048291683,0.0019554276950657368,0.9215858578681946
original_control,max_prompt_softmax,old_11,candidate_001_timber,0.3255894184112549,0.02959337644279003,0.029436258599162102
original_control,max_prompt_softmax,old_12,candidate_001_brick,0.2935470938682556,0.043175239115953445,0.11352640390396118
original_control,max_prompt_softmax,old_12,candidate_002_brick,0.08029884099960327,0.29862135648727417,0.2253497689962387
original_control,max_prompt_softmax,old_13,candidate_001_concrete_block,0.09697536379098892,0.3762837052345276,0.16926567256450653
original_control,max_prompt_softmax,old_13,candidate_002_concrete_block,0.2887495160102844,0.03418919816613197,0.11333785206079483
original_control,max_prompt_softmax,old_14,candidate_001_timber,0.015841985121369362,0.0016559648793190718,0.7772918343544006
original_control,max_prompt_softmax,old_14,candidate_002_timber,0.10833786427974701,0.20468218624591827,0.12815502285957336
original_control,max_prompt_softmax,old_15,candidate_001_concrete_block,0.1292964071035385,0.15783005952835083,0.18079884350299835
original_control,max_prompt_softmax,old_15,candidate_002_concrete_block,0.01948568783700466,0.001648946781642735,0.7876271605491638
original_control,max_prompt_softmax,old_16,candidate_001_brick,0.3577294647693634,0.07815255224704742,0.0687403455376625
original_control,max_prompt_softmax,old_16,candidate_003_brick,0.0851006880402565,0.24820581078529358,0.1192300021648407
original_control,max_prompt_softmax,old_16,candidate_002_brick,0.012823562137782574,0.003323697717860341,0.8685972094535828
original_control,max_prompt_softmax,old_17,candidate_002_timber,0.032569948583841324,0.0038936075288802385,0.7940921783447266
original_control,max_prompt_softmax,old_17,candidate_003_timber,0.09928238391876221,0.2807213366031647,0.15231698751449585
original_control,max_prompt_softmax,old_17,candidate_001_timber,0.40023356676101685,0.08853892982006073,0.06573571264743805
original_control,max_prompt_softmax,old_18,candidate_002_concrete_block,0.16774795949459076,0.18176215887069702,0.17658774554729462
original_control,max_prompt_softmax,old_18,candidate_003_concrete_block,0.35474222898483276,0.05204489082098007,0.09165366739034653
original_control,max_prompt_softmax,old_18,candidate_001_concrete_block,0.0532405860722065,0.009278936311602592,0.7566901445388794
original_control,max_prompt_softmax,old_19,candidate_001_brick,0.12248782813549042,0.31292924284935,0.03112385794520378
original_control,max_prompt_softmax,old_19,candidate_002_brick,0.01609373278915882,0.0027791662141680717,0.756864070892334
original_control,max_prompt_softmax,old_20,candidate_002_timber,0.009538675658404827,0.002220588270574808,0.7461538314819336
original_control,max_prompt_softmax,old_20,candidate_001_timber,0.12670637667179108,0.27502354979515076,0.036859381943941116
original_control,max_prompt_softmax,old_21,candidate_001_brick,0.19065707921981812,0.15970730781555176,0.0970645323395729
original_control,max_prompt_softmax,old_21,candidate_002_brick,0.08054061233997345,0.3105936348438263,0.16689756512641907
original_control,max_prompt_softmax,old_22,candidate_002_concrete_block,0.07030734419822693,0.35536521673202515,0.12378335744142532
original_control,max_prompt_softmax,old_22,candidate_001_concrete_block,0.15186326205730438,0.16244299709796906,0.14951568841934204
original_control,max_prompt_softmax,old_23,candidate_001_timber,0.0642528086900711,0.01721721887588501,0.47315487265586853
original_control,max_prompt_softmax,old_23,candidate_002_timber,0.08844839036464691,0.24870869517326355,0.2593283951282501
original_control,max_prompt_softmax,old_24,candidate_002_concrete_block,0.08664023876190186,0.18513576686382294,0.2568703889846802
original_control,max_prompt_softmax,old_24,candidate_001_concrete_block,0.06108682602643967,0.016483748331665993,0.5135186910629272
original_control,max_prompt_softmax,old_25,candidate_001_brick,0.19962885975837708,0.40021172165870667,0.023015640676021576
original_control,max_prompt_softmax,old_25,candidate_002_brick,0.08734540641307831,0.037808608263731,0.4719984233379364
original_control,max_prompt_softmax,old_25,candidate_003_brick,0.08469666540622711,0.3478618562221527,0.2257165014743805
original_control,max_prompt_softmax,old_26,candidate_002_timber,0.05886288359761238,0.021257979795336723,0.5290111899375916
original_control,max_prompt_softmax,old_26,candidate_003_timber,0.07915957272052765,0.43940964341163635,0.14782103896141052
original_control,max_prompt_softmax,old_26,candidate_001_timber,0.2154376357793808,0.32297253608703613,0.024709505960345268
original_control,max_prompt_softmax,old_27,candidate_003_concrete_block,0.09339011460542679,0.38686394691467285,0.17641793191432953
original_control,max_prompt_softmax,old_27,candidate_001_concrete_block,0.3136824071407318,0.22002476453781128,0.052452195435762405
original_control,max_prompt_softmax,old_27,candidate_002_concrete_block,0.07597652077674866,0.0285307839512825,0.5317785143852234
original_control,max_prompt_softmax,case_001_brick,candidate_002_brick,0.43663668632507324,0.08851122856140137,0.007623259909451008
original_control,max_prompt_softmax,case_001_brick,candidate_001_brick,0.09011668711900711,0.19528329372406006,0.12466726452112198
original_control,max_prompt_softmax,case_001_brick,candidate_003_brick,0.056949373334646225,0.1534515917301178,0.24694404006004333
original_control,max_prompt_softmax,case_001_concrete_block,candidate_001_concrete_block,0.09011668711900711,0.19528329372406006,0.12466726452112198
original_control,max_prompt_softmax,case_001_concrete_block,candidate_002_concrete_block,0.056949373334646225,0.1534515917301178,0.24694404006004333
original_control,max_prompt_softmax,case_001_concrete_block,candidate_003_concrete_block,0.43663594126701355,0.08851124346256256,0.007623276207596064
original_control,max_prompt_softmax,case_001_timber,candidate_003_timber,0.056949373334646225,0.1534515917301178,0.24694404006004333
original_control,max_prompt_softmax,case_001_timber,candidate_001_timber,0.09011687338352203,0.1952829658985138,0.12466705590486526
original_control,max_prompt_softmax,case_001_timber,candidate_002_timber,0.43663668632507324,0.08851122856140137,0.007623259909451008
original_control,max_prompt_softmax,case_002_brick,candidate_001_brick,0.3246155083179474,0.24405081570148468,0.007885415107011795
original_control,max_prompt_softmax,case_002_brick,candidate_002_brick,0.13809362053871155,0.09526083618402481,0.454394668340683
original_control,max_prompt_softmax,case_002_brick,candidate_003_brick,0.010843293741345406,0.00033929769415408373,0.4675501585006714
original_control,max_prompt_softmax,case_002_concrete_block,candidate_001_concrete_block,0.3246155083179474,0.24405081570148468,0.007885415107011795
original_control,max_prompt_softmax,case_002_concrete_block,candidate_002_concrete_block,0.13809362053871155,0.09526083618402481,0.454394668340683
original_control,max_prompt_softmax,case_002_concrete_block,candidate_003_concrete_block,0.010843293741345406,0.00033929769415408373,0.4675501585006714
original_control,max_prompt_softmax,case_002_timber,candidate_002_timber,0.010843243449926376,0.0003392960934434086,0.46754977107048035
original_control,max_prompt_softmax,case_002_timber,candidate_003_timber,0.13809415698051453,0.09526047110557556,0.45439469814300537
original_control,max_prompt_softmax,case_002_timber,candidate_001_timber,0.3246155083179474,0.24405081570148468,0.007885415107011795
original_control,max_prompt_softmax,case_003_brick,candidate_001_brick,0.3368256986141205,0.13799931108951569,0.03993293270468712
original_control,max_prompt_softmax,case_003_concrete_block,candidate_001_concrete_block,0.3368256986141205,0.13799931108951569,0.03993293270468712
original_control,max_prompt_softmax,case_003_concrete_block,candidate_002_concrete_block,0.04183907434344292,0.04500267654657364,0.6981011033058167
original_control,max_prompt_softmax,case_003_timber,candidate_002_timber,0.04183907434344292,0.04500267654657364,0.6981011033058167
original_control,max_prompt_softmax,case_003_timber,candidate_001_timber,0.3368256986141205,0.13799931108951569,0.03993293270468712
original_control,max_prompt_softmax,case_004_brick,candidate_001_brick,0.3283120393753052,0.021665019914507866,0.03156200423836708
original_control,max_prompt_softmax,case_004_concrete_block,candidate_001_concrete_block,0.015777522698044777,0.27794352173805237,0.013703514821827412
original_control,max_prompt_softmax,case_004_concrete_block,candidate_003_concrete_block,0.05360643193125725,0.12585103511810303,0.4328558146953583
original_control,max_prompt_softmax,case_004_concrete_block,candidate_002_concrete_block,0.32831138372421265,0.02166522480547428,0.03156254440546036
original_control,max_prompt_softmax,case_004_timber,candidate_002_timber,0.05360643193125725,0.12585103511810303,0.4328558146953583
original_control,max_prompt_softmax,case_004_timber,candidate_001_timber,0.32831138372421265,0.02166522480547428,0.03156254440546036
original_control,max_prompt_softmax,case_005_brick,candidate_001_brick,0.29236429929733276,0.0471947006881237,0.0883844718337059
original_control,max_prompt_softmax,case_005_brick,candidate_003_brick,0.2843373417854309,0.13891421258449554,0.09917323291301727
original_control,max_prompt_softmax,case_005_brick,candidate_002_brick,0.00236081937327981,0.0010646649170666933,0.9170387983322144
original_control,max_prompt_softmax,case_005_concrete_block,candidate_003_concrete_block,0.28433799743652344,0.13891346752643585,0.09917327016592026
original_control,max_prompt_softmax,case_005_concrete_block,candidate_001_concrete_block,0.29236429929733276,0.0471947006881237,0.0883844718337059
original_control,max_prompt_softmax,case_005_concrete_block,candidate_002_concrete_block,0.002360815415158868,0.0010646672453731298,0.9170390367507935
original_control,max_prompt_softmax,case_005_timber,candidate_002_timber,0.002360815415158868,0.0010646672453731298,0.9170390367507935
original_control,max_prompt_softmax,case_005_timber,candidate_003_timber,0.2843373417854309,0.13891421258449554,0.09917323291301727
original_control,max_prompt_softmax,case_005_timber,candidate_001_timber,0.29236429929733276,0.0471947006881237,0.0883844718337059
original_control,max_prompt_softmax,case_006_brick,candidate_001_brick,0.3182462751865387,0.06616367399692535,0.018574465066194534
original_control,max_prompt_softmax,case_006_brick,candidate_002_brick,0.25961944460868835,0.012964430265128613,0.3460501432418823
original_control,max_prompt_softmax,case_006_concrete_block,candidate_002_concrete_block,0.11624252051115036,0.12982192635536194,0.18503540754318237
original_control,max_prompt_softmax,case_006_concrete_block,candidate_001_concrete_block,0.3182462751865387,0.06616367399692535,0.018574465066194534
original_control,max_prompt_softmax,case_006_concrete_block,candidate_003_concrete_block,0.2596191465854645,0.012964514084160328,0.3460497558116913
original_control,max_prompt_softmax,case_006_timber,candidate_003_timber,0.2596191465854645,0.012964514084160328,0.3460497558116913
original_control,max_prompt_softmax,case_006_timber,candidate_002_timber,0.11624206602573395,0.12982192635536194,0.18503469228744507
original_control,max_prompt_softmax,case_006_timber,candidate_001_timber,0.3182462751865387,0.06616367399692535,0.018574465066194534
original_control,max_prompt_softmax,case_007_brick,candidate_001_brick,0.45236721634864807,0.04766206070780754,0.01382038090378046
original_control,max_prompt_softmax,case_007_concrete_block,candidate_001_concrete_block,0.11347482353448868,0.23594450950622559,0.004128939472138882
original_control,max_prompt_softmax,case_007_concrete_block,candidate_003_concrete_block,0.44721803069114685,0.047072283923625946,0.018165089190006256
original_control,max_prompt_softmax,case_007_concrete_block,candidate_002_concrete_block,0.053323253989219666,0.0027516381815075874,0.7406608462333679
original_control,max_prompt_softmax,case_007_timber,candidate_001_timber,0.053895123302936554,0.0027124977204948664,0.7420462965965271
original_control,max_prompt_softmax,case_007_timber,candidate_003_timber,0.4561232328414917,0.05377241596579552,0.023537535220384598
original_control,max_prompt_softmax,case_007_timber,candidate_002_timber,0.11099274456501007,0.23639710247516632,0.004182383418083191
original_control,max_prompt_softmax,case_008_brick,candidate_001_brick,0.31345394253730774,0.1110510379076004,0.037631675601005554
original_control,max_prompt_softmax,case_008_brick,candidate_002_brick,0.1344146430492401,0.29399147629737854,0.18051831424236298
original_control,max_prompt_softmax,case_008_brick,candidate_003_brick,0.08619179576635361,0.017386721447110176,0.5332576036453247
original_control,max_prompt_softmax,case_008_concrete_block,candidate_003_concrete_block,0.13441507518291473,0.2939912974834442,0.18051819503307343
original_control,max_prompt_softmax,case_008_concrete_block,candidate_001_concrete_block,0.31345394253730774,0.1110510379076004,0.037631675601005554
original_control,max_prompt_softmax,case_008_concrete_block,candidate_002_concrete_block,0.08619166165590286,0.017386693507432938,0.533258855342865
original_control,max_prompt_softmax,case_008_timber,candidate_002_timber,0.08369799703359604,0.017442554235458374,0.5434391498565674
original_control,max_prompt_softmax,case_008_timber,candidate_003_timber,0.13522809743881226,0.2866806089878082,0.187391459941864
original_control,max_prompt_softmax,case_008_timber,candidate_001_timber,0.31345394253730774,0.1110510379076004,0.037631675601005554
original_control,max_prompt_softmax,case_009_brick,candidate_001_brick,0.12352428585290909,0.3054288923740387,0.025258660316467285
original_control,max_prompt_softmax,case_009_brick,candidate_002_brick,0.08337471634149551,0.16436795890331268,0.1567976325750351
original_control,max_prompt_softmax,case_009_concrete_block,candidate_001_concrete_block,0.12352459877729416,0.305429071187973,0.02525862492620945
original_control,max_prompt_softmax,case_009_concrete_block,candidate_003_concrete_block,0.08337495476007462,0.16436779499053955,0.15679717063903809
original_control,max_prompt_softmax,case_009_concrete_block,candidate_002_concrete_block,0.0003971817495767027,0.0005852949689142406,0.9793582558631897
original_control,max_prompt_softmax,case_009_timber,candidate_002_timber,0.0004090022703167051,0.0006387711619026959,0.9790793657302856
original_control,max_prompt_softmax,case_009_timber,candidate_001_timber,0.1235257238149643,0.3054312765598297,0.025258664041757584
original_control,max_prompt_softmax,case_010_brick,candidate_001_brick,0.1660183221101761,0.34416303038597107,0.05673950910568237
original_control,max_prompt_softmax,case_010_brick,candidate_002_brick,0.09875625371932983,0.034079354256391525,0.4269068241119385
original_control,max_prompt_softmax,case_010_brick,candidate_003_brick,0.041927311569452286,0.18253152072429657,0.11197219789028168
original_control,max_prompt_softmax,case_010_concrete_block,candidate_002_concrete_block,0.16601864993572235,0.34416237473487854,0.05673940107226372
original_control,max_prompt_softmax,case_010_concrete_block,candidate_001_concrete_block,0.041927359998226166,0.18253138661384583,0.11197233200073242
original_control,max_prompt_softmax,case_010_timber,candidate_003_timber,0.09875625371932983,0.034079354256391525,0.4269068241119385
original_control,max_prompt_softmax,case_010_timber,candidate_001_timber,0.041927359998226166,0.18253138661384583,0.11197233200073242
original_control,max_prompt_softmax,case_010_timber,candidate_002_timber,0.1660183221101761,0.34416303038597107,0.05673950910568237
original_control,max_prompt_softmax,case_011_brick,candidate_002_brick,0.3174886703491211,0.04464181885123253,0.10715881735086441
original_control,max_prompt_softmax,case_011_brick,candidate_001_brick,0.11434271186590195,0.19616103172302246,0.30758389830589294
original_control,max_prompt_softmax,case_011_brick,candidate_003_brick,0.01929728500545025,0.000739260227419436,0.8306477069854736
original_control,max_prompt_softmax,case_011_concrete_block,candidate_001_concrete_block,0.11434292048215866,0.19616064429283142,0.3075844645500183
original_control,max_prompt_softmax,case_011_concrete_block,candidate_002_concrete_block,0.019297346472740173,0.0007392611587420106,0.8306471705436707
original_control,max_prompt_softmax,case_011_timber,candidate_001_timber,0.019297346472740173,0.0007392611587420106,0.8306471705436707
original_control,max_prompt_softmax,case_011_timber,candidate_002_timber,0.11434271186590195,0.19616103172302246,0.30758389830589294
original_control,max_prompt_softmax,case_011_timber,candidate_003_timber,0.32155641913414,0.043314795941114426,0.09868160635232925
original_control,max_prompt_softmax,case_012_brick,candidate_001_brick,0.2816680371761322,0.01876283995807171,0.057891588658094406
original_control,max_prompt_softmax,case_012_brick,candidate_002_brick,0.10794305801391602,0.12253829091787338,0.3755092918872833
original_control,max_prompt_softmax,case_012_concrete_block,candidate_002_concrete_block,0.10794267803430557,0.12253831326961517,0.3755100965499878
original_control,max_prompt_softmax,case_012_concrete_block,candidate_001_concrete_block,0.2816677689552307,0.0187628585845232,0.05789175257086754
original_control,max_prompt_softmax,case_012_timber,candidate_002_timber,0.036698803305625916,0.008288595825433731,0.7741863131523132
original_control,max_prompt_softmax,case_012_timber,candidate_003_timber,0.10794305801391602,0.12253829091787338,0.3755092918872833
original_control,max_prompt_softmax,case_012_timber,candidate_001_timber,0.2816680371761322,0.01876283995807171,0.057891588658094406
original_control,max_prompt_softmax,TS_F01,candidate_001_concrete_block,0.15222503244876862,0.23394444584846497,0.0657038539648056
original_control,max_prompt_softmax,TS_F01,candidate_002_concrete_block,0.05162859335541725,0.07453372329473495,0.4805757999420166
original_control,max_prompt_softmax,TS_F02,candidate_001_timber,0.3359870910644531,0.08353877812623978,0.17464058101177216
original_control,max_prompt_softmax,TS_F02,candidate_002_timber,0.02966446988284588,0.5250216126441956,0.035434313118457794
original_control,max_prompt_softmax,TS_F03,candidate_002_brick,0.04571569710969925,0.021747834980487823,0.4772552251815796
original_control,max_prompt_softmax,TS_F03,candidate_001_brick,0.041379302740097046,0.45423245429992676,0.07620492577552795
original_control,max_prompt_softmax,TS_F05,candidate_001_concrete_block,0.34301868081092834,0.03089854307472706,0.04210059344768524
original_control,max_prompt_softmax,TS_F05,candidate_002_concrete_block,0.0258825421333313,0.008527946658432484,0.6276940107345581
original_control,max_prompt_softmax,TS_F06,candidate_002_timber,0.08029884099960327,0.29862135648727417,0.2253497689962387
original_control,max_prompt_softmax,TS_F06,candidate_001_timber,0.2935470938682556,0.043175239115953445,0.11352640390396118
original_control,max_prompt_softmax,TS_F07,candidate_001_brick,0.10833755135536194,0.20468316972255707,0.1281549036502838
original_control,max_prompt_softmax,TS_F07,candidate_002_brick,0.015841972082853317,0.001655966741964221,0.7772912383079529
original_control,max_prompt_softmax,TS_F09,candidate_001_concrete_block,0.12248774617910385,0.31292662024497986,0.031123299151659012
original_control,max_prompt_softmax,TS_F09,candidate_002_concrete_block,0.016093850135803223,0.002779196947813034,0.7568638324737549
original_control,max_prompt_softmax,TS_F10,candidate_002_timber,0.08054082095623016,0.31059321761131287,0.16689828038215637
original_control,max_prompt_softmax,TS_F10,candidate_001_timber,0.19065721333026886,0.15970772504806519,0.09706497937440872
original_control,max_prompt_softmax,TS_F11,candidate_002_brick,0.08844839036464691,0.24870869517326355,0.2593283951282501
original_control,max_prompt_softmax,TS_F11,candidate_001_brick,0.0642528086900711,0.01721721887588501,0.47315487265586853
original_control,mean_embedding_class_softmax,old_1,candidate_001_brick,0.20382215082645416,0.6772316694259644,0.11894624680280685
original_control,mean_embedding_class_softmax,old_1,candidate_002_brick,0.13004668056964874,0.31379610300064087,0.5561571717262268
original_control,mean_embedding_class_softmax,old_2,candidate_002_timber,0.14094771444797516,0.2720343768596649,0.5870178937911987
original_control,mean_embedding_class_softmax,old_2,candidate_001_timber,0.16199252009391785,0.7350863218307495,0.10292118787765503
original_control,mean_embedding_class_softmax,old_3,candidate_001_brick,0.4063444435596466,0.21000689268112183,0.3836486041545868
original_control,mean_embedding_class_softmax,old_3,candidate_002_brick,0.05396584793925285,0.8986343741416931,0.047399770468473434
original_control,mean_embedding_class_softmax,old_4,candidate_002_concrete_block,0.05593329668045044,0.9018468856811523,0.0422198623418808
original_control,mean_embedding_class_softmax,old_4,candidate_001_concrete_block,0.37426844239234924,0.12613196671009064,0.4995996057987213
original_control,mean_embedding_class_softmax,old_5,candidate_001_timber,0.04992951452732086,0.04265845566987991,0.907412052154541
original_control,mean_embedding_class_softmax,old_5,candidate_002_timber,0.09090600907802582,0.7887080907821655,0.12038588523864746
original_control,mean_embedding_class_softmax,old_6,candidate_001_concrete_block,0.07300829887390137,0.8338178992271423,0.09317389875650406
original_control,mean_embedding_class_softmax,old_6,candidate_002_concrete_block,0.06582117825746536,0.03687110170722008,0.8973077535629272
original_control,mean_embedding_class_softmax,old_7,candidate_001_brick,0.7151185274124146,0.2218860536813736,0.06299543380737305
original_control,mean_embedding_class_softmax,old_7,candidate_003_brick,0.1027226373553276,0.7725453972816467,0.12473186105489731
original_control,mean_embedding_class_softmax,old_7,candidate_002_brick,0.06923535466194153,0.10093456506729126,0.8298301100730896
original_control,mean_embedding_class_softmax,old_8,candidate_002_timber,0.09277616441249847,0.19359277188777924,0.7136310935020447
original_control,mean_embedding_class_softmax,old_8,candidate_003_timber,0.0698527991771698,0.8594568967819214,0.07069035619497299
original_control,mean_embedding_class_softmax,old_8,candidate_001_timber,0.7504933476448059,0.19920678436756134,0.05029977485537529
original_control,mean_embedding_class_softmax,old_9,candidate_002_concrete_block,0.074962317943573,0.8511636853218079,0.07387393712997437
original_control,mean_embedding_class_softmax,old_9,candidate_003_concrete_block,0.08782549202442169,0.2559605538845062,0.6562139391899109
original_control,mean_embedding_class_softmax,old_9,candidate_001_concrete_block,0.7247841954231262,0.1856003999710083,0.0896153524518013
original_control,mean_embedding_class_softmax,old_10,candidate_001_brick,0.7002894878387451,0.03960639238357544,0.26010411977767944
original_control,mean_embedding_class_softmax,old_10,candidate_002_brick,0.06307020038366318,0.01876595802605152,0.9181637763977051
original_control,mean_embedding_class_softmax,old_11,candidate_002_timber,0.015132429078221321,0.007575149182230234,0.9772924184799194
original_control,mean_embedding_class_softmax,old_11,candidate_001_timber,0.8664768934249878,0.029216166585683823,0.1043069064617157
original_control,mean_embedding_class_softmax,old_12,candidate_001_brick,0.6606094837188721,0.040504418313503265,0.29888609051704407
original_control,mean_embedding_class_softmax,old_12,candidate_002_brick,0.20294024050235748,0.47337090969085693,0.3236888647079468
original_control,mean_embedding_class_softmax,old_13,candidate_001_concrete_block,0.22513653337955475,0.47153326869010925,0.3033301532268524
original_control,mean_embedding_class_softmax,old_13,candidate_002_concrete_block,0.6103475093841553,0.03906780853867531,0.35058465600013733
original_control,mean_embedding_class_softmax,old_14,candidate_001_timber,0.028598250821232796,0.006063769571483135,0.9653379321098328
original_control,mean_embedding_class_softmax,old_14,candidate_002_timber,0.2894291877746582,0.5462719202041626,0.1642989218235016
original_control,mean_embedding_class_softmax,old_15,candidate_001_concrete_block,0.2984888553619385,0.48522210121154785,0.21628905832767487
original_control,mean_embedding_class_softmax,old_15,candidate_002_concrete_block,0.03606385737657547,0.008306997828185558,0.9556291103363037
original_control,mean_embedding_class_softmax,old_16,candidate_001_brick,0.6497579216957092,0.10146364569664001,0.24877841770648956
original_control,mean_embedding_class_softmax,old_16,candidate_003_brick,0.18250884115695953,0.6339881420135498,0.1835029423236847
original_control,mean_embedding_class_softmax,old_16,candidate_002_brick,0.038122065365314484,0.01820686273276806,0.9436710476875305
original_control,mean_embedding_class_softmax,old_17,candidate_002_timber,0.08843310177326202,0.01993059739470482,0.891636312007904
original_control,mean_embedding_class_softmax,old_17,candidate_003_timber,0.20153677463531494,0.6037780046463013,0.1946852207183838
original_control,mean_embedding_class_softmax,old_17,candidate_001_timber,0.7160418629646301,0.09429329633712769,0.18966491520404816
original_control,mean_embedding_class_softmax,old_18,candidate_002_concrete_block,0.30305010080337524,0.4459831714630127,0.25096675753593445
original_control,mean_embedding_class_softmax,old_18,candidate_003_concrete_block,0.6239385008811951,0.06676627695560455,0.3092952370643616
original_control,mean_embedding_class_softmax,old_18,candidate_001_concrete_block,0.10853107273578644,0.04738921299576759,0.8440797328948975
original_control,mean_embedding_class_softmax,old_19,candidate_001_brick,0.21561311185359955,0.69419926404953,0.09018762409687042
original_control,mean_embedding_class_softmax,old_19,candidate_002_brick,0.01405185554176569,0.000667939311824739,0.9852802157402039
original_control,mean_embedding_class_softmax,old_20,candidate_002_timber,0.006383433006703854,0.0004999023512937129,0.9931166172027588
original_control,mean_embedding_class_softmax,old_20,candidate_001_timber,0.24915504455566406,0.6481539011001587,0.10269102454185486
original_control,mean_embedding_class_softmax,old_21,candidate_001_brick,0.29149359464645386,0.5632517337799072,0.1452547013759613
original_control,mean_embedding_class_softmax,old_21,candidate_002_brick,0.15289421379566193,0.5448256134986877,0.3022802174091339
original_control,mean_embedding_class_softmax,old_22,candidate_002_concrete_block,0.11999627202749252,0.7166538238525391,0.16334983706474304
original_control,mean_embedding_class_softmax,old_22,candidate_001_concrete_block,0.23585055768489838,0.522234320640564,0.24191513657569885
original_control,mean_embedding_class_softmax,old_23,candidate_001_timber,0.09501618146896362,0.035291533917188644,0.8696922659873962
original_control,mean_embedding_class_softmax,old_23,candidate_002_timber,0.2319057434797287,0.5075509548187256,0.26054325699806213
original_control,mean_embedding_class_softmax,old_24,candidate_002_concrete_block,0.1955544352531433,0.5739842653274536,0.2304612100124359
original_control,mean_embedding_class_softmax,old_24,candidate_001_concrete_block,0.07136455178260803,0.03133496642112732,0.8973004817962646
original_control,mean_embedding_class_softmax,old_25,candidate_001_brick,0.2296786904335022,0.6318691968917847,0.13845211267471313
original_control,mean_embedding_class_softmax,old_25,candidate_002_brick,0.13997115194797516,0.08898396790027618,0.7710448503494263
original_control,mean_embedding_class_softmax,old_25,candidate_003_brick,0.22347046434879303,0.42364636063575745,0.35288313031196594
original_control,mean_embedding_class_softmax,old_26,candidate_002_timber,0.09119151532649994,0.05435747280716896,0.8544510006904602
original_control,mean_embedding_class_softmax,old_26,candidate_003_timber,0.21141286194324493,0.4885846674442291,0.30000239610671997
original_control,mean_embedding_class_softmax,old_26,candidate_001_timber,0.2832835018634796,0.59026038646698,0.1264561116695404
original_control,mean_embedding_class_softmax,old_27,candidate_003_concrete_block,0.2580684423446655,0.435602068901062,0.3063294589519501
original_control,mean_embedding_class_softmax,old_27,candidate_001_concrete_block,0.3225513696670532,0.43257415294647217,0.244874507188797
original_control,mean_embedding_class_softmax,old_27,candidate_002_concrete_block,0.12710218131542206,0.07044786959886551,0.8024499416351318
original_control,mean_embedding_class_softmax,case_001_brick,candidate_002_brick,0.819905161857605,0.1558486819267273,0.02424613945186138
original_control,mean_embedding_class_softmax,case_001_brick,candidate_001_brick,0.2569350302219391,0.5947769284248352,0.14828795194625854
original_control,mean_embedding_class_softmax,case_001_brick,candidate_003_brick,0.08557715266942978,0.6902272701263428,0.22419558465480804
original_control,mean_embedding_class_softmax,case_001_concrete_block,candidate_001_concrete_block,0.2569350302219391,0.5947769284248352,0.14828795194625854
original_control,mean_embedding_class_softmax,case_001_concrete_block,candidate_002_concrete_block,0.08557715266942978,0.6902272701263428,0.22419558465480804
original_control,mean_embedding_class_softmax,case_001_concrete_block,candidate_003_concrete_block,0.819905161857605,0.1558486819267273,0.024246186017990112
original_control,mean_embedding_class_softmax,case_001_timber,candidate_003_timber,0.08557715266942978,0.6902272701263428,0.22419558465480804
original_control,mean_embedding_class_softmax,case_001_timber,candidate_001_timber,0.25693491101264954,0.5947766304016113,0.14828844368457794
original_control,mean_embedding_class_softmax,case_001_timber,candidate_002_timber,0.819905161857605,0.1558486819267273,0.02424613945186138
original_control,mean_embedding_class_softmax,case_002_brick,candidate_001_brick,0.6641799211502075,0.31123846769332886,0.024581702426075935
original_control,mean_embedding_class_softmax,case_002_brick,candidate_002_brick,0.19111913442611694,0.22920870780944824,0.5796721577644348
original_control,mean_embedding_class_softmax,case_002_brick,candidate_003_brick,0.007007228210568428,0.000571759301237762,0.9924209713935852
original_control,mean_embedding_class_softmax,case_002_concrete_block,candidate_001_concrete_block,0.6641799211502075,0.31123846769332886,0.024581702426075935
original_control,mean_embedding_class_softmax,case_002_concrete_block,candidate_002_concrete_block,0.19111913442611694,0.22920870780944824,0.5796721577644348
original_control,mean_embedding_class_softmax,case_002_concrete_block,candidate_003_concrete_block,0.007007228210568428,0.000571759301237762,0.9924209713935852
original_control,mean_embedding_class_softmax,case_002_timber,candidate_002_timber,0.007007215172052383,0.0005717559834010899,0.9924209713935852
original_control,mean_embedding_class_softmax,case_002_timber,candidate_003_timber,0.19111935794353485,0.22920897603034973,0.5796717405319214
original_control,mean_embedding_class_softmax,case_002_timber,candidate_001_timber,0.6641799211502075,0.31123846769332886,0.024581702426075935
original_control,mean_embedding_class_softmax,case_003_brick,candidate_001_brick,0.6985931396484375,0.2162502408027649,0.0851566419005394
original_control,mean_embedding_class_softmax,case_003_concrete_block,candidate_001_concrete_block,0.6985931396484375,0.2162502408027649,0.0851566419005394
original_control,mean_embedding_class_softmax,case_003_concrete_block,candidate_002_concrete_block,0.12965182960033417,0.17677518725395203,0.693572998046875
original_control,mean_embedding_class_softmax,case_003_timber,candidate_002_timber,0.12965182960033417,0.17677518725395203,0.693572998046875
original_control,mean_embedding_class_softmax,case_003_timber,candidate_001_timber,0.6985931396484375,0.2162502408027649,0.0851566419005394
original_control,mean_embedding_class_softmax,case_004_brick,candidate_001_brick,0.909419596195221,0.044013556092977524,0.04656682908535004
original_control,mean_embedding_class_softmax,case_004_concrete_block,candidate_001_concrete_block,0.019423596560955048,0.9685109853744507,0.012065491639077663
original_control,mean_embedding_class_softmax,case_004_concrete_block,candidate_003_concrete_block,0.12593087553977966,0.43736758828163147,0.43670153617858887
original_control,mean_embedding_class_softmax,case_004_concrete_block,candidate_002_concrete_block,0.9094201922416687,0.044013336300849915,0.04656650498509407
original_control,mean_embedding_class_softmax,case_004_timber,candidate_002_timber,0.12593087553977966,0.43736758828163147,0.43670153617858887
original_control,mean_embedding_class_softmax,case_004_timber,candidate_001_timber,0.9094201922416687,0.044013336300849915,0.04656650498509407
original_control,mean_embedding_class_softmax,case_005_brick,candidate_001_brick,0.7641148567199707,0.07028471678495407,0.16560038924217224
original_control,mean_embedding_class_softmax,case_005_brick,candidate_003_brick,0.45168840885162354,0.31695741415023804,0.2313542366027832
original_control,mean_embedding_class_softmax,case_005_brick,candidate_002_brick,0.006922371219843626,0.0042501408606767654,0.9888274669647217
original_control,mean_embedding_class_softmax,case_005_concrete_block,candidate_003_concrete_block,0.4516882002353668,0.3169572651386261,0.23135456442832947
original_control,mean_embedding_class_softmax,case_005_concrete_block,candidate_001_concrete_block,0.7641148567199707,0.07028471678495407,0.16560038924217224
original_control,mean_embedding_class_softmax,case_005_concrete_block,candidate_002_concrete_block,0.006922371219843626,0.0042501166462898254,0.9888274669647217
original_control,mean_embedding_class_softmax,case_005_timber,candidate_002_timber,0.006922371219843626,0.0042501166462898254,0.9888274669647217
original_control,mean_embedding_class_softmax,case_005_timber,candidate_003_timber,0.45168840885162354,0.31695741415023804,0.2313542366027832
original_control,mean_embedding_class_softmax,case_005_timber,candidate_001_timber,0.7641148567199707,0.07028471678495407,0.16560038924217224
original_control,mean_embedding_class_softmax,case_006_brick,candidate_001_brick,0.8208598494529724,0.13279718160629272,0.046343058347702026
original_control,mean_embedding_class_softmax,case_006_brick,candidate_002_brick,0.44419538974761963,0.04756546765565872,0.5082390904426575
original_control,mean_embedding_class_softmax,case_006_concrete_block,candidate_002_concrete_block,0.21219895780086517,0.5240207314491272,0.26378029584884644
original_control,mean_embedding_class_softmax,case_006_concrete_block,candidate_001_concrete_block,0.8208598494529724,0.13279718160629272,0.046343058347702026
original_control,mean_embedding_class_softmax,case_006_concrete_block,candidate_003_concrete_block,0.4441968500614166,0.04756534844636917,0.5082378387451172
original_control,mean_embedding_class_softmax,case_006_timber,candidate_003_timber,0.4441968500614166,0.04756534844636917,0.5082378387451172
original_control,mean_embedding_class_softmax,case_006_timber,candidate_002_timber,0.21219876408576965,0.524020254611969,0.2637810707092285
original_control,mean_embedding_class_softmax,case_006_timber,candidate_001_timber,0.8208598494529724,0.13279718160629272,0.046343058347702026
original_control,mean_embedding_class_softmax,case_007_brick,candidate_001_brick,0.8247427940368652,0.11374185979366302,0.06151533126831055
original_control,mean_embedding_class_softmax,case_007_concrete_block,candidate_001_concrete_block,0.1386893391609192,0.8553928732872009,0.005917819682508707
original_control,mean_embedding_class_softmax,case_007_concrete_block,candidate_003_concrete_block,0.8039781451225281,0.11745024472475052,0.078571617603302
original_control,mean_embedding_class_softmax,case_007_concrete_block,candidate_002_concrete_block,0.09219517558813095,0.00819159485399723,0.8996132016181946
original_control,mean_embedding_class_softmax,case_007_timber,candidate_001_timber,0.0912611111998558,0.007789552211761475,0.9009493589401245
original_control,mean_embedding_class_softmax,case_007_timber,candidate_003_timber,0.7827686667442322,0.111421138048172,0.10581021010875702
original_control,mean_embedding_class_softmax,case_007_timber,candidate_002_timber,0.1362372636795044,0.8578445315361023,0.005918187089264393
original_control,mean_embedding_class_softmax,case_008_brick,candidate_001_brick,0.8016538619995117,0.12046415358781815,0.07788200676441193
original_control,mean_embedding_class_softmax,case_008_brick,candidate_002_brick,0.3704487085342407,0.43260473012924194,0.19694657623767853
original_control,mean_embedding_class_softmax,case_008_brick,candidate_003_brick,0.12477149069309235,0.04590139165520668,0.8293271064758301
original_control,mean_embedding_class_softmax,case_008_concrete_block,candidate_003_concrete_block,0.37044796347618103,0.43260467052459717,0.19694729149341583
original_control,mean_embedding_class_softmax,case_008_concrete_block,candidate_001_concrete_block,0.8016538619995117,0.12046415358781815,0.07788200676441193
original_control,mean_embedding_class_softmax,case_008_concrete_block,candidate_002_concrete_block,0.12477145344018936,0.04590164124965668,0.829326868057251
original_control,mean_embedding_class_softmax,case_008_timber,candidate_002_timber,0.12175480276346207,0.04555279761552811,0.8326923847198486
original_control,mean_embedding_class_softmax,case_008_timber,candidate_003_timber,0.37337014079093933,0.4243081212043762,0.20232175290584564
original_control,mean_embedding_class_softmax,case_008_timber,candidate_001_timber,0.8016538619995117,0.12046415358781815,0.07788200676441193
original_control,mean_embedding_class_softmax,case_009_brick,candidate_001_brick,0.25720593333244324,0.7092911005020142,0.03350298851728439
original_control,mean_embedding_class_softmax,case_009_brick,candidate_002_brick,0.21584531664848328,0.5343812704086304,0.24977344274520874
original_control,mean_embedding_class_softmax,case_009_concrete_block,candidate_001_concrete_block,0.25720521807670593,0.7092918753623962,0.03350289911031723
original_control,mean_embedding_class_softmax,case_009_concrete_block,candidate_003_concrete_block,0.21584509313106537,0.5343817472457886,0.24977318942546844
original_control,mean_embedding_class_softmax,case_009_concrete_block,candidate_002_concrete_block,0.002378341741859913,0.004512369632720947,0.9931092262268066
original_control,mean_embedding_class_softmax,case_009_timber,candidate_002_timber,0.0024050765205174685,0.0047156428918242455,0.992879331111908
original_control,mean_embedding_class_softmax,case_009_timber,candidate_001_timber,0.25720518827438354,0.7092918157577515,0.03350302204489708
original_control,mean_embedding_class_softmax,case_010_brick,candidate_001_brick,0.2462242990732193,0.5982135534286499,0.15556210279464722
original_control,mean_embedding_class_softmax,case_010_brick,candidate_002_brick,0.2635052800178528,0.11357521265745163,0.622919499874115
original_control,mean_embedding_class_softmax,case_010_brick,candidate_003_brick,0.06157352775335312,0.7648205161094666,0.17360597848892212
original_control,mean_embedding_class_softmax,case_010_concrete_block,candidate_002_concrete_block,0.2462245374917984,0.5982129573822021,0.15556253492832184
original_control,mean_embedding_class_softmax,case_010_concrete_block,candidate_001_concrete_block,0.06157330796122551,0.7648206949234009,0.1736060231924057
original_control,mean_embedding_class_softmax,case_010_timber,candidate_003_timber,0.2635052800178528,0.11357521265745163,0.622919499874115
original_control,mean_embedding_class_softmax,case_010_timber,candidate_001_timber,0.06157330796122551,0.7648206949234009,0.1736060231924057
original_control,mean_embedding_class_softmax,case_010_timber,candidate_002_timber,0.2462242990732193,0.5982135534286499,0.15556210279464722
original_control,mean_embedding_class_softmax,case_011_brick,candidate_002_brick,0.8218997716903687,0.04385269433259964,0.13424748182296753
original_control,mean_embedding_class_softmax,case_011_brick,candidate_001_brick,0.19810418784618378,0.40158531069755554,0.4003104865550995
original_control,mean_embedding_class_softmax,case_011_brick,candidate_003_brick,0.03663111850619316,0.0028066758532077074,0.9605622291564941
original_control,mean_embedding_class_softmax,case_011_concrete_block,candidate_001_concrete_block,0.19810403883457184,0.40158501267433167,0.4003109633922577
original_control,mean_embedding_class_softmax,case_011_concrete_block,candidate_002_concrete_block,0.03663111850619316,0.0028066651429980993,0.9605622291564941
original_control,mean_embedding_class_softmax,case_011_timber,candidate_001_timber,0.03663111850619316,0.0028066651429980993,0.9605622291564941
original_control,mean_embedding_class_softmax,case_011_timber,candidate_002_timber,0.19810418784618378,0.40158531069755554,0.4003104865550995
original_control,mean_embedding_class_softmax,case_011_timber,candidate_003_timber,0.8358474969863892,0.041007690131664276,0.12314485013484955
original_control,mean_embedding_class_softmax,case_012_brick,candidate_001_brick,0.8791863322257996,0.035106465220451355,0.08570718765258789
original_control,mean_embedding_class_softmax,case_012_brick,candidate_002_brick,0.13247045874595642,0.3221963942050934,0.5453331470489502
original_control,mean_embedding_class_softmax,case_012_concrete_block,candidate_002_concrete_block,0.1324704885482788,0.32219523191452026,0.5453342795372009
original_control,mean_embedding_class_softmax,case_012_concrete_block,candidate_001_concrete_block,0.8791864514350891,0.035106536000967026,0.08570703864097595
original_control,mean_embedding_class_softmax,case_012_timber,candidate_002_timber,0.15656769275665283,0.0554615780711174,0.7879707217216492
original_control,mean_embedding_class_softmax,case_012_timber,candidate_003_timber,0.13247045874595642,0.3221963942050934,0.5453331470489502
original_control,mean_embedding_class_softmax,case_012_timber,candidate_001_timber,0.8791863322257996,0.035106465220451355,0.08570718765258789
original_control,mean_embedding_class_softmax,TS_F01,candidate_001_concrete_block,0.20382215082645416,0.6772316694259644,0.11894624680280685
original_control,mean_embedding_class_softmax,TS_F01,candidate_002_concrete_block,0.13004668056964874,0.31379610300064087,0.5561571717262268
original_control,mean_embedding_class_softmax,TS_F02,candidate_001_timber,0.4063444435596466,0.21000689268112183,0.3836486041545868
original_control,mean_embedding_class_softmax,TS_F02,candidate_002_timber,0.05396566167473793,0.898634672164917,0.047399695962667465
original_control,mean_embedding_class_softmax,TS_F03,candidate_002_brick,0.04992968589067459,0.04265860468149185,0.9074117541313171
original_control,mean_embedding_class_softmax,TS_F03,candidate_001_brick,0.09090600907802582,0.7887080907821655,0.12038588523864746
original_control,mean_embedding_class_softmax,TS_F05,candidate_001_concrete_block,0.7002894878387451,0.03960639238357544,0.26010411977767944
original_control,mean_embedding_class_softmax,TS_F05,candidate_002_concrete_block,0.06307009607553482,0.018765997141599655,0.9181638956069946
original_control,mean_embedding_class_softmax,TS_F06,candidate_002_timber,0.20294024050235748,0.47337090969085693,0.3236888647079468
original_control,mean_embedding_class_softmax,TS_F06,candidate_001_timber,0.6606094837188721,0.040504418313503265,0.29888609051704407
original_control,mean_embedding_class_softmax,TS_F07,candidate_001_brick,0.289429634809494,0.5462717413902283,0.16429856419563293
original_control,mean_embedding_class_softmax,TS_F07,candidate_002_brick,0.028598200529813766,0.00606377050280571,0.9653380513191223
original_control,mean_embedding_class_softmax,TS_F09,candidate_001_concrete_block,0.21561303734779358,0.6941990256309509,0.0901879295706749
original_control,mean_embedding_class_softmax,TS_F09,candidate_002_concrete_block,0.014051827602088451,0.000667939311824739,0.9852802157402039
original_control,mean_embedding_class_softmax,TS_F10,candidate_002_timber,0.15289437770843506,0.5448262095451355,0.30227941274642944
original_control,mean_embedding_class_softmax,TS_F10,candidate_001_timber,0.2914935052394867,0.5632515549659729,0.1452549248933792
original_control,mean_embedding_class_softmax,TS_F11,candidate_002_brick,0.2319057434797287,0.5075509548187256,0.26054325699806213
original_control,mean_embedding_class_softmax,TS_F11,candidate_001_brick,0.09501618146896362,0.035291533917188644,0.8696922659873962
original_with_distractors,max_prompt_softmax,old_1,candidate_001_brick,0.10523959249258041,0.1617356687784195,0.04542384669184685
original_with_distractors,max_prompt_softmax,old_1,candidate_002_brick,0.022998742759227753,0.03320218250155449,0.214079812169075
original_with_distractors,max_prompt_softmax,old_2,candidate_002_timber,0.025854529812932014,0.03539176657795906,0.2273150086402893
original_with_distractors,max_prompt_softmax,old_2,candidate_001_timber,0.05480014160275459,0.1726950854063034,0.03273739293217659
original_with_distractors,max_prompt_softmax,old_3,candidate_001_brick,0.17328380048274994,0.04308474436402321,0.09007008373737335
original_with_distractors,max_prompt_softmax,old_3,candidate_002_brick,0.02548021823167801,0.450965940952301,0.030436092987656593
original_with_distractors,max_prompt_softmax,old_4,candidate_002_concrete_block,0.03116382472217083,0.540634274482727,0.019857807084918022
original_with_distractors,max_prompt_softmax,old_4,candidate_001_concrete_block,0.14928153157234192,0.03854786604642868,0.16100995242595673
original_with_distractors,max_prompt_softmax,old_5,candidate_001_timber,0.038820575922727585,0.01846776157617569,0.4052749574184418
original_with_distractors,max_prompt_softmax,old_5,candidate_002_timber,0.025993265211582184,0.285335510969162,0.04786970093846321
original_with_distractors,max_prompt_softmax,old_6,candidate_001_concrete_block,0.023191064596176147,0.30978918075561523,0.04040981084108353
original_with_distractors,max_prompt_softmax,old_6,candidate_002_concrete_block,0.047882892191410065,0.01682332716882229,0.3935849964618683
original_with_distractors,max_prompt_softmax,old_7,candidate_001_brick,0.3627762794494629,0.12056919932365417,0.012891804799437523
original_with_distractors,max_prompt_softmax,old_7,candidate_003_brick,0.044599857181310654,0.2532099485397339,0.05944319814443588
original_with_distractors,max_prompt_softmax,old_7,candidate_002_brick,0.026301851496100426,0.043093811720609665,0.3848403990268707
original_with_distractors,max_prompt_softmax,old_8,candidate_002_timber,0.046539466828107834,0.07289289683103561,0.23658867180347443
original_with_distractors,max_prompt_softmax,old_8,candidate_003_timber,0.026913242414593697,0.45246246457099915,0.027464689686894417
original_with_distractors,max_prompt_softmax,old_8,candidate_001_timber,0.5007355809211731,0.08585713803768158,0.007211162708699703
original_with_distractors,max_prompt_softmax,old_9,candidate_002_concrete_block,0.03381761163473129,0.46830302476882935,0.031756289303302765
original_with_distractors,max_prompt_softmax,old_9,candidate_003_concrete_block,0.03892512992024422,0.09448155015707016,0.2546403110027313
original_with_distractors,max_prompt_softmax,old_9,candidate_001_concrete_block,0.42088887095451355,0.08345231413841248,0.016956370323896408
original_with_distractors,max_prompt_softmax,old_10,candidate_001_brick,0.09468630701303482,0.008529182523488998,0.011621378362178802
original_with_distractors,max_prompt_softmax,old_10,candidate_002_brick,0.025180965662002563,0.008296740241348743,0.6106761693954468
original_with_distractors,max_prompt_softmax,old_11,candidate_002_timber,0.0022627038415521383,0.0019440320320427418,0.916215181350708
original_with_distractors,max_prompt_softmax,old_11,candidate_001_timber,0.15412133932113647,0.014008350670337677,0.013933977112174034
original_with_distractors,max_prompt_softmax,old_12,candidate_001_brick,0.14614510536193848,0.021495187655091286,0.05652016028761864
original_with_distractors,max_prompt_softmax,old_12,candidate_002_brick,0.056951653212308884,0.2117960900068283,0.15982848405838013
original_with_distractors,max_prompt_softmax,old_13,candidate_001_concrete_block,0.06338215619325638,0.2459353804588318,0.11063040047883987
original_with_distractors,max_prompt_softmax,old_13,candidate_002_concrete_block,0.11560338735580444,0.01368794310837984,0.045375797897577286
original_with_distractors,max_prompt_softmax,old_14,candidate_001_timber,0.014873059466481209,0.0015546830836683512,0.7297512292861938
original_with_distractors,max_prompt_softmax,old_14,candidate_002_timber,0.0584518127143383,0.11043272167444229,0.06914381682872772
original_with_distractors,max_prompt_softmax,old_15,candidate_001_concrete_block,0.0748925730586052,0.09142015874385834,0.10472439974546432
original_with_distractors,max_prompt_softmax,old_15,candidate_002_concrete_block,0.018502745777368546,0.0015657668700441718,0.7478958964347839
original_with_distractors,max_prompt_softmax,old_16,candidate_001_brick,0.1317521631717682,0.02878366969525814,0.025317145511507988
original_with_distractors,max_prompt_softmax,old_16,candidate_003_brick,0.04178324341773987,0.12186556309461594,0.05854025483131409
original_with_distractors,max_prompt_softmax,old_16,candidate_002_brick,0.012324600480496883,0.003194373333826661,0.8348003029823303
original_with_distractors,max_prompt_softmax,old_17,candidate_002_timber,0.030343016609549522,0.003627386409789324,0.7397969961166382
original_with_distractors,max_prompt_softmax,old_17,candidate_003_timber,0.05976860597729683,0.16899597644805908,0.09169577062129974
original_with_distractors,max_prompt_softmax,old_17,candidate_001_timber,0.18838812410831451,0.04167487472295761,0.030941501259803772
original_with_distractors,max_prompt_softmax,old_18,candidate_002_concrete_block,0.0918554961681366,0.09952940791845322,0.09669600427150726
original_with_distractors,max_prompt_softmax,old_18,candidate_003_concrete_block,0.10890809446573257,0.01597810722887516,0.02813824824988842
original_with_distractors,max_prompt_softmax,old_18,candidate_001_concrete_block,0.046960245817899704,0.008184378035366535,0.6674298048019409
original_with_distractors,max_prompt_softmax,old_19,candidate_001_brick,0.09332171827554703,0.23841629922389984,0.023712821304798126
original_with_distractors,max_prompt_softmax,old_19,candidate_002_brick,0.015689479187130928,0.0027093570679426193,0.7378526329994202
original_with_distractors,max_prompt_softmax,old_20,candidate_002_timber,0.009221681393682957,0.002146792598068714,0.7213572859764099
original_with_distractors,max_prompt_softmax,old_20,candidate_001_timber,0.0926128625869751,0.20102159678936005,0.026941444724798203
original_with_distractors,max_prompt_softmax,old_21,candidate_001_brick,0.12141846120357513,0.10170834511518478,0.06181478500366211
original_with_distractors,max_prompt_softmax,old_21,candidate_002_brick,0.03933153301477432,0.15167656540870667,0.08150343596935272
original_with_distractors,max_prompt_softmax,old_22,candidate_002_concrete_block,0.04730977863073349,0.2391251027584076,0.08329376578330994
original_with_distractors,max_prompt_softmax,old_22,candidate_001_concrete_block,0.10709147900342941,0.11455213278532028,0.10543601214885712
original_with_distractors,max_prompt_softmax,old_23,candidate_001_timber,0.055981192737817764,0.015000751242041588,0.4122430384159088
original_with_distractors,max_prompt_softmax,old_23,candidate_002_timber,0.04625529795885086,0.13006560504436493,0.13561932742595673
original_with_distractors,max_prompt_softmax,old_24,candidate_002_concrete_block,0.048006732016801834,0.10258238762617111,0.14233002066612244
original_with_distractors,max_prompt_softmax,old_24,candidate_001_concrete_block,0.05333903059363365,0.014393073506653309,0.44838783144950867
original_with_distractors,max_prompt_softmax,old_25,candidate_001_brick,0.1091628298163414,0.2188473492860794,0.012585618533194065
original_with_distractors,max_prompt_softmax,old_25,candidate_002_brick,0.06159937009215355,0.026664094999432564,0.33287158608436584
original_with_distractors,max_prompt_softmax,old_25,candidate_003_brick,0.04208549112081528,0.17285139858722687,0.11215777695178986
original_with_distractors,max_prompt_softmax,old_26,candidate_002_timber,0.05077332258224487,0.01833648420870304,0.45630887150764465
original_with_distractors,max_prompt_softmax,old_26,candidate_003_timber,0.03457996994256973,0.19195115566253662,0.06457395106554031
original_with_distractors,max_prompt_softmax,old_26,candidate_001_timber,0.1069817841053009,0.16038134694099426,0.012270218692719936
original_with_distractors,max_prompt_softmax,old_27,candidate_003_concrete_block,0.046429384499788284,0.1923314332962036,0.08770710229873657
original_with_distractors,max_prompt_softmax,old_27,candidate_001_concrete_block,0.1832725554704666,0.12855198979377747,0.03064579889178276
original_with_distractors,max_prompt_softmax,old_27,candidate_002_concrete_block,0.05974944680929184,0.02243717573583126,0.41820117831230164
original_with_distractors,max_prompt_softmax,case_001_brick,candidate_002_brick,0.36208048462867737,0.07339783757925034,0.006321579683572054
original_with_distractors,max_prompt_softmax,case_001_brick,candidate_001_brick,0.0778714269399643,0.16874776780605316,0.10772719979286194
original_with_distractors,max_prompt_softmax,case_001_brick,candidate_003_brick,0.045600179582834244,0.12287088483572006,0.1977316290140152
original_with_distractors,max_prompt_softmax,case_001_concrete_block,candidate_001_concrete_block,0.0778714269399643,0.16874776780605316,0.10772719979286194
original_with_distractors,max_prompt_softmax,case_001_concrete_block,candidate_002_concrete_block,0.045600179582834244,0.12287088483572006,0.1977316290140152
original_with_distractors,max_prompt_softmax,case_001_concrete_block,candidate_003_concrete_block,0.36207979917526245,0.07339783757925034,0.006321592256426811
original_with_distractors,max_prompt_softmax,case_001_timber,candidate_003_timber,0.045600179582834244,0.12287088483572006,0.1977316290140152
original_with_distractors,max_prompt_softmax,case_001_timber,candidate_001_timber,0.07787159085273743,0.16874746978282928,0.10772701352834702
original_with_distractors,max_prompt_softmax,case_001_timber,candidate_002_timber,0.36208048462867737,0.07339783757925034,0.006321579683572054
original_with_distractors,max_prompt_softmax,case_002_brick,candidate_001_brick,0.22599996626377106,0.16991016268730164,0.005489889997988939
original_with_distractors,max_prompt_softmax,case_002_brick,candidate_002_brick,0.08304713666439056,0.05728823319077492,0.27326518297195435
original_with_distractors,max_prompt_softmax,case_002_brick,candidate_003_brick,0.010462217032909393,0.0003273734182585031,0.4511185884475708
original_with_distractors,max_prompt_softmax,case_002_concrete_block,candidate_001_concrete_block,0.22599996626377106,0.16991016268730164,0.005489889997988939
original_with_distractors,max_prompt_softmax,case_002_concrete_block,candidate_002_concrete_block,0.08304713666439056,0.05728823319077492,0.27326518297195435
original_with_distractors,max_prompt_softmax,case_002_concrete_block,candidate_003_concrete_block,0.010462217032909393,0.0003273734182585031,0.4511185884475708
original_with_distractors,max_prompt_softmax,case_002_timber,candidate_002_timber,0.010462169535458088,0.0003273719339631498,0.45111826062202454
original_with_distractors,max_prompt_softmax,case_002_timber,candidate_003_timber,0.08304745703935623,0.057288020849227905,0.27326521277427673
original_with_distractors,max_prompt_softmax,case_002_timber,candidate_001_timber,0.22599996626377106,0.16991016268730164,0.005489889997988939
original_with_distractors,max_prompt_softmax,case_003_brick,candidate_001_brick,0.2244313657283783,0.09195075184106827,0.026607833802700043
original_with_distractors,max_prompt_softmax,case_003_concrete_block,candidate_001_concrete_block,0.2244313657283783,0.09195075184106827,0.026607833802700043
original_with_distractors,max_prompt_softmax,case_003_concrete_block,candidate_002_concrete_block,0.03656071424484253,0.039325203746557236,0.6100296378135681
original_with_distractors,max_prompt_softmax,case_003_timber,candidate_002_timber,0.03656071424484253,0.039325203746557236,0.6100296378135681
original_with_distractors,max_prompt_softmax,case_003_timber,candidate_001_timber,0.2244313657283783,0.09195075184106827,0.026607833802700043
original_with_distractors,max_prompt_softmax,case_004_brick,candidate_001_brick,0.16961094737052917,0.011192474514245987,0.016305407509207726
original_with_distractors,max_prompt_softmax,case_004_concrete_block,candidate_001_concrete_block,0.014534366317093372,0.25604355335235596,0.012623774819076061
original_with_distractors,max_prompt_softmax,case_004_concrete_block,candidate_003_concrete_block,0.03514730557799339,0.08251480758190155,0.28380391001701355
original_with_distractors,max_prompt_softmax,case_004_concrete_block,candidate_002_concrete_block,0.16961000859737396,0.011192542500793934,0.016305629163980484
original_with_distractors,max_prompt_softmax,case_004_timber,candidate_002_timber,0.03514730557799339,0.08251480758190155,0.28380391001701355
original_with_distractors,max_prompt_softmax,case_004_timber,candidate_001_timber,0.16961000859737396,0.011192542500793934,0.016305629163980484
original_with_distractors,max_prompt_softmax,case_005_brick,candidate_001_brick,0.06024100258946419,0.009724360890686512,0.018211420625448227
original_with_distractors,max_prompt_softmax,case_005_brick,candidate_003_brick,0.168969064950943,0.08255055546760559,0.058934252709150314
original_with_distractors,max_prompt_softmax,case_005_brick,candidate_002_brick,0.002302581910043955,0.001038401504047215,0.8944169878959656
original_with_distractors,max_prompt_softmax,case_005_concrete_block,candidate_003_concrete_block,0.16896943747997284,0.08255010843276978,0.058934275060892105
original_with_distractors,max_prompt_softmax,case_005_concrete_block,candidate_001_concrete_block,0.06024100258946419,0.009724360890686512,0.018211420625448227
original_with_distractors,max_prompt_softmax,case_005_concrete_block,candidate_002_concrete_block,0.0023025784175843,0.0010384038323536515,0.8944172859191895
original_with_distractors,max_prompt_softmax,case_005_timber,candidate_002_timber,0.0023025784175843,0.0010384038323536515,0.8944172859191895
original_with_distractors,max_prompt_softmax,case_005_timber,candidate_003_timber,0.168969064950943,0.08255055546760559,0.058934252709150314
original_with_distractors,max_prompt_softmax,case_005_timber,candidate_001_timber,0.06024100258946419,0.009724360890686512,0.018211420625448227
original_with_distractors,max_prompt_softmax,case_006_brick,candidate_001_brick,0.24134336411952972,0.050175491720438004,0.014086021110415459
original_with_distractors,max_prompt_softmax,case_006_brick,candidate_002_brick,0.2186078280210495,0.01091646309942007,0.2913852334022522
original_with_distractors,max_prompt_softmax,case_006_concrete_block,candidate_002_concrete_block,0.07181438058614731,0.08020371943712234,0.1143144890666008
original_with_distractors,max_prompt_softmax,case_006_concrete_block,candidate_001_concrete_block,0.24134336411952972,0.050175491720438004,0.014086021110415459
original_with_distractors,max_prompt_softmax,case_006_concrete_block,candidate_003_concrete_block,0.21860752999782562,0.010916531085968018,0.29138484597206116
original_with_distractors,max_prompt_softmax,case_006_timber,candidate_003_timber,0.21860752999782562,0.010916531085968018,0.29138484597206116
original_with_distractors,max_prompt_softmax,case_006_timber,candidate_002_timber,0.07181404531002045,0.08020363748073578,0.11431394517421722
original_with_distractors,max_prompt_softmax,case_006_timber,candidate_001_timber,0.24134336411952972,0.050175491720438004,0.014086021110415459
original_with_distractors,max_prompt_softmax,case_007_brick,candidate_001_brick,0.29653358459472656,0.031243205070495605,0.00905946921557188
original_with_distractors,max_prompt_softmax,case_007_concrete_block,candidate_001_concrete_block,0.09707333147525787,0.20184141397476196,0.003532147966325283
original_with_distractors,max_prompt_softmax,case_007_concrete_block,candidate_003_concrete_block,0.2807023227214813,0.02954554371535778,0.011401558294892311
original_with_distractors,max_prompt_softmax,case_007_concrete_block,candidate_002_concrete_block,0.050969842821359634,0.002630195114761591,0.7079719305038452
original_with_distractors,max_prompt_softmax,case_007_timber,candidate_001_timber,0.05142218992114067,0.002588036935776472,0.7079980969429016
original_with_distractors,max_prompt_softmax,case_007_timber,candidate_003_timber,0.24886445701122284,0.02933865413069725,0.012842264957726002
original_with_distractors,max_prompt_softmax,case_007_timber,candidate_002_timber,0.0951499193906784,0.2026543766260147,0.003585400525480509
original_with_distractors,max_prompt_softmax,case_008_brick,candidate_001_brick,0.23014973104000092,0.0815378725528717,0.027630599215626717
original_with_distractors,max_prompt_softmax,case_008_brick,candidate_002_brick,0.09423962980508804,0.20612075924873352,0.1265634298324585
original_with_distractors,max_prompt_softmax,case_008_brick,candidate_003_brick,0.060730721801519394,0.012250680476427078,0.3757331967353821
original_with_distractors,max_prompt_softmax,case_008_concrete_block,candidate_003_concrete_block,0.09423993527889252,0.20612062513828278,0.12656335532665253
original_with_distractors,max_prompt_softmax,case_008_concrete_block,candidate_001_concrete_block,0.23014973104000092,0.0815378725528717,0.027630599215626717
original_with_distractors,max_prompt_softmax,case_008_concrete_block,candidate_002_concrete_block,0.0607307143509388,0.012250677682459354,0.3757345974445343
original_with_distractors,max_prompt_softmax,case_008_timber,candidate_002_timber,0.05952701345086098,0.012405352666974068,0.38650041818618774
original_with_distractors,max_prompt_softmax,case_008_timber,candidate_003_timber,0.09323523193597794,0.19765664637088776,0.12920011579990387
original_with_distractors,max_prompt_softmax,case_008_timber,candidate_001_timber,0.23014973104000092,0.0815378725528717,0.027630599215626717
original_with_distractors,max_prompt_softmax,case_009_brick,candidate_001_brick,0.06636333465576172,0.16409145295619965,0.01357019692659378
original_with_distractors,max_prompt_softmax,case_009_brick,candidate_002_brick,0.05415501818060875,0.10676317662000656,0.10184597223997116
original_with_distractors,max_prompt_softmax,case_009_concrete_block,candidate_001_concrete_block,0.06636355072259903,0.16409164667129517,0.013570188544690609
original_with_distractors,max_prompt_softmax,case_009_concrete_block,candidate_003_concrete_block,0.05415521189570427,0.10676315426826477,0.10184575617313385
original_with_distractors,max_prompt_softmax,case_009_concrete_block,candidate_002_concrete_block,0.0003952262341044843,0.0005824132822453976,0.9745364189147949
original_with_distractors,max_prompt_softmax,case_009_timber,candidate_002_timber,0.0004069444548804313,0.0006355573423206806,0.9741533398628235
original_with_distractors,max_prompt_softmax,case_009_timber,candidate_001_timber,0.06636400520801544,0.16409249603748322,0.013570178300142288
original_with_distractors,max_prompt_softmax,case_010_brick,candidate_001_brick,0.026898030191659927,0.05576075613498688,0.009192846715450287
original_with_distractors,max_prompt_softmax,case_010_brick,candidate_002_brick,0.09149940311908722,0.031575120985507965,0.3955366909503937
original_with_distractors,max_prompt_softmax,case_010_brick,candidate_003_brick,0.02653445117175579,0.11551835387945175,0.07086361199617386
original_with_distractors,max_prompt_softmax,case_010_concrete_block,candidate_002_concrete_block,0.02689816989004612,0.055760834366083145,0.009192859753966331
original_with_distractors,max_prompt_softmax,case_010_concrete_block,candidate_001_concrete_block,0.026534458622336388,0.11551816016435623,0.07086364179849625
original_with_distractors,max_prompt_softmax,case_010_timber,candidate_003_timber,0.09149940311908722,0.031575120985507965,0.3955366909503937
original_with_distractors,max_prompt_softmax,case_010_timber,candidate_001_timber,0.026534458622336388,0.11551816016435623,0.07086364179849625
original_with_distractors,max_prompt_softmax,case_010_timber,candidate_002_timber,0.026898030191659927,0.05576075613498688,0.009192846715450287
original_with_distractors,max_prompt_softmax,case_011_brick,candidate_002_brick,0.08592995256185532,0.012082539498806,0.029003087431192398
original_with_distractors,max_prompt_softmax,case_011_brick,candidate_001_brick,0.05588323995471001,0.09587068855762482,0.1503269076347351
original_with_distractors,max_prompt_softmax,case_011_brick,candidate_003_brick,0.018391411751508713,0.0007045571692287922,0.791654646396637
original_with_distractors,max_prompt_softmax,case_011_concrete_block,candidate_001_concrete_block,0.05588334798812866,0.09587050974369049,0.1503271907567978
original_with_distractors,max_prompt_softmax,case_011_concrete_block,candidate_002_concrete_block,0.018391473218798637,0.0007045581587590277,0.7916542291641235
original_with_distractors,max_prompt_softmax,case_011_timber,candidate_001_timber,0.018391473218798637,0.0007045581587590277,0.7916542291641235
original_with_distractors,max_prompt_softmax,case_011_timber,candidate_002_timber,0.05588323995471001,0.09587068855762482,0.1503269076347351
original_with_distractors,max_prompt_softmax,case_011_timber,candidate_003_timber,0.08341500908136368,0.011236298829317093,0.025599012151360512
original_with_distractors,max_prompt_softmax,case_012_brick,candidate_001_brick,0.18881894648075104,0.012577855959534645,0.038808196783065796
original_with_distractors,max_prompt_softmax,case_012_brick,candidate_002_brick,0.06590747833251953,0.07481897622346878,0.22927707433700562
original_with_distractors,max_prompt_softmax,case_012_concrete_block,candidate_002_concrete_block,0.06590737402439117,0.07481914013624191,0.22927802801132202
original_with_distractors,max_prompt_softmax,case_012_concrete_block,candidate_001_concrete_block,0.18881875276565552,0.012577866204082966,0.03880830109119415
original_with_distractors,max_prompt_softmax,case_012_timber,candidate_002_timber,0.03037061169743538,0.0068593439646065235,0.6406887769699097
original_with_distractors,max_prompt_softmax,case_012_timber,candidate_003_timber,0.06590747833251953,0.07481897622346878,0.22927707433700562
original_with_distractors,max_prompt_softmax,case_012_timber,candidate_001_timber,0.18881894648075104,0.012577855959534645,0.038808196783065796
original_with_distractors,max_prompt_softmax,TS_F01,candidate_001_concrete_block,0.10523959249258041,0.1617356687784195,0.04542384669184685
original_with_distractors,max_prompt_softmax,TS_F01,candidate_002_concrete_block,0.022998742759227753,0.03320218250155449,0.214079812169075
original_with_distractors,max_prompt_softmax,TS_F02,candidate_001_timber,0.17328380048274994,0.04308474436402321,0.09007008373737335
original_with_distractors,max_prompt_softmax,TS_F02,candidate_002_timber,0.025480186566710472,0.45096537470817566,0.03043617308139801
original_with_distractors,max_prompt_softmax,TS_F03,candidate_002_brick,0.0388207733631134,0.01846778579056263,0.40527471899986267
original_with_distractors,max_prompt_softmax,TS_F03,candidate_001_brick,0.025993265211582184,0.285335510969162,0.04786970093846321
original_with_distractors,max_prompt_softmax,TS_F05,candidate_001_concrete_block,0.09468630701303482,0.008529182523488998,0.011621378362178802
original_with_distractors,max_prompt_softmax,TS_F05,candidate_002_concrete_block,0.025180844590067863,0.00829674769192934,0.6106767058372498
original_with_distractors,max_prompt_softmax,TS_F06,candidate_002_timber,0.056951653212308884,0.2117960900068283,0.15982848405838013
original_with_distractors,max_prompt_softmax,TS_F06,candidate_001_timber,0.14614510536193848,0.021495187655091286,0.05652016028761864
original_with_distractors,max_prompt_softmax,TS_F07,candidate_001_brick,0.05845167860388756,0.11043330281972885,0.06914378702640533
original_with_distractors,max_prompt_softmax,TS_F07,candidate_002_brick,0.014873051084578037,0.0015546850627288222,0.7297508120536804
original_with_distractors,max_prompt_softmax,TS_F09,candidate_001_concrete_block,0.09332162886857986,0.2384142428636551,0.023712389171123505
original_with_distractors,max_prompt_softmax,TS_F09,candidate_002_concrete_block,0.015689590945839882,0.002709386870265007,0.7378523349761963
original_with_distractors,max_prompt_softmax,TS_F10,candidate_002_timber,0.039331577718257904,0.15167616307735443,0.08150368183851242
original_with_distractors,max_prompt_softmax,TS_F10,candidate_001_timber,0.1214185506105423,0.10170862078666687,0.06181506812572479
original_with_distractors,max_prompt_softmax,TS_F11,candidate_002_brick,0.04625529795885086,0.13006560504436493,0.13561932742595673
original_with_distractors,max_prompt_softmax,TS_F11,candidate_001_brick,0.055981192737817764,0.015000751242041588,0.4122430384159088
original_with_distractors,mean_embedding_class_softmax,old_1,candidate_001_brick,0.120709128677845,0.401070773601532,0.07044326514005661
original_with_distractors,mean_embedding_class_softmax,old_1,candidate_002_brick,0.044136952608823776,0.10649963468313217,0.18875305354595184
original_with_distractors,mean_embedding_class_softmax,old_2,candidate_002_timber,0.05152326449751854,0.09944106638431549,0.21458162367343903
original_with_distractors,mean_embedding_class_softmax,old_2,candidate_001_timber,0.07694961130619049,0.34917837381362915,0.04888976737856865
original_with_distractors,mean_embedding_class_softmax,old_3,candidate_001_brick,0.14837202429771423,0.07668204605579376,0.14008596539497375
original_with_distractors,mean_embedding_class_softmax,old_3,candidate_002_brick,0.03777303546667099,0.6289954781532288,0.033176518976688385
original_with_distractors,mean_embedding_class_softmax,old_4,candidate_002_concrete_block,0.041244834661483765,0.6650107502937317,0.031133415177464485
original_with_distractors,mean_embedding_class_softmax,old_4,candidate_001_concrete_block,0.1466900259256363,0.04943506047129631,0.19581131637096405
original_with_distractors,mean_embedding_class_softmax,old_5,candidate_001_timber,0.041211485862731934,0.035210542380809784,0.7489732503890991
original_with_distractors,mean_embedding_class_softmax,old_5,candidate_002_timber,0.03031568042933941,0.26302286982536316,0.04014742746949196
original_with_distractors,mean_embedding_class_softmax,old_6,candidate_001_concrete_block,0.022233884781599045,0.2539277672767639,0.028374990448355675
original_with_distractors,mean_embedding_class_softmax,old_6,candidate_002_concrete_block,0.05361515283584595,0.030033474788069725,0.730918824672699
original_with_distractors,mean_embedding_class_softmax,old_7,candidate_001_brick,0.3677259385585785,0.1140981912612915,0.032394107431173325
original_with_distractors,mean_embedding_class_softmax,old_7,candidate_003_brick,0.03307135030627251,0.24871943891048431,0.04015655815601349
original_with_distractors,mean_embedding_class_softmax,old_7,candidate_002_brick,0.05308037996292114,0.07738204300403595,0.6361975073814392
original_with_distractors,mean_embedding_class_softmax,old_8,candidate_002_timber,0.05564883351325989,0.11612312495708466,0.42805707454681396
original_with_distractors,mean_embedding_class_softmax,old_8,candidate_003_timber,0.029480161145329475,0.36271336674690247,0.02983301505446434
original_with_distractors,mean_embedding_class_softmax,old_8,candidate_001_timber,0.391567587852478,0.1039384976029396,0.02624410204589367
original_with_distractors,mean_embedding_class_softmax,old_9,candidate_002_concrete_block,0.03320622444152832,0.37704187631607056,0.03272441402077675
original_with_distractors,mean_embedding_class_softmax,old_9,candidate_003_concrete_block,0.05724656209349632,0.16683875024318695,0.42773041129112244
original_with_distractors,mean_embedding_class_softmax,old_9,candidate_001_concrete_block,0.3672425448894501,0.09404156357049942,0.045407578349113464
original_with_distractors,mean_embedding_class_softmax,old_10,candidate_001_brick,0.10611188411712646,0.006001364905387163,0.039412468671798706
original_with_distractors,mean_embedding_class_softmax,old_10,candidate_002_brick,0.06124616041779518,0.018223267048597336,0.8915978074073792
original_with_distractors,mean_embedding_class_softmax,old_11,candidate_002_timber,0.014879412017762661,0.007448519580066204,0.9609665870666504
original_with_distractors,mean_embedding_class_softmax,old_11,candidate_001_timber,0.26730239391326904,0.009013062343001366,0.032177992165088654
original_with_distractors,mean_embedding_class_softmax,old_12,candidate_001_brick,0.22621512413024902,0.013869903050363064,0.10234953463077545
original_with_distractors,mean_embedding_class_softmax,old_12,candidate_002_brick,0.11271511018276215,0.2629131078720093,0.17977946996688843
original_with_distractors,mean_embedding_class_softmax,old_13,candidate_001_concrete_block,0.10506543517112732,0.22005288302898407,0.14155638217926025
original_with_distractors,mean_embedding_class_softmax,old_13,candidate_002_concrete_block,0.15964636206626892,0.01021892111748457,0.09170063585042953
original_with_distractors,mean_embedding_class_softmax,old_14,candidate_001_timber,0.025726137682795525,0.005454765632748604,0.8683925867080688
original_with_distractors,mean_embedding_class_softmax,old_14,candidate_002_timber,0.1196063831448555,0.22574816644191742,0.06789601594209671
original_with_distractors,mean_embedding_class_softmax,old_15,candidate_001_concrete_block,0.1341644823551178,0.2180996686220169,0.09721814095973969
original_with_distractors,mean_embedding_class_softmax,old_15,candidate_002_concrete_block,0.03282386064529419,0.0075608352199196815,0.8697780966758728
original_with_distractors,mean_embedding_class_softmax,old_16,candidate_001_brick,0.15393158793449402,0.024037353694438934,0.05893711745738983
original_with_distractors,mean_embedding_class_softmax,old_16,candidate_003_brick,0.06359633803367615,0.22092130780220032,0.06394212692975998
original_with_distractors,mean_embedding_class_softmax,old_16,candidate_002_brick,0.03505528345704079,0.01674237847328186,0.8677543997764587
original_with_distractors,mean_embedding_class_softmax,old_17,candidate_002_timber,0.07559177279472351,0.01703677698969841,0.7621680498123169
original_with_distractors,mean_embedding_class_softmax,old_17,candidate_003_timber,0.09301862865686417,0.2786717414855957,0.08985666185617447
original_with_distractors,mean_embedding_class_softmax,old_17,candidate_001_timber,0.21748149394989014,0.028639618307352066,0.05760762840509415
original_with_distractors,mean_embedding_class_softmax,old_18,candidate_002_concrete_block,0.13440847396850586,0.19780464470386505,0.1113087385892868
original_with_distractors,mean_embedding_class_softmax,old_18,candidate_003_concrete_block,0.1211061030626297,0.012959245592355728,0.06003310903906822
original_with_distractors,mean_embedding_class_softmax,old_18,candidate_001_concrete_block,0.08542762696743011,0.03730149567127228,0.6644034385681152
original_with_distractors,mean_embedding_class_softmax,old_19,candidate_001_brick,0.14237555861473083,0.45839983224868774,0.059553492814302444
original_with_distractors,mean_embedding_class_softmax,old_19,candidate_002_brick,0.01353802066296339,0.000643514737021178,0.9492514133453369
original_with_distractors,mean_embedding_class_softmax,old_20,candidate_002_timber,0.0061120991595089436,0.00047865259693935513,0.9509086608886719
original_with_distractors,mean_embedding_class_softmax,old_20,candidate_001_timber,0.15569569170475006,0.4050295650959015,0.0641707256436348
original_with_distractors,mean_embedding_class_softmax,old_21,candidate_001_brick,0.14976099133491516,0.28938522934913635,0.07462795078754425
original_with_distractors,mean_embedding_class_softmax,old_21,candidate_002_brick,0.0359935499727726,0.12825998663902283,0.0711606815457344
original_with_distractors,mean_embedding_class_softmax,old_22,candidate_002_concrete_block,0.05225357040762901,0.312069296836853,0.07113177329301834
original_with_distractors,mean_embedding_class_softmax,old_22,candidate_001_concrete_block,0.1400831937789917,0.31018349528312683,0.14368443191051483
original_with_distractors,mean_embedding_class_softmax,old_23,candidate_001_timber,0.08238431811332703,0.030599432066082954,0.7540629506111145
original_with_distractors,mean_embedding_class_softmax,old_23,candidate_002_timber,0.0785403847694397,0.1718922108411789,0.08823949843645096
original_with_distractors,mean_embedding_class_softmax,old_24,candidate_002_concrete_block,0.08197645097970963,0.24061429500579834,0.0966091901063919
original_with_distractors,mean_embedding_class_softmax,old_24,candidate_001_concrete_block,0.06230824813246727,0.027358390390872955,0.7834312319755554
original_with_distractors,mean_embedding_class_softmax,old_25,candidate_001_brick,0.06549397110939026,0.18018220365047455,0.039480648934841156
original_with_distractors,mean_embedding_class_softmax,old_25,candidate_002_brick,0.09360850602388382,0.05950981006026268,0.5156546235084534
original_with_distractors,mean_embedding_class_softmax,old_25,candidate_003_brick,0.06057296320796013,0.11483245342969894,0.09565210342407227
original_with_distractors,mean_embedding_class_softmax,old_26,candidate_002_timber,0.07799354940652847,0.04649042338132858,0.7307838797569275
original_with_distractors,mean_embedding_class_softmax,old_26,candidate_003_timber,0.04250141605734825,0.09822099655866623,0.06031159684062004
original_with_distractors,mean_embedding_class_softmax,old_26,candidate_001_timber,0.07834020256996155,0.16323453187942505,0.03497100993990898
original_with_distractors,mean_embedding_class_softmax,old_27,candidate_003_concrete_block,0.06615418195724487,0.1116635650396347,0.07852587848901749
original_with_distractors,mean_embedding_class_softmax,old_27,candidate_001_concrete_block,0.12466974556446075,0.16719351708889008,0.09464568644762039
original_with_distractors,mean_embedding_class_softmax,old_27,candidate_002_concrete_block,0.09615965187549591,0.05329679697751999,0.6070885062217712
original_with_distractors,mean_embedding_class_softmax,case_001_brick,candidate_002_brick,0.5701239109039307,0.10836951434612274,0.016859477385878563
original_with_distractors,mean_embedding_class_softmax,case_001_brick,candidate_001_brick,0.21103443205356598,0.488521009683609,0.12179817259311676
original_with_distractors,mean_embedding_class_softmax,case_001_brick,candidate_003_brick,0.06454671174287796,0.5206011533737183,0.16909828782081604
original_with_distractors,mean_embedding_class_softmax,case_001_concrete_block,candidate_001_concrete_block,0.21103443205356598,0.488521009683609,0.12179817259311676
original_with_distractors,mean_embedding_class_softmax,case_001_concrete_block,candidate_002_concrete_block,0.06454671174287796,0.5206011533737183,0.16909828782081604
original_with_distractors,mean_embedding_class_softmax,case_001_concrete_block,candidate_003_concrete_block,0.5701236724853516,0.10836967825889587,0.016859566792845726
original_with_distractors,mean_embedding_class_softmax,case_001_timber,candidate_003_timber,0.06454671174287796,0.5206011533737183,0.16909828782081604
original_with_distractors,mean_embedding_class_softmax,case_001_timber,candidate_001_timber,0.21103401482105255,0.488521009683609,0.12179864197969437
original_with_distractors,mean_embedding_class_softmax,case_001_timber,candidate_002_timber,0.5701239109039307,0.10836951434612274,0.016859477385878563
original_with_distractors,mean_embedding_class_softmax,case_002_brick,candidate_001_brick,0.339443564414978,0.15906426310539246,0.012563275173306465
original_with_distractors,mean_embedding_class_softmax,case_002_brick,candidate_002_brick,0.08979415893554688,0.10768971592187881,0.27235040068626404
original_with_distractors,mean_embedding_class_softmax,case_002_brick,candidate_003_brick,0.006781524512916803,0.000553332210984081,0.9604494571685791
original_with_distractors,mean_embedding_class_softmax,case_002_concrete_block,candidate_001_concrete_block,0.339443564414978,0.15906426310539246,0.012563275173306465
original_with_distractors,mean_embedding_class_softmax,case_002_concrete_block,candidate_002_concrete_block,0.08979415893554688,0.10768971592187881,0.27235040068626404
original_with_distractors,mean_embedding_class_softmax,case_002_concrete_block,candidate_003_concrete_block,0.006781524512916803,0.000553332210984081,0.9604494571685791
original_with_distractors,mean_embedding_class_softmax,case_002_timber,candidate_002_timber,0.006781512405723333,0.0005533312796615064,0.9604495763778687
original_with_distractors,mean_embedding_class_softmax,case_002_timber,candidate_003_timber,0.08979424089193344,0.10769001394510269,0.27234962582588196
original_with_distractors,mean_embedding_class_softmax,case_002_timber,candidate_001_timber,0.339443564414978,0.15906426310539246,0.012563275173306465
original_with_distractors,mean_embedding_class_softmax,case_003_brick,candidate_001_brick,0.3707540035247803,0.11476883292198181,0.04519392549991608
original_with_distractors,mean_embedding_class_softmax,case_003_concrete_block,candidate_001_concrete_block,0.3707540035247803,0.11476883292198181,0.04519392549991608
original_with_distractors,mean_embedding_class_softmax,case_003_concrete_block,candidate_002_concrete_block,0.10283621400594711,0.14021261036396027,0.5501216650009155
original_with_distractors,mean_embedding_class_softmax,case_003_timber,candidate_002_timber,0.10283621400594711,0.14021261036396027,0.5501216650009155
original_with_distractors,mean_embedding_class_softmax,case_003_timber,candidate_001_timber,0.3707540035247803,0.11476883292198181,0.04519392549991608
original_with_distractors,mean_embedding_class_softmax,case_004_brick,candidate_001_brick,0.37297549843788147,0.01805105060338974,0.01909821107983589
original_with_distractors,mean_embedding_class_softmax,case_004_concrete_block,candidate_001_concrete_block,0.017791317775845528,0.8871213793754578,0.011051558889448643
original_with_distractors,mean_embedding_class_softmax,case_004_concrete_block,candidate_003_concrete_block,0.07119891792535782,0.2472779005765915,0.24689805507659912
original_with_distractors,mean_embedding_class_softmax,case_004_concrete_block,candidate_002_concrete_block,0.3729744255542755,0.018050894141197205,0.0190981924533844
original_with_distractors,mean_embedding_class_softmax,case_004_timber,candidate_002_timber,0.07119891792535782,0.2472779005765915,0.24689805507659912
original_with_distractors,mean_embedding_class_softmax,case_004_timber,candidate_001_timber,0.3729744255542755,0.018050894141197205,0.0190981924533844
original_with_distractors,mean_embedding_class_softmax,case_005_brick,candidate_001_brick,0.09283172339200974,0.008538820780813694,0.02011874131858349
original_with_distractors,mean_embedding_class_softmax,case_005_brick,candidate_003_brick,0.18659526109695435,0.1309385597705841,0.09557440876960754
original_with_distractors,mean_embedding_class_softmax,case_005_brick,candidate_002_brick,0.006586890202015638,0.004044265020638704,0.9409199357032776
original_with_distractors,mean_embedding_class_softmax,case_005_concrete_block,candidate_003_concrete_block,0.1865953505039215,0.13093838095664978,0.09557446092367172
original_with_distractors,mean_embedding_class_softmax,case_005_concrete_block,candidate_001_concrete_block,0.09283172339200974,0.008538820780813694,0.02011874131858349
original_with_distractors,mean_embedding_class_softmax,case_005_concrete_block,candidate_002_concrete_block,0.006586866453289986,0.0040442426688969135,0.9409201741218567
original_with_distractors,mean_embedding_class_softmax,case_005_timber,candidate_002_timber,0.006586866453289986,0.0040442426688969135,0.9409201741218567
original_with_distractors,mean_embedding_class_softmax,case_005_timber,candidate_003_timber,0.18659526109695435,0.1309385597705841,0.09557440876960754
original_with_distractors,mean_embedding_class_softmax,case_005_timber,candidate_001_timber,0.09283172339200974,0.008538820780813694,0.02011874131858349
original_with_distractors,mean_embedding_class_softmax,case_006_brick,candidate_001_brick,0.5461366176605225,0.08835229277610779,0.030832787975668907
original_with_distractors,mean_embedding_class_softmax,case_006_brick,candidate_002_brick,0.31226763129234314,0.03343820944428444,0.3572866916656494
original_with_distractors,mean_embedding_class_softmax,case_006_concrete_block,candidate_002_concrete_block,0.10761259496212006,0.2657485008239746,0.1337728649377823
original_with_distractors,mean_embedding_class_softmax,case_006_concrete_block,candidate_001_concrete_block,0.5461366176605225,0.08835229277610779,0.030832787975668907
original_with_distractors,mean_embedding_class_softmax,case_006_concrete_block,candidate_003_concrete_block,0.312267005443573,0.03343814238905907,0.3572880029678345
original_with_distractors,mean_embedding_class_softmax,case_006_timber,candidate_003_timber,0.312267005443573,0.03343814238905907,0.3572880029678345
original_with_distractors,mean_embedding_class_softmax,case_006_timber,candidate_002_timber,0.10761268436908722,0.26574718952178955,0.13377295434474945
original_with_distractors,mean_embedding_class_softmax,case_006_timber,candidate_001_timber,0.5461366176605225,0.08835229277610779,0.030832787975668907
original_with_distractors,mean_embedding_class_softmax,case_007_brick,candidate_001_brick,0.39116883277893066,0.053947046399116516,0.029176224023103714
original_with_distractors,mean_embedding_class_softmax,case_007_concrete_block,candidate_001_concrete_block,0.11480536311864853,0.7080907225608826,0.004898719023913145
original_with_distractors,mean_embedding_class_softmax,case_007_concrete_block,candidate_003_concrete_block,0.3489155173301697,0.05097121372818947,0.034098878502845764
original_with_distractors,mean_embedding_class_softmax,case_007_concrete_block,candidate_002_concrete_block,0.08494824171066284,0.00754777155816555,0.8289060592651367
original_with_distractors,mean_embedding_class_softmax,case_007_timber,candidate_001_timber,0.08385924994945526,0.007157810963690281,0.827879786491394
original_with_distractors,mean_embedding_class_softmax,case_007_timber,candidate_003_timber,0.26834920048713684,0.038197457790374756,0.03627398610115051
original_with_distractors,mean_embedding_class_softmax,case_007_timber,candidate_002_timber,0.11313075572252274,0.7123458385467529,0.0049144430086016655
original_with_distractors,mean_embedding_class_softmax,case_008_brick,candidate_001_brick,0.5092908143997192,0.07653016597032547,0.049478642642498016
original_with_distractors,mean_embedding_class_softmax,case_008_brick,candidate_002_brick,0.1871809959411621,0.21858645975589752,0.09951351583003998
original_with_distractors,mean_embedding_class_softmax,case_008_brick,candidate_003_brick,0.07664979249238968,0.02819831296801567,0.5094772577285767
original_with_distractors,mean_embedding_class_softmax,case_008_concrete_block,candidate_003_concrete_block,0.18718160688877106,0.21858550608158112,0.0995134636759758
original_with_distractors,mean_embedding_class_softmax,case_008_concrete_block,candidate_001_concrete_block,0.5092908143997192,0.07653016597032547,0.049478642642498016
original_with_distractors,mean_embedding_class_softmax,case_008_concrete_block,candidate_002_concrete_block,0.07664983719587326,0.028198381885886192,0.5094775557518005
original_with_distractors,mean_embedding_class_softmax,case_008_timber,candidate_002_timber,0.07549417018890381,0.02824488840997219,0.5163106322288513
original_with_distractors,mean_embedding_class_softmax,case_008_timber,candidate_003_timber,0.1832021027803421,0.20819512009620667,0.09927352517843246
original_with_distractors,mean_embedding_class_softmax,case_008_timber,candidate_001_timber,0.5092908143997192,0.07653016597032547,0.049478642642498016
original_with_distractors,mean_embedding_class_softmax,case_009_brick,candidate_001_brick,0.11571629345417023,0.31910645961761475,0.015072910115122795
original_with_distractors,mean_embedding_class_softmax,case_009_brick,candidate_002_brick,0.116429403424263,0.28825294971466064,0.13473036885261536
original_with_distractors,mean_embedding_class_softmax,case_009_concrete_block,candidate_001_concrete_block,0.11571572721004486,0.3191061019897461,0.015072778798639774
original_with_distractors,mean_embedding_class_softmax,case_009_concrete_block,candidate_003_concrete_block,0.11642925441265106,0.2882520258426666,0.13473069667816162
original_with_distractors,mean_embedding_class_softmax,case_009_concrete_block,candidate_002_concrete_block,0.0023032398894429207,0.004369797650724649,0.9617255926132202
original_with_distractors,mean_embedding_class_softmax,case_009_timber,candidate_002_timber,0.002327700611203909,0.004563931841403246,0.9609365463256836
original_with_distractors,mean_embedding_class_softmax,case_009_timber,candidate_001_timber,0.11571510881185532,0.31910622119903564,0.015072813257575035
original_with_distractors,mean_embedding_class_softmax,case_010_brick,candidate_001_brick,0.013912434689700603,0.033801108598709106,0.008789840154349804
original_with_distractors,mean_embedding_class_softmax,case_010_brick,candidate_002_brick,0.23967228829860687,0.10330319404602051,0.566581130027771
original_with_distractors,mean_embedding_class_softmax,case_010_brick,candidate_003_brick,0.035053737461566925,0.43541473150253296,0.09883443266153336
original_with_distractors,mean_embedding_class_softmax,case_010_concrete_block,candidate_002_concrete_block,0.013912458904087543,0.033801037818193436,0.008789888583123684
original_with_distractors,mean_embedding_class_softmax,case_010_concrete_block,candidate_001_concrete_block,0.035053856670856476,0.43541374802589417,0.09883439540863037
original_with_distractors,mean_embedding_class_softmax,case_010_timber,candidate_003_timber,0.23967228829860687,0.10330319404602051,0.566581130027771
original_with_distractors,mean_embedding_class_softmax,case_010_timber,candidate_001_timber,0.035053856670856476,0.43541374802589417,0.09883439540863037
original_with_distractors,mean_embedding_class_softmax,case_010_timber,candidate_002_timber,0.013912434689700603,0.033801108598709106,0.008789840154349804
original_with_distractors,mean_embedding_class_softmax,case_011_brick,candidate_002_brick,0.15441271662712097,0.008238717913627625,0.02522112801671028
original_with_distractors,mean_embedding_class_softmax,case_011_brick,candidate_001_brick,0.07030506432056427,0.14251752197742462,0.14206402003765106
original_with_distractors,mean_embedding_class_softmax,case_011_brick,candidate_003_brick,0.03407566621899605,0.002610827563330531,0.8935346603393555
original_with_distractors,mean_embedding_class_softmax,case_011_concrete_block,candidate_001_concrete_block,0.07030533254146576,0.14251752197742462,0.14206402003765106
original_with_distractors,mean_embedding_class_softmax,case_011_concrete_block,candidate_002_concrete_block,0.03407565876841545,0.0026108368765562773,0.8935344815254211
original_with_distractors,mean_embedding_class_softmax,case_011_timber,candidate_001_timber,0.03407565876841545,0.0026108368765562773,0.8935344815254211
original_with_distractors,mean_embedding_class_softmax,case_011_timber,candidate_002_timber,0.07030506432056427,0.14251752197742462,0.14206402003765106
original_with_distractors,mean_embedding_class_softmax,case_011_timber,candidate_003_timber,0.1510627269744873,0.007411446887999773,0.022255800664424896
original_with_distractors,mean_embedding_class_softmax,case_012_brick,candidate_001_brick,0.5257076025009155,0.020991835743188858,0.05124892294406891
original_with_distractors,mean_embedding_class_softmax,case_012_brick,candidate_002_brick,0.06803445518016815,0.16547460854053497,0.2800743877887726
original_with_distractors,mean_embedding_class_softmax,case_012_concrete_block,candidate_002_concrete_block,0.06803439557552338,0.16547510027885437,0.2800741493701935
original_with_distractors,mean_embedding_class_softmax,case_012_concrete_block,candidate_001_concrete_block,0.5257064700126648,0.020991871133446693,0.05124900862574577
original_with_distractors,mean_embedding_class_softmax,case_012_timber,candidate_002_timber,0.10744193196296692,0.03806000575423241,0.5407357215881348
original_with_distractors,mean_embedding_class_softmax,case_012_timber,candidate_003_timber,0.06803445518016815,0.16547460854053497,0.2800743877887726
original_with_distractors,mean_embedding_class_softmax,case_012_timber,candidate_001_timber,0.5257076025009155,0.020991835743188858,0.05124892294406891
original_with_distractors,mean_embedding_class_softmax,TS_F01,candidate_001_concrete_block,0.120709128677845,0.401070773601532,0.07044326514005661
original_with_distractors,mean_embedding_class_softmax,TS_F01,candidate_002_concrete_block,0.044136952608823776,0.10649963468313217,0.18875305354595184
original_with_distractors,mean_embedding_class_softmax,TS_F02,candidate_001_timber,0.14837202429771423,0.07668204605579376,0.14008596539497375
original_with_distractors,mean_embedding_class_softmax,TS_F02,candidate_002_timber,0.03777305409312248,0.6289945840835571,0.033176787197589874
original_with_distractors,mean_embedding_class_softmax,TS_F03,candidate_002_brick,0.041211649775505066,0.03521047905087471,0.7489733695983887
original_with_distractors,mean_embedding_class_softmax,TS_F03,candidate_001_brick,0.03031568042933941,0.26302286982536316,0.04014742746949196
original_with_distractors,mean_embedding_class_softmax,TS_F05,candidate_001_concrete_block,0.10611188411712646,0.006001364905387163,0.039412468671798706
original_with_distractors,mean_embedding_class_softmax,TS_F05,candidate_002_concrete_block,0.061245646327733994,0.01822318136692047,0.8915987610816956
original_with_distractors,mean_embedding_class_softmax,TS_F06,candidate_002_timber,0.11271511018276215,0.2629131078720093,0.17977946996688843
original_with_distractors,mean_embedding_class_softmax,TS_F06,candidate_001_timber,0.22621512413024902,0.013869903050363064,0.10234953463077545
original_with_distractors,mean_embedding_class_softmax,TS_F07,candidate_001_brick,0.11960673332214355,0.22574838995933533,0.06789607554674149
original_with_distractors,mean_embedding_class_softmax,TS_F07,candidate_002_brick,0.025726262480020523,0.0054548135958611965,0.8683918714523315
original_with_distractors,mean_embedding_class_softmax,TS_F09,candidate_001_concrete_block,0.1423749178647995,0.4584020972251892,0.05955412611365318
original_with_distractors,mean_embedding_class_softmax,TS_F09,candidate_002_concrete_block,0.013537967577576637,0.0006435159011743963,0.9492513537406921
original_with_distractors,mean_embedding_class_softmax,TS_F10,candidate_002_timber,0.03599373996257782,0.12825992703437805,0.07116077840328217
original_with_distractors,mean_embedding_class_softmax,TS_F10,candidate_001_timber,0.149760901927948,0.289385050535202,0.07462818920612335
original_with_distractors,mean_embedding_class_softmax,TS_F11,candidate_002_brick,0.0785403847694397,0.1718922108411789,0.08823949843645096
original_with_distractors,mean_embedding_class_softmax,TS_F11,candidate_001_brick,0.08238431811332703,0.030599432066082954,0.7540629506111145
plain_materials,max_prompt_softmax,old_1,candidate_001_brick,0.2261946201324463,0.35521459579467773,0.0463283434510231
plain_materials,max_prompt_softmax,old_1,candidate_002_brick,0.134043350815773,0.18054302036762238,0.26243463158607483
plain_materials,max_prompt_softmax,old_2,candidate_002_timber,0.1398478001356125,0.14434677362442017,0.31091102957725525
plain_materials,max_prompt_softmax,old_2,candidate_001_timber,0.19359441101551056,0.3893076479434967,0.03950725123286247
plain_materials,max_prompt_softmax,old_3,candidate_001_brick,0.3362729847431183,0.18230611085891724,0.10030294209718704
plain_materials,max_prompt_softmax,old_3,candidate_002_brick,0.19493429362773895,0.35138437151908875,0.018154136836528778
plain_materials,max_prompt_softmax,old_4,candidate_002_concrete_block,0.15514187514781952,0.40010833740234375,0.013677539303898811
plain_materials,max_prompt_softmax,old_4,candidate_001_concrete_block,0.3170706331729889,0.1307041049003601,0.14769896864891052
plain_materials,max_prompt_softmax,old_5,candidate_001_timber,0.05671175196766853,0.051274001598358154,0.46399950981140137
plain_materials,max_prompt_softmax,old_5,candidate_002_timber,0.18012025952339172,0.3296215832233429,0.041471101343631744
plain_materials,max_prompt_softmax,old_6,candidate_001_concrete_block,0.14689677953720093,0.3430861234664917,0.03280305862426758
plain_materials,max_prompt_softmax,old_6,candidate_002_concrete_block,0.06760765612125397,0.04929320141673088,0.4822680950164795
plain_materials,max_prompt_softmax,old_7,candidate_001_brick,0.5582266449928284,0.14159587025642395,0.0125291021540761
plain_materials,max_prompt_softmax,old_7,candidate_003_brick,0.12260054051876068,0.4950810670852661,0.0523025244474411
plain_materials,max_prompt_softmax,old_7,candidate_002_brick,0.04116034507751465,0.07719404995441437,0.43528440594673157
plain_materials,max_prompt_softmax,old_8,candidate_002_timber,0.07893675565719604,0.1907481551170349,0.34325143694877625
plain_materials,max_prompt_softmax,old_8,candidate_003_timber,0.15600061416625977,0.5275148153305054,0.03022652678191662
plain_materials,max_prompt_softmax,old_8,candidate_001_timber,0.5570926070213318,0.11007048189640045,0.00910827424377203
plain_materials,max_prompt_softmax,old_9,candidate_002_concrete_block,0.16006892919540405,0.5171545147895813,0.030804626643657684
plain_materials,max_prompt_softmax,old_9,candidate_003_concrete_block,0.07368459552526474,0.21165671944618225,0.30361074209213257
plain_materials,max_prompt_softmax,old_9,candidate_001_concrete_block,0.5373238921165466,0.12664522230625153,0.017345242202281952
plain_materials,max_prompt_softmax,old_10,candidate_001_brick,0.617303729057312,0.052632641047239304,0.046806901693344116
plain_materials,max_prompt_softmax,old_10,candidate_002_brick,0.08309712260961533,0.04218078404664993,0.5144850015640259
plain_materials,max_prompt_softmax,old_11,candidate_002_timber,0.023562727496027946,0.036495640873909,0.6247724890708923
plain_materials,max_prompt_softmax,old_11,candidate_001_timber,0.6442710161209106,0.03190010040998459,0.016794627532362938
plain_materials,max_prompt_softmax,old_12,candidate_001_brick,0.48921728134155273,0.06127653270959854,0.04613615572452545
plain_materials,max_prompt_softmax,old_12,candidate_002_brick,0.15201568603515625,0.3595091700553894,0.08643802255392075
plain_materials,max_prompt_softmax,old_13,candidate_001_concrete_block,0.16936051845550537,0.40790143609046936,0.08845175802707672
plain_materials,max_prompt_softmax,old_13,candidate_002_concrete_block,0.5583551526069641,0.06802307069301605,0.07568848133087158
plain_materials,max_prompt_softmax,old_14,candidate_001_timber,0.031717993319034576,0.008946009911596775,0.7104839086532593
plain_materials,max_prompt_softmax,old_14,candidate_002_timber,0.2553715407848358,0.28709676861763,0.04419615864753723
plain_materials,max_prompt_softmax,old_15,candidate_001_concrete_block,0.22433117032051086,0.31396758556365967,0.040045298635959625
plain_materials,max_prompt_softmax,old_15,candidate_002_concrete_block,0.027683701366186142,0.0073834434151649475,0.597903847694397
plain_materials,max_prompt_softmax,old_16,candidate_001_brick,0.5103388428688049,0.09598755091428757,0.07422295957803726
plain_materials,max_prompt_softmax,old_16,candidate_003_brick,0.21648788452148438,0.37826257944107056,0.036128073930740356
plain_materials,max_prompt_softmax,old_16,candidate_002_brick,0.017311422154307365,0.00995359756052494,0.4982680678367615
plain_materials,max_prompt_softmax,old_17,candidate_002_timber,0.055135976523160934,0.013565725646913052,0.4515029191970825
plain_materials,max_prompt_softmax,old_17,candidate_003_timber,0.19711676239967346,0.395388126373291,0.026854051277041435
plain_materials,max_prompt_softmax,old_17,candidate_001_timber,0.5021699666976929,0.10588255524635315,0.05088834464550018
plain_materials,max_prompt_softmax,old_18,candidate_002_concrete_block,0.281703919172287,0.3124876320362091,0.030693361535668373
plain_materials,max_prompt_softmax,old_18,candidate_003_concrete_block,0.485998272895813,0.07212485373020172,0.15914061665534973
plain_materials,max_prompt_softmax,old_18,candidate_001_concrete_block,0.05620082467794418,0.02354603260755539,0.5052188038825989
plain_materials,max_prompt_softmax,old_19,candidate_001_brick,0.19733145833015442,0.4947173297405243,0.028761200606822968
plain_materials,max_prompt_softmax,old_19,candidate_002_brick,0.014619540423154831,0.0021540967281907797,0.8541510701179504
plain_materials,max_prompt_softmax,old_20,candidate_002_timber,0.004751513246446848,0.0011692511616274714,0.9006827473640442
plain_materials,max_prompt_softmax,old_20,candidate_001_timber,0.23114903271198273,0.4534681737422943,0.03945460170507431
plain_materials,max_prompt_softmax,old_21,candidate_001_brick,0.3910324275493622,0.32020193338394165,0.06280233711004257
plain_materials,max_prompt_softmax,old_21,candidate_002_brick,0.19995220005512238,0.2841546833515167,0.136060431599617
plain_materials,max_prompt_softmax,old_22,candidate_002_concrete_block,0.1460784673690796,0.36068806052207947,0.07751940935850143
plain_materials,max_prompt_softmax,old_22,candidate_001_concrete_block,0.33422714471817017,0.2849856913089752,0.12036917358636856
plain_materials,max_prompt_softmax,old_23,candidate_001_timber,0.10698253661394119,0.05785933881998062,0.4280211627483368
plain_materials,max_prompt_softmax,old_23,candidate_002_timber,0.2086281180381775,0.2139711081981659,0.15193559229373932
plain_materials,max_prompt_softmax,old_24,candidate_002_concrete_block,0.20302440226078033,0.2775236964225769,0.11669345200061798
plain_materials,max_prompt_softmax,old_24,candidate_001_concrete_block,0.09230311214923859,0.0631694346666336,0.47060197591781616
plain_materials,max_prompt_softmax,old_25,candidate_001_brick,0.28764608502388,0.36630427837371826,0.028300603851675987
plain_materials,max_prompt_softmax,old_25,candidate_002_brick,0.15940052270889282,0.15025362372398376,0.3742329478263855
plain_materials,max_prompt_softmax,old_25,candidate_003_brick,0.3180048167705536,0.20330928266048431,0.12995919585227966
plain_materials,max_prompt_softmax,old_26,candidate_002_timber,0.10725107043981552,0.12659193575382233,0.4309738278388977
plain_materials,max_prompt_softmax,old_26,candidate_003_timber,0.3024740219116211,0.23152418434619904,0.1454373151063919
plain_materials,max_prompt_softmax,old_26,candidate_001_timber,0.2735508680343628,0.299005389213562,0.029211223125457764
plain_materials,max_prompt_softmax,old_27,candidate_003_concrete_block,0.3441142439842224,0.19268886744976044,0.13054652512073517
plain_materials,max_prompt_softmax,old_27,candidate_001_concrete_block,0.27837246656417847,0.3303321897983551,0.047076620161533356
plain_materials,max_prompt_softmax,old_27,candidate_002_concrete_block,0.11599235981702805,0.10452626645565033,0.437691330909729
plain_materials,max_prompt_softmax,case_001_brick,candidate_002_brick,0.4522402584552765,0.08910813927650452,0.002874951111152768
plain_materials,max_prompt_softmax,case_001_brick,candidate_001_brick,0.24822528660297394,0.2593323290348053,0.07539131492376328
plain_materials,max_prompt_softmax,case_001_brick,candidate_003_brick,0.1714247465133667,0.41572892665863037,0.050212591886520386
plain_materials,max_prompt_softmax,case_001_concrete_block,candidate_001_concrete_block,0.24822528660297394,0.2593323290348053,0.07539131492376328
plain_materials,max_prompt_softmax,case_001_concrete_block,candidate_002_concrete_block,0.1714247465133667,0.41572892665863037,0.050212591886520386
plain_materials,max_prompt_softmax,case_001_concrete_block,candidate_003_concrete_block,0.45224034786224365,0.08910781890153885,0.0028749515768140554
plain_materials,max_prompt_softmax,case_001_timber,candidate_003_timber,0.1714247465133667,0.41572892665863037,0.050212591886520386
plain_materials,max_prompt_softmax,case_001_timber,candidate_001_timber,0.24822553992271423,0.2593325972557068,0.0753912478685379
plain_materials,max_prompt_softmax,case_001_timber,candidate_002_timber,0.4522402584552765,0.08910813927650452,0.002874951111152768
plain_materials,max_prompt_softmax,case_002_brick,candidate_001_brick,0.4842081665992737,0.12954343855381012,0.0021763925906270742
plain_materials,max_prompt_softmax,case_002_brick,candidate_002_brick,0.2133418768644333,0.24149316549301147,0.11189892143011093
plain_materials,max_prompt_softmax,case_002_brick,candidate_003_brick,0.011575368233025074,0.0025989287532866,0.9150401949882507
plain_materials,max_prompt_softmax,case_002_concrete_block,candidate_001_concrete_block,0.4842081665992737,0.12954343855381012,0.0021763925906270742
plain_materials,max_prompt_softmax,case_002_concrete_block,candidate_002_concrete_block,0.2133418768644333,0.24149316549301147,0.11189892143011093
plain_materials,max_prompt_softmax,case_002_concrete_block,candidate_003_concrete_block,0.011575368233025074,0.0025989287532866,0.9150401949882507
plain_materials,max_prompt_softmax,case_002_timber,candidate_002_timber,0.011575344949960709,0.002598928287625313,0.9150400757789612
plain_materials,max_prompt_softmax,case_002_timber,candidate_003_timber,0.21334104239940643,0.2414931356906891,0.11189912259578705
plain_materials,max_prompt_softmax,case_002_timber,candidate_001_timber,0.4842081665992737,0.12954343855381012,0.0021763925906270742
plain_materials,max_prompt_softmax,case_003_brick,candidate_001_brick,0.40923765301704407,0.11794859170913696,0.007772197015583515
plain_materials,max_prompt_softmax,case_003_concrete_block,candidate_001_concrete_block,0.40923765301704407,0.11794859170913696,0.007772197015583515
plain_materials,max_prompt_softmax,case_003_concrete_block,candidate_002_concrete_block,0.1698070764541626,0.11621567606925964,0.2761308252811432
plain_materials,max_prompt_softmax,case_003_timber,candidate_002_timber,0.1698070764541626,0.11621567606925964,0.2761308252811432
plain_materials,max_prompt_softmax,case_003_timber,candidate_001_timber,0.40923765301704407,0.11794859170913696,0.007772197015583515
plain_materials,max_prompt_softmax,case_004_brick,candidate_001_brick,0.6983731985092163,0.040409546345472336,0.012545878067612648
plain_materials,max_prompt_softmax,case_004_concrete_block,candidate_001_concrete_block,0.06211359426379204,0.4670437276363373,0.01359448954463005
plain_materials,max_prompt_softmax,case_004_concrete_block,candidate_003_concrete_block,0.16523142158985138,0.3237493932247162,0.1522064208984375
plain_materials,max_prompt_softmax,case_004_concrete_block,candidate_002_concrete_block,0.698372483253479,0.04040957987308502,0.012545865029096603
plain_materials,max_prompt_softmax,case_004_timber,candidate_002_timber,0.16523142158985138,0.3237493932247162,0.1522064208984375
plain_materials,max_prompt_softmax,case_004_timber,candidate_001_timber,0.698372483253479,0.04040957987308502,0.012545865029096603
plain_materials,max_prompt_softmax,case_005_brick,candidate_001_brick,0.5844836831092834,0.07115357369184494,0.03895920515060425
plain_materials,max_prompt_softmax,case_005_brick,candidate_003_brick,0.4667181372642517,0.21582916378974915,0.0401778481900692
plain_materials,max_prompt_softmax,case_005_brick,candidate_002_brick,0.014349483884871006,0.01211467757821083,0.6447724103927612
plain_materials,max_prompt_softmax,case_005_concrete_block,candidate_003_concrete_block,0.46671849489212036,0.21582849323749542,0.040177956223487854
plain_materials,max_prompt_softmax,case_005_concrete_block,candidate_001_concrete_block,0.5844836831092834,0.07115357369184494,0.03895920515060425
plain_materials,max_prompt_softmax,case_005_concrete_block,candidate_002_concrete_block,0.014349493198096752,0.012114639393985271,0.6447728276252747
plain_materials,max_prompt_softmax,case_005_timber,candidate_002_timber,0.014349493198096752,0.012114639393985271,0.6447728276252747
plain_materials,max_prompt_softmax,case_005_timber,candidate_003_timber,0.4667181372642517,0.21582916378974915,0.0401778481900692
plain_materials,max_prompt_softmax,case_005_timber,candidate_001_timber,0.5844836831092834,0.07115357369184494,0.03895920515060425
plain_materials,max_prompt_softmax,case_006_brick,candidate_001_brick,0.4779672920703888,0.1176142543554306,0.005577871575951576
plain_materials,max_prompt_softmax,case_006_brick,candidate_002_brick,0.30304867029190063,0.05385150387883186,0.3461412787437439
plain_materials,max_prompt_softmax,case_006_concrete_block,candidate_002_concrete_block,0.25967714190483093,0.27810660004615784,0.11686340719461441
plain_materials,max_prompt_softmax,case_006_concrete_block,candidate_001_concrete_block,0.4779672920703888,0.1176142543554306,0.005577871575951576
plain_materials,max_prompt_softmax,case_006_concrete_block,candidate_003_concrete_block,0.3030487298965454,0.053851623088121414,0.34614071249961853
plain_materials,max_prompt_softmax,case_006_timber,candidate_003_timber,0.3030487298965454,0.053851623088121414,0.34614071249961853
plain_materials,max_prompt_softmax,case_006_timber,candidate_002_timber,0.25967705249786377,0.2781065106391907,0.11686315387487411
plain_materials,max_prompt_softmax,case_006_timber,candidate_001_timber,0.4779672920703888,0.1176142543554306,0.005577871575951576
plain_materials,max_prompt_softmax,case_007_brick,candidate_001_brick,0.6845571994781494,0.03829052671790123,0.04043722525238991
plain_materials,max_prompt_softmax,case_007_concrete_block,candidate_001_concrete_block,0.2916776239871979,0.29972490668296814,0.0016707947943359613
plain_materials,max_prompt_softmax,case_007_concrete_block,candidate_003_concrete_block,0.7059881091117859,0.037218622863292694,0.06737070530653
plain_materials,max_prompt_softmax,case_007_concrete_block,candidate_002_concrete_block,0.06647656112909317,0.011258753947913647,0.7441504597663879
plain_materials,max_prompt_softmax,case_007_timber,candidate_001_timber,0.067310631275177,0.010986524634063244,0.7424113154411316
plain_materials,max_prompt_softmax,case_007_timber,candidate_003_timber,0.6939473748207092,0.03351621329784393,0.07733790576457977
plain_materials,max_prompt_softmax,case_007_timber,candidate_002_timber,0.28984811902046204,0.3006015121936798,0.0017015793127939105
plain_materials,max_prompt_softmax,case_008_brick,candidate_001_brick,0.4596266448497772,0.08271973580121994,0.023775529116392136
plain_materials,max_prompt_softmax,case_008_brick,candidate_002_brick,0.3240491449832916,0.2488388866186142,0.036624711006879807
plain_materials,max_prompt_softmax,case_008_brick,candidate_003_brick,0.1258009374141693,0.06893402338027954,0.5315920114517212
plain_materials,max_prompt_softmax,case_008_concrete_block,candidate_003_concrete_block,0.32404977083206177,0.248838871717453,0.03662478178739548
plain_materials,max_prompt_softmax,case_008_concrete_block,candidate_001_concrete_block,0.4596266448497772,0.08271973580121994,0.023775529116392136
plain_materials,max_prompt_softmax,case_008_concrete_block,candidate_002_concrete_block,0.12580065429210663,0.0689341276884079,0.531592845916748
plain_materials,max_prompt_softmax,case_008_timber,candidate_002_timber,0.122385174036026,0.06745203584432602,0.5391900539398193
plain_materials,max_prompt_softmax,case_008_timber,candidate_003_timber,0.32689082622528076,0.2422352433204651,0.03761017695069313
plain_materials,max_prompt_softmax,case_008_timber,candidate_001_timber,0.4596266448497772,0.08271973580121994,0.023775529116392136
plain_materials,max_prompt_softmax,case_009_brick,candidate_001_brick,0.30747687816619873,0.32455411553382874,0.006608469411730766
plain_materials,max_prompt_softmax,case_009_brick,candidate_002_brick,0.15280108153820038,0.3008144795894623,0.22772376239299774
plain_materials,max_prompt_softmax,case_009_concrete_block,candidate_001_concrete_block,0.307477205991745,0.32455384731292725,0.006608464289456606
plain_materials,max_prompt_softmax,case_009_concrete_block,candidate_003_concrete_block,0.1528007835149765,0.3008144497871399,0.22772373259067535
plain_materials,max_prompt_softmax,case_009_concrete_block,candidate_002_concrete_block,0.0015926335472613573,0.0018193096620962024,0.8914507627487183
plain_materials,max_prompt_softmax,case_009_timber,candidate_002_timber,0.001633867621421814,0.0019122041994705796,0.8941043615341187
plain_materials,max_prompt_softmax,case_009_timber,candidate_001_timber,0.3074764907360077,0.32455429434776306,0.006608473137021065
plain_materials,max_prompt_softmax,case_010_brick,candidate_001_brick,0.334749311208725,0.33345505595207214,0.05395417660474777
plain_materials,max_prompt_softmax,case_010_brick,candidate_002_brick,0.2822383642196655,0.1093796119093895,0.28081271052360535
plain_materials,max_prompt_softmax,case_010_brick,candidate_003_brick,0.1597086638212204,0.5052716135978699,0.08984477818012238
plain_materials,max_prompt_softmax,case_010_concrete_block,candidate_002_concrete_block,0.33474859595298767,0.3334556221961975,0.053954266011714935
plain_materials,max_prompt_softmax,case_010_concrete_block,candidate_001_concrete_block,0.15970838069915771,0.5052707195281982,0.0898449644446373
plain_materials,max_prompt_softmax,case_010_timber,candidate_003_timber,0.2822383642196655,0.1093796119093895,0.28081271052360535
plain_materials,max_prompt_softmax,case_010_timber,candidate_001_timber,0.15970838069915771,0.5052707195281982,0.0898449644446373
plain_materials,max_prompt_softmax,case_010_timber,candidate_002_timber,0.334749311208725,0.33345505595207214,0.05395417660474777
plain_materials,max_prompt_softmax,case_011_brick,candidate_002_brick,0.47941023111343384,0.06041555479168892,0.022818027064204216
plain_materials,max_prompt_softmax,case_011_brick,candidate_001_brick,0.26831963658332825,0.2771614193916321,0.09051354974508286
plain_materials,max_prompt_softmax,case_011_brick,candidate_003_brick,0.0527447909116745,0.00839387159794569,0.5743256211280823
plain_materials,max_prompt_softmax,case_011_concrete_block,candidate_001_concrete_block,0.2683199346065521,0.277161180973053,0.09051364660263062
plain_materials,max_prompt_softmax,case_011_concrete_block,candidate_002_concrete_block,0.05274468660354614,0.00839387159794569,0.5743256211280823
plain_materials,max_prompt_softmax,case_011_timber,candidate_001_timber,0.05274468660354614,0.00839387159794569,0.5743256211280823
plain_materials,max_prompt_softmax,case_011_timber,candidate_002_timber,0.26831963658332825,0.2771614193916321,0.09051354974508286
plain_materials,max_prompt_softmax,case_011_timber,candidate_003_timber,0.4608830511569977,0.05739763006567955,0.024541767314076424
plain_materials,max_prompt_softmax,case_012_brick,candidate_001_brick,0.6466272473335266,0.03609428554773331,0.010661822743713856
plain_materials,max_prompt_softmax,case_012_brick,candidate_002_brick,0.18005357682704926,0.22914277017116547,0.20062536001205444
plain_materials,max_prompt_softmax,case_012_concrete_block,candidate_002_concrete_block,0.18005383014678955,0.22914265096187592,0.20062486827373505
plain_materials,max_prompt_softmax,case_012_concrete_block,candidate_001_concrete_block,0.6466271877288818,0.03609428182244301,0.010661842301487923
plain_materials,max_prompt_softmax,case_012_timber,candidate_002_timber,0.08998837321996689,0.04159644991159439,0.4792110025882721
plain_materials,max_prompt_softmax,case_012_timber,candidate_003_timber,0.18005357682704926,0.22914277017116547,0.20062536001205444
plain_materials,max_prompt_softmax,case_012_timber,candidate_001_timber,0.6466272473335266,0.03609428554773331,0.010661822743713856
plain_materials,max_prompt_softmax,TS_F01,candidate_001_concrete_block,0.2261946201324463,0.35521459579467773,0.0463283434510231
plain_materials,max_prompt_softmax,TS_F01,candidate_002_concrete_block,0.134043350815773,0.18054302036762238,0.26243463158607483
plain_materials,max_prompt_softmax,TS_F02,candidate_001_timber,0.3362729847431183,0.18230611085891724,0.10030294209718704
plain_materials,max_prompt_softmax,TS_F02,candidate_002_timber,0.19493405520915985,0.35138460993766785,0.018154149875044823
plain_materials,max_prompt_softmax,TS_F03,candidate_002_brick,0.05671152472496033,0.0512738935649395,0.46400031447410583
plain_materials,max_prompt_softmax,TS_F03,candidate_001_brick,0.18012025952339172,0.3296215832233429,0.041471101343631744
plain_materials,max_prompt_softmax,TS_F05,candidate_001_concrete_block,0.617303729057312,0.052632641047239304,0.046806901693344116
plain_materials,max_prompt_softmax,TS_F05,candidate_002_concrete_block,0.08309729397296906,0.04218078777194023,0.5144850611686707
plain_materials,max_prompt_softmax,TS_F06,candidate_002_timber,0.15201568603515625,0.3595091700553894,0.08643802255392075
plain_materials,max_prompt_softmax,TS_F06,candidate_001_timber,0.48921728134155273,0.06127653270959854,0.04613615572452545
plain_materials,max_prompt_softmax,TS_F07,candidate_001_brick,0.25537189841270447,0.28709715604782104,0.044196050614118576
plain_materials,max_prompt_softmax,TS_F07,candidate_002_brick,0.03171803429722786,0.008946004323661327,0.7104834914207458
plain_materials,max_prompt_softmax,TS_F09,candidate_001_concrete_block,0.19733117520809174,0.4947175681591034,0.028761159628629684
plain_materials,max_prompt_softmax,TS_F09,candidate_002_concrete_block,0.014619513414800167,0.0021541009191423655,0.8541510701179504
plain_materials,max_prompt_softmax,TS_F10,candidate_002_timber,0.19995184242725372,0.28415417671203613,0.136060431599617
plain_materials,max_prompt_softmax,TS_F10,candidate_001_timber,0.39103254675865173,0.3202020227909088,0.06280235201120377
plain_materials,max_prompt_softmax,TS_F11,candidate_002_brick,0.2086281180381775,0.2139711081981659,0.15193559229373932
plain_materials,max_prompt_softmax,TS_F11,candidate_001_brick,0.10698253661394119,0.05785933881998062,0.4280211627483368
plain_materials,mean_embedding_class_softmax,old_1,candidate_001_brick,0.38147151470184326,0.5365868210792542,0.0819416493177414
plain_materials,mean_embedding_class_softmax,old_1,candidate_002_brick,0.15979087352752686,0.32836899161338806,0.5118401050567627
plain_materials,mean_embedding_class_softmax,old_2,candidate_002_timber,0.15058597922325134,0.21664828062057495,0.6327657103538513
plain_materials,mean_embedding_class_softmax,old_2,candidate_001_timber,0.29411235451698303,0.6356990337371826,0.07018863409757614
plain_materials,mean_embedding_class_softmax,old_3,candidate_001_brick,0.5321471691131592,0.2719269394874573,0.19592589139938354
plain_materials,mean_embedding_class_softmax,old_3,candidate_002_brick,0.24812114238739014,0.7203078269958496,0.03157094866037369
plain_materials,mean_embedding_class_softmax,old_4,candidate_002_concrete_block,0.20120121538639069,0.7769083976745605,0.021890386939048767
plain_materials,mean_embedding_class_softmax,old_4,candidate_001_concrete_block,0.49670127034187317,0.1891835629940033,0.31411516666412354
plain_materials,mean_embedding_class_softmax,old_5,candidate_001_timber,0.08182726055383682,0.09887681156396866,0.8192959427833557
plain_materials,mean_embedding_class_softmax,old_5,candidate_002_timber,0.2877325713634491,0.6454957723617554,0.06677167862653732
plain_materials,mean_embedding_class_softmax,old_6,candidate_001_concrete_block,0.23561576008796692,0.7127401232719421,0.05164411664009094
plain_materials,mean_embedding_class_softmax,old_6,candidate_002_concrete_block,0.09925501048564911,0.08814647793769836,0.8125985264778137
plain_materials,mean_embedding_class_softmax,old_7,candidate_001_brick,0.8113267421722412,0.17099779844284058,0.017675483599305153
plain_materials,mean_embedding_class_softmax,old_7,candidate_003_brick,0.20434200763702393,0.7101396322250366,0.08551842719316483
plain_materials,mean_embedding_class_softmax,old_7,candidate_002_brick,0.0658905878663063,0.12920057773590088,0.8049087524414062
plain_materials,mean_embedding_class_softmax,old_8,candidate_002_timber,0.14139863848686218,0.3272607922554016,0.5313405990600586
plain_materials,mean_embedding_class_softmax,old_8,candidate_003_timber,0.22568447887897491,0.7227263450622559,0.05158916115760803
plain_materials,mean_embedding_class_softmax,old_8,candidate_001_timber,0.8530299663543701,0.13301032781600952,0.01395970955491066
plain_materials,mean_embedding_class_softmax,old_9,candidate_002_concrete_block,0.23258070647716522,0.7211108207702637,0.046308375895023346
plain_materials,mean_embedding_class_softmax,old_9,candidate_003_concrete_block,0.1254027783870697,0.37358319759368896,0.501013994216919
plain_materials,mean_embedding_class_softmax,old_9,candidate_001_concrete_block,0.8081309795379639,0.16275160014629364,0.02911742962896824
plain_materials,mean_embedding_class_softmax,old_10,candidate_001_brick,0.8223844170570374,0.11840228736400604,0.0592133104801178
plain_materials,mean_embedding_class_softmax,old_10,candidate_002_brick,0.13639172911643982,0.08130926638841629,0.7822990417480469
plain_materials,mean_embedding_class_softmax,old_11,candidate_002_timber,0.03534293174743652,0.03486454486846924,0.929792582988739
plain_materials,mean_embedding_class_softmax,old_11,candidate_001_timber,0.902703583240509,0.06986574083566666,0.027430620044469833
plain_materials,mean_embedding_class_softmax,old_12,candidate_001_brick,0.8182371854782104,0.11169538646936417,0.0700673758983612
plain_materials,mean_embedding_class_softmax,old_12,candidate_002_brick,0.260152667760849,0.5786300301551819,0.16121728718280792
plain_materials,mean_embedding_class_softmax,old_13,candidate_001_concrete_block,0.31992748379707336,0.5345772504806519,0.14549531042575836
plain_materials,mean_embedding_class_softmax,old_13,candidate_002_concrete_block,0.7844696640968323,0.12378210574388504,0.09174821525812149
plain_materials,mean_embedding_class_softmax,old_14,candidate_001_timber,0.045167434960603714,0.014963577501475811,0.9398689866065979
plain_materials,mean_embedding_class_softmax,old_14,candidate_002_timber,0.3885326087474823,0.5314370393753052,0.08003033697605133
plain_materials,mean_embedding_class_softmax,old_15,candidate_001_concrete_block,0.4137868881225586,0.5148079991340637,0.07140516489744186
plain_materials,mean_embedding_class_softmax,old_15,candidate_002_concrete_block,0.03298624977469444,0.011343998834490776,0.9556697010993958
plain_materials,mean_embedding_class_softmax,old_16,candidate_001_brick,0.7316628098487854,0.19346502423286438,0.07487219572067261
plain_materials,mean_embedding_class_softmax,old_16,candidate_003_brick,0.38916873931884766,0.5486348271369934,0.06219642981886864
plain_materials,mean_embedding_class_softmax,old_16,candidate_002_brick,0.02663450688123703,0.016605762764811516,0.9567596912384033
plain_materials,mean_embedding_class_softmax,old_17,candidate_002_timber,0.06834408640861511,0.02133248932659626,0.9103233814239502
plain_materials,mean_embedding_class_softmax,old_17,candidate_003_timber,0.35005366802215576,0.5988932251930237,0.051053084433078766
plain_materials,mean_embedding_class_softmax,old_17,candidate_001_timber,0.7550837397575378,0.17355450987815857,0.07136179506778717
plain_materials,mean_embedding_class_softmax,old_18,candidate_002_concrete_block,0.46904075145721436,0.47333207726478577,0.05762719735503197
plain_materials,mean_embedding_class_softmax,old_18,candidate_003_concrete_block,0.685723066329956,0.14275996387004852,0.17151693999767303
plain_materials,mean_embedding_class_softmax,old_18,candidate_001_concrete_block,0.06225212663412094,0.03675366938114166,0.9009941816329956
plain_materials,mean_embedding_class_softmax,old_19,candidate_001_brick,0.3777775168418884,0.5859900116920471,0.03623250126838684
plain_materials,mean_embedding_class_softmax,old_19,candidate_002_brick,0.029127376154065132,0.0038638743571937084,0.9670088291168213
plain_materials,mean_embedding_class_softmax,old_20,candidate_002_timber,0.012552449479699135,0.0021484498865902424,0.9852991104125977
plain_materials,mean_embedding_class_softmax,old_20,candidate_001_timber,0.3866044282913208,0.5609835982322693,0.05241191014647484
plain_materials,mean_embedding_class_softmax,old_21,candidate_001_brick,0.4513341784477234,0.44255390763282776,0.10611189901828766
plain_materials,mean_embedding_class_softmax,old_21,candidate_002_brick,0.2888548672199249,0.4695942997932434,0.24155083298683167
plain_materials,mean_embedding_class_softmax,old_22,candidate_002_concrete_block,0.23805180191993713,0.6155908107757568,0.14635737240314484
plain_materials,mean_embedding_class_softmax,old_22,candidate_001_concrete_block,0.40616294741630554,0.41555461287498474,0.1782824695110321
plain_materials,mean_embedding_class_softmax,old_23,candidate_001_timber,0.18971601128578186,0.10679763555526733,0.7034863829612732
plain_materials,mean_embedding_class_softmax,old_23,candidate_002_timber,0.3133683502674103,0.44116562604904175,0.24546605348587036
plain_materials,mean_embedding_class_softmax,old_24,candidate_002_concrete_block,0.29141518473625183,0.5159980058670044,0.19258685410022736
plain_materials,mean_embedding_class_softmax,old_24,candidate_001_concrete_block,0.16325514018535614,0.09028814733028412,0.7464566826820374
plain_materials,mean_embedding_class_softmax,old_25,candidate_001_brick,0.47725552320480347,0.4909469783306122,0.03179745376110077
plain_materials,mean_embedding_class_softmax,old_25,candidate_002_brick,0.23974983394145966,0.2364785075187683,0.5237716436386108
plain_materials,mean_embedding_class_softmax,old_25,candidate_003_brick,0.3753572404384613,0.3626081347465515,0.2620345950126648
plain_materials,mean_embedding_class_softmax,old_26,candidate_002_timber,0.19397544860839844,0.18470613658428192,0.6213183999061584
plain_materials,mean_embedding_class_softmax,old_26,candidate_003_timber,0.32336413860321045,0.41131314635276794,0.265322744846344
plain_materials,mean_embedding_class_softmax,old_26,candidate_001_timber,0.5268411636352539,0.43352147936820984,0.039637330919504166
plain_materials,mean_embedding_class_softmax,old_27,candidate_003_concrete_block,0.40128055214881897,0.3334749937057495,0.26524442434310913
plain_materials,mean_embedding_class_softmax,old_27,candidate_001_concrete_block,0.5491955280303955,0.3937835991382599,0.057020850479602814
plain_materials,mean_embedding_class_softmax,old_27,candidate_002_concrete_block,0.1871943175792694,0.1792527735233307,0.6335529088973999
plain_materials,mean_embedding_class_softmax,case_001_brick,candidate_002_brick,0.8349506258964539,0.16093195974826813,0.004117446020245552
plain_materials,mean_embedding_class_softmax,case_001_brick,candidate_001_brick,0.46652060747146606,0.40503033995628357,0.12844900786876678
plain_materials,mean_embedding_class_softmax,case_001_brick,candidate_003_brick,0.221731036901474,0.680797278881073,0.097471684217453
plain_materials,mean_embedding_class_softmax,case_001_concrete_block,candidate_001_concrete_block,0.46652060747146606,0.40503033995628357,0.12844900786876678
plain_materials,mean_embedding_class_softmax,case_001_concrete_block,candidate_002_concrete_block,0.221731036901474,0.680797278881073,0.097471684217453
plain_materials,mean_embedding_class_softmax,case_001_concrete_block,candidate_003_concrete_block,0.8349503874778748,0.16093222796916962,0.004117460921406746
plain_materials,mean_embedding_class_softmax,case_001_timber,candidate_003_timber,0.221731036901474,0.680797278881073,0.097471684217453
plain_materials,mean_embedding_class_softmax,case_001_timber,candidate_001_timber,0.4665217101573944,0.4050297439098358,0.12844857573509216
plain_materials,mean_embedding_class_softmax,case_001_timber,candidate_002_timber,0.8349506258964539,0.16093195974826813,0.004117446020245552
plain_materials,mean_embedding_class_softmax,case_002_brick,candidate_001_brick,0.7472280263900757,0.2493765652179718,0.0033954300452023745
plain_materials,mean_embedding_class_softmax,case_002_brick,candidate_002_brick,0.3426121175289154,0.4340467154979706,0.2233411818742752
plain_materials,mean_embedding_class_softmax,case_002_brick,candidate_003_brick,0.01850326918065548,0.003810580587014556,0.9776861667633057
plain_materials,mean_embedding_class_softmax,case_002_concrete_block,candidate_001_concrete_block,0.7472280263900757,0.2493765652179718,0.0033954300452023745
plain_materials,mean_embedding_class_softmax,case_002_concrete_block,candidate_002_concrete_block,0.3426121175289154,0.4340467154979706,0.2233411818742752
plain_materials,mean_embedding_class_softmax,case_002_concrete_block,candidate_003_concrete_block,0.01850326918065548,0.003810580587014556,0.9776861667633057
plain_materials,mean_embedding_class_softmax,case_002_timber,candidate_002_timber,0.018503233790397644,0.003810587804764509,0.9776861667633057
plain_materials,mean_embedding_class_softmax,case_002_timber,candidate_003_timber,0.34261155128479004,0.43404680490493774,0.22334164381027222
plain_materials,mean_embedding_class_softmax,case_002_timber,candidate_001_timber,0.7472280263900757,0.2493765652179718,0.0033954300452023745
plain_materials,mean_embedding_class_softmax,case_003_brick,candidate_001_brick,0.7861591577529907,0.20221956074237823,0.011621304787695408
plain_materials,mean_embedding_class_softmax,case_003_concrete_block,candidate_001_concrete_block,0.7861591577529907,0.20221956074237823,0.011621304787695408
plain_materials,mean_embedding_class_softmax,case_003_concrete_block,candidate_002_concrete_block,0.2730449140071869,0.23967601358890533,0.48727908730506897
plain_materials,mean_embedding_class_softmax,case_003_timber,candidate_002_timber,0.2730449140071869,0.23967601358890533,0.48727908730506897
plain_materials,mean_embedding_class_softmax,case_003_timber,candidate_001_timber,0.7861591577529907,0.20221956074237823,0.011621304787695408
plain_materials,mean_embedding_class_softmax,case_004_brick,candidate_001_brick,0.9110726118087769,0.06118026003241539,0.027747098356485367
plain_materials,mean_embedding_class_softmax,case_004_concrete_block,candidate_001_concrete_block,0.08576647192239761,0.8952596783638,0.01897389627993107
plain_materials,mean_embedding_class_softmax,case_004_concrete_block,candidate_003_concrete_block,0.19814763963222504,0.5181657075881958,0.28368672728538513
plain_materials,mean_embedding_class_softmax,case_004_concrete_block,candidate_002_concrete_block,0.9110726714134216,0.06118026375770569,0.027747048065066338
plain_materials,mean_embedding_class_softmax,case_004_timber,candidate_002_timber,0.19814763963222504,0.5181657075881958,0.28368672728538513
plain_materials,mean_embedding_class_softmax,case_004_timber,candidate_001_timber,0.9110726714134216,0.06118026375770569,0.027747048065066338
plain_materials,mean_embedding_class_softmax,case_005_brick,candidate_001_brick,0.8256392478942871,0.10216185450553894,0.07219889014959335
plain_materials,mean_embedding_class_softmax,case_005_brick,candidate_003_brick,0.6102830767631531,0.3266323506832123,0.06308464705944061
plain_materials,mean_embedding_class_softmax,case_005_brick,candidate_002_brick,0.01106342300772667,0.0120405163615942,0.9768959879875183
plain_materials,mean_embedding_class_softmax,case_005_concrete_block,candidate_003_concrete_block,0.6102822422981262,0.32663312554359436,0.06308456510305405
plain_materials,mean_embedding_class_softmax,case_005_concrete_block,candidate_001_concrete_block,0.8256392478942871,0.10216185450553894,0.07219889014959335
plain_materials,mean_embedding_class_softmax,case_005_concrete_block,candidate_002_concrete_block,0.01106336060911417,0.012040470726788044,0.9768961071968079
plain_materials,mean_embedding_class_softmax,case_005_timber,candidate_002_timber,0.01106336060911417,0.012040470726788044,0.9768961071968079
plain_materials,mean_embedding_class_softmax,case_005_timber,candidate_003_timber,0.6102830767631531,0.3266323506832123,0.06308464705944061
plain_materials,mean_embedding_class_softmax,case_005_timber,candidate_001_timber,0.8256392478942871,0.10216185450553894,0.07219889014959335
plain_materials,mean_embedding_class_softmax,case_006_brick,candidate_001_brick,0.8145945072174072,0.17764227092266083,0.007763202767819166
plain_materials,mean_embedding_class_softmax,case_006_brick,candidate_002_brick,0.5137242078781128,0.10503962635993958,0.38123619556427
plain_materials,mean_embedding_class_softmax,case_006_concrete_block,candidate_002_concrete_block,0.3606323301792145,0.4742077589035034,0.1651599109172821
plain_materials,mean_embedding_class_softmax,case_006_concrete_block,candidate_001_concrete_block,0.8145945072174072,0.17764227092266083,0.007763202767819166
plain_materials,mean_embedding_class_softmax,case_006_concrete_block,candidate_003_concrete_block,0.5137251615524292,0.10503941029310226,0.3812354803085327
plain_materials,mean_embedding_class_softmax,case_006_timber,candidate_003_timber,0.5137251615524292,0.10503941029310226,0.3812354803085327
plain_materials,mean_embedding_class_softmax,case_006_timber,candidate_002_timber,0.3606325387954712,0.4742080569267273,0.16515938937664032
plain_materials,mean_embedding_class_softmax,case_006_timber,candidate_001_timber,0.8145945072174072,0.17764227092266083,0.007763202767819166
plain_materials,mean_embedding_class_softmax,case_007_brick,candidate_001_brick,0.8760955333709717,0.0817767009139061,0.042127806693315506
plain_materials,mean_embedding_class_softmax,case_007_concrete_block,candidate_001_concrete_block,0.5039026737213135,0.4943307042121887,0.0017666612984612584
plain_materials,mean_embedding_class_softmax,case_007_concrete_block,candidate_003_concrete_block,0.847780704498291,0.0807168260216713,0.07150240987539291
plain_materials,mean_embedding_class_softmax,case_007_concrete_block,candidate_002_concrete_block,0.15537045896053314,0.030475040897727013,0.8141544461250305
plain_materials,mean_embedding_class_softmax,case_007_timber,candidate_001_timber,0.152279332280159,0.0285036601126194,0.8192169666290283
plain_materials,mean_embedding_class_softmax,case_007_timber,candidate_003_timber,0.8452447056770325,0.07302545011043549,0.08172988146543503
plain_materials,mean_embedding_class_softmax,case_007_timber,candidate_002_timber,0.4995182752609253,0.49869483709335327,0.001786914304830134
plain_materials,mean_embedding_class_softmax,case_008_brick,candidate_001_brick,0.8298497200012207,0.12506558001041412,0.045084744691848755
plain_materials,mean_embedding_class_softmax,case_008_brick,candidate_002_brick,0.5672612190246582,0.38619494438171387,0.04654383659362793
plain_materials,mean_embedding_class_softmax,case_008_brick,candidate_003_brick,0.25816792249679565,0.13403567671775818,0.6077964305877686
plain_materials,mean_embedding_class_softmax,case_008_concrete_block,candidate_003_concrete_block,0.5672616362571716,0.38619449734687805,0.046543870121240616
plain_materials,mean_embedding_class_softmax,case_008_concrete_block,candidate_001_concrete_block,0.8298497200012207,0.12506558001041412,0.045084744691848755
plain_materials,mean_embedding_class_softmax,case_008_concrete_block,candidate_002_concrete_block,0.2581678032875061,0.134036123752594,0.6077961325645447
plain_materials,mean_embedding_class_softmax,case_008_timber,candidate_002_timber,0.253165602684021,0.13285255432128906,0.6139818429946899
plain_materials,mean_embedding_class_softmax,case_008_timber,candidate_003_timber,0.5730113983154297,0.37952345609664917,0.047465257346630096
plain_materials,mean_embedding_class_softmax,case_008_timber,candidate_001_timber,0.8298497200012207,0.12506558001041412,0.045084744691848755
plain_materials,mean_embedding_class_softmax,case_009_brick,candidate_001_brick,0.4838436543941498,0.507753849029541,0.008402439765632153
plain_materials,mean_embedding_class_softmax,case_009_brick,candidate_002_brick,0.22499024868011475,0.3949146270751953,0.38009512424468994
plain_materials,mean_embedding_class_softmax,case_009_concrete_block,candidate_001_concrete_block,0.4838436543941498,0.507753849029541,0.008402470499277115
plain_materials,mean_embedding_class_softmax,case_009_concrete_block,candidate_003_concrete_block,0.22499027848243713,0.394913911819458,0.38009586930274963
plain_materials,mean_embedding_class_softmax,case_009_concrete_block,candidate_002_concrete_block,0.002884647576138377,0.003530153539031744,0.9935851693153381
plain_materials,mean_embedding_class_softmax,case_009_timber,candidate_002_timber,0.0029548683669418097,0.003716095583513379,0.9933290481567383
plain_materials,mean_embedding_class_softmax,case_009_timber,candidate_001_timber,0.4838436543941498,0.507753849029541,0.008402439765632153
plain_materials,mean_embedding_class_softmax,case_010_brick,candidate_001_brick,0.4972979724407196,0.4283306896686554,0.07437140494585037
plain_materials,mean_embedding_class_softmax,case_010_brick,candidate_002_brick,0.380077987909317,0.19099567830562592,0.4289263188838959
plain_materials,mean_embedding_class_softmax,case_010_brick,candidate_003_brick,0.17852695286273956,0.7419748902320862,0.07949815690517426
plain_materials,mean_embedding_class_softmax,case_010_concrete_block,candidate_002_concrete_block,0.49729618430137634,0.4283324182033539,0.07437141984701157
plain_materials,mean_embedding_class_softmax,case_010_concrete_block,candidate_001_concrete_block,0.17852695286273956,0.7419748902320862,0.07949815690517426
plain_materials,mean_embedding_class_softmax,case_010_timber,candidate_003_timber,0.380077987909317,0.19099567830562592,0.4289263188838959
plain_materials,mean_embedding_class_softmax,case_010_timber,candidate_001_timber,0.17852695286273956,0.7419748902320862,0.07949815690517426
plain_materials,mean_embedding_class_softmax,case_010_timber,candidate_002_timber,0.4972979724407196,0.4283306896686554,0.07437140494585037
plain_materials,mean_embedding_class_softmax,case_011_brick,candidate_002_brick,0.8873825073242188,0.0722452700138092,0.04037224501371384
plain_materials,mean_embedding_class_softmax,case_011_brick,candidate_001_brick,0.3699724078178406,0.46776387095451355,0.16226373612880707
plain_materials,mean_embedding_class_softmax,case_011_brick,candidate_003_brick,0.048009537160396576,0.010521342046558857,0.9414690732955933
plain_materials,mean_embedding_class_softmax,case_011_concrete_block,candidate_001_concrete_block,0.369972825050354,0.46776261925697327,0.16226452589035034
plain_materials,mean_embedding_class_softmax,case_011_concrete_block,candidate_002_concrete_block,0.04800963029265404,0.010521362535655499,0.9414690732955933
plain_materials,mean_embedding_class_softmax,case_011_timber,candidate_001_timber,0.04800963029265404,0.010521362535655499,0.9414690732955933
plain_materials,mean_embedding_class_softmax,case_011_timber,candidate_002_timber,0.3699724078178406,0.46776387095451355,0.16226373612880707
plain_materials,mean_embedding_class_softmax,case_011_timber,candidate_003_timber,0.8879346251487732,0.06869083642959595,0.0433744415640831
plain_materials,mean_embedding_class_softmax,case_012_brick,candidate_001_brick,0.931877851486206,0.04640130698680878,0.02172074466943741
plain_materials,mean_embedding_class_softmax,case_012_brick,candidate_002_brick,0.2573520839214325,0.4268954396247864,0.3157525062561035
plain_materials,mean_embedding_class_softmax,case_012_concrete_block,candidate_002_concrete_block,0.2573522925376892,0.4268949627876282,0.315752774477005
plain_materials,mean_embedding_class_softmax,case_012_concrete_block,candidate_001_concrete_block,0.931877851486206,0.04640130698680878,0.02172078564763069
plain_materials,mean_embedding_class_softmax,case_012_timber,candidate_002_timber,0.15658269822597504,0.0705423653125763,0.7728748917579651
plain_materials,mean_embedding_class_softmax,case_012_timber,candidate_003_timber,0.2573520839214325,0.4268954396247864,0.3157525062561035
plain_materials,mean_embedding_class_softmax,case_012_timber,candidate_001_timber,0.931877851486206,0.04640130698680878,0.02172074466943741
plain_materials,mean_embedding_class_softmax,TS_F01,candidate_001_concrete_block,0.38147151470184326,0.5365868210792542,0.0819416493177414
plain_materials,mean_embedding_class_softmax,TS_F01,candidate_002_concrete_block,0.15979087352752686,0.32836899161338806,0.5118401050567627
plain_materials,mean_embedding_class_softmax,TS_F02,candidate_001_timber,0.5321471691131592,0.2719269394874573,0.19592589139938354
plain_materials,mean_embedding_class_softmax,TS_F02,candidate_002_timber,0.24812112748622894,0.7203077673912048,0.031571004539728165
plain_materials,mean_embedding_class_softmax,TS_F03,candidate_002_brick,0.08182711154222488,0.09887681901454926,0.8192960023880005
plain_materials,mean_embedding_class_softmax,TS_F03,candidate_001_brick,0.2877325713634491,0.6454957723617554,0.06677167862653732
plain_materials,mean_embedding_class_softmax,TS_F05,candidate_001_concrete_block,0.8223844170570374,0.11840228736400604,0.0592133104801178
plain_materials,mean_embedding_class_softmax,TS_F05,candidate_002_concrete_block,0.13639113306999207,0.0813087597489357,0.7823001146316528
plain_materials,mean_embedding_class_softmax,TS_F06,candidate_002_timber,0.260152667760849,0.5786300301551819,0.16121728718280792
plain_materials,mean_embedding_class_softmax,TS_F06,candidate_001_timber,0.8182371854782104,0.11169538646936417,0.0700673758983612
plain_materials,mean_embedding_class_softmax,TS_F07,candidate_001_brick,0.38853299617767334,0.531436562538147,0.0800304189324379
plain_materials,mean_embedding_class_softmax,TS_F07,candidate_002_brick,0.045167189091444016,0.01496358122676611,0.939869225025177
plain_materials,mean_embedding_class_softmax,TS_F09,candidate_001_concrete_block,0.37777671217918396,0.5859909653663635,0.0362323522567749
plain_materials,mean_embedding_class_softmax,TS_F09,candidate_002_concrete_block,0.029127320274710655,0.0038638815749436617,0.9670088291168213
plain_materials,mean_embedding_class_softmax,TS_F10,candidate_002_timber,0.2888553738594055,0.469593346118927,0.2415512651205063
plain_materials,mean_embedding_class_softmax,TS_F10,candidate_001_timber,0.45133331418037415,0.442554771900177,0.10611189901828766
plain_materials,mean_embedding_class_softmax,TS_F11,candidate_002_brick,0.3133683502674103,0.44116562604904175,0.24546605348587036
plain_materials,mean_embedding_class_softmax,TS_F11,candidate_001_brick,0.18971601128578186,0.10679763555526733,0.7034863829612732
closeup_texture,max_prompt_softmax,old_1,candidate_001_brick,0.06809274852275848,0.1913803219795227,0.03276805207133293
closeup_texture,max_prompt_softmax,old_1,candidate_002_brick,0.06487953662872314,0.08216384053230286,0.23045134544372559
closeup_texture,max_prompt_softmax,old_2,candidate_002_timber,0.06527155637741089,0.06684032827615738,0.2699585556983948
closeup_texture,max_prompt_softmax,old_2,candidate_001_timber,0.060416437685489655,0.21747790277004242,0.033125877380371094
closeup_texture,max_prompt_softmax,old_3,candidate_001_brick,0.12381387501955032,0.08823718875646591,0.11097440123558044
closeup_texture,max_prompt_softmax,old_3,candidate_002_brick,0.045896977186203,0.20652665197849274,0.02182670123875141
closeup_texture,max_prompt_softmax,old_4,candidate_002_concrete_block,0.032572872936725616,0.25137898325920105,0.020579220727086067
closeup_texture,max_prompt_softmax,old_4,candidate_001_concrete_block,0.09827154874801636,0.06193702295422554,0.1833004653453827
closeup_texture,max_prompt_softmax,old_5,candidate_001_timber,0.014934295788407326,0.023489300161600113,0.40586820244789124
closeup_texture,max_prompt_softmax,old_5,candidate_002_timber,0.07693633437156677,0.20143993198871613,0.048798419535160065
closeup_texture,max_prompt_softmax,old_6,candidate_001_concrete_block,0.057408981025218964,0.29002994298934937,0.04214213788509369
closeup_texture,max_prompt_softmax,old_6,candidate_002_concrete_block,0.020443903282284737,0.022923920303583145,0.36876580119132996
closeup_texture,max_prompt_softmax,old_7,candidate_001_brick,0.295563668012619,0.13519352674484253,0.028217287734150887
closeup_texture,max_prompt_softmax,old_7,candidate_003_brick,0.04475139081478119,0.2514798045158386,0.07407558709383011
closeup_texture,max_prompt_softmax,old_7,candidate_002_brick,0.01597650721669197,0.023642031475901604,0.3443770110607147
closeup_texture,max_prompt_softmax,old_8,candidate_002_timber,0.039201267063617706,0.08763822913169861,0.24043431878089905
closeup_texture,max_prompt_softmax,old_8,candidate_003_timber,0.04356582835316658,0.33896002173423767,0.05561048537492752
closeup_texture,max_prompt_softmax,old_8,candidate_001_timber,0.24970613420009613,0.11529035121202469,0.021410247310996056
closeup_texture,max_prompt_softmax,old_9,candidate_002_concrete_block,0.05241900682449341,0.32631322741508484,0.0504424124956131
closeup_texture,max_prompt_softmax,old_9,candidate_003_concrete_block,0.0344277024269104,0.09705007076263428,0.26130950450897217
closeup_texture,max_prompt_softmax,old_9,candidate_001_concrete_block,0.2594463527202606,0.11868627369403839,0.03689444065093994
closeup_texture,max_prompt_softmax,old_10,candidate_001_brick,0.28508955240249634,0.02815934084355831,0.09236915409564972
closeup_texture,max_prompt_softmax,old_10,candidate_002_brick,0.03599012643098831,0.014180384576320648,0.3700885772705078
closeup_texture,max_prompt_softmax,old_11,candidate_002_timber,0.003445953130722046,0.005988365970551968,0.6350972056388855
closeup_texture,max_prompt_softmax,old_11,candidate_001_timber,0.32861465215682983,0.02049802802503109,0.03552837669849396
closeup_texture,max_prompt_softmax,old_12,candidate_001_brick,0.21634525060653687,0.038936518132686615,0.09294995665550232
closeup_texture,max_prompt_softmax,old_12,candidate_002_brick,0.04830102249979973,0.1644708663225174,0.08877040445804596
closeup_texture,max_prompt_softmax,old_13,candidate_001_concrete_block,0.05748577415943146,0.20199285447597504,0.07343782484531403
closeup_texture,max_prompt_softmax,old_13,candidate_002_concrete_block,0.22627678513526917,0.03617953509092331,0.14203697443008423
closeup_texture,max_prompt_softmax,old_14,candidate_001_timber,0.005149993114173412,0.002618570579215884,0.27258941531181335
closeup_texture,max_prompt_softmax,old_14,candidate_002_timber,0.09124453365802765,0.1633673906326294,0.04081400856375694
closeup_texture,max_prompt_softmax,old_15,candidate_001_concrete_block,0.13833437860012054,0.19236989319324493,0.03350374847650528
closeup_texture,max_prompt_softmax,old_15,candidate_002_concrete_block,0.00605711480602622,0.0017938569653779268,0.2118428647518158
closeup_texture,max_prompt_softmax,old_16,candidate_001_brick,0.2808639407157898,0.0544276088476181,0.07223907858133316
closeup_texture,max_prompt_softmax,old_16,candidate_003_brick,0.07609076797962189,0.16798092424869537,0.04052913933992386
closeup_texture,max_prompt_softmax,old_16,candidate_002_brick,0.0026392503641545773,0.0020084294956177473,0.30584120750427246
closeup_texture,max_prompt_softmax,old_17,candidate_002_timber,0.011305849999189377,0.0038234854582697153,0.24541892111301422
closeup_texture,max_prompt_softmax,old_17,candidate_003_timber,0.11205429583787918,0.2292662411928177,0.02790944278240204
closeup_texture,max_prompt_softmax,old_17,candidate_001_timber,0.24955323338508606,0.05347088351845741,0.06328991055488586
closeup_texture,max_prompt_softmax,old_18,candidate_002_concrete_block,0.16068880259990692,0.20190906524658203,0.029236717149615288
closeup_texture,max_prompt_softmax,old_18,candidate_003_concrete_block,0.24907928705215454,0.037716977298259735,0.1243048757314682
closeup_texture,max_prompt_softmax,old_18,candidate_001_concrete_block,0.013909629546105862,0.006637656595557928,0.24045893549919128
closeup_texture,max_prompt_softmax,old_19,candidate_001_brick,0.05629216507077217,0.20570562779903412,0.036111947149038315
closeup_texture,max_prompt_softmax,old_19,candidate_002_brick,0.003363943425938487,0.0009031957597471774,0.38757213950157166
closeup_texture,max_prompt_softmax,old_20,candidate_002_timber,0.0014846050180494785,0.0006450327346101403,0.41468164324760437
closeup_texture,max_prompt_softmax,old_20,candidate_001_timber,0.06223563849925995,0.1941603124141693,0.046578746289014816
closeup_texture,max_prompt_softmax,old_21,candidate_001_brick,0.16305185854434967,0.180744469165802,0.06295713037252426
closeup_texture,max_prompt_softmax,old_21,candidate_002_brick,0.06442786753177643,0.19444866478443146,0.1638602912425995
closeup_texture,max_prompt_softmax,old_22,candidate_002_concrete_block,0.03901046887040138,0.22632251679897308,0.08920886367559433
closeup_texture,max_prompt_softmax,old_22,candidate_001_concrete_block,0.13608936965465546,0.13578523695468903,0.08966609090566635
closeup_texture,max_prompt_softmax,old_23,candidate_001_timber,0.02974468283355236,0.015948323532938957,0.25641337037086487
closeup_texture,max_prompt_softmax,old_23,candidate_002_timber,0.10582338273525238,0.11410851776599884,0.07462067902088165
closeup_texture,max_prompt_softmax,old_24,candidate_002_concrete_block,0.12092651426792145,0.16814430058002472,0.07034395635128021
closeup_texture,max_prompt_softmax,old_24,candidate_001_concrete_block,0.026179080829024315,0.01719297468662262,0.22518384456634521
closeup_texture,max_prompt_softmax,old_25,candidate_001_brick,0.06301407516002655,0.26748397946357727,0.06773898750543594
closeup_texture,max_prompt_softmax,old_25,candidate_002_brick,0.07343789935112,0.0677424818277359,0.25383925437927246
closeup_texture,max_prompt_softmax,old_25,candidate_003_brick,0.1327592432498932,0.11503410339355469,0.1456107348203659
closeup_texture,max_prompt_softmax,old_26,candidate_002_timber,0.040994904935359955,0.03608883544802666,0.27299708127975464
closeup_texture,max_prompt_softmax,old_26,candidate_003_timber,0.12310975790023804,0.13699063658714294,0.15794706344604492
closeup_texture,max_prompt_softmax,old_26,candidate_001_timber,0.06145595759153366,0.25984805822372437,0.03851548954844475
closeup_texture,max_prompt_softmax,old_27,candidate_003_concrete_block,0.14137491583824158,0.1129290983080864,0.1379983276128769
closeup_texture,max_prompt_softmax,old_27,candidate_001_concrete_block,0.0790015235543251,0.20826995372772217,0.09089326113462448
closeup_texture,max_prompt_softmax,old_27,candidate_002_concrete_block,0.05171067640185356,0.041174765676259995,0.303743451833725
closeup_texture,max_prompt_softmax,case_001_brick,candidate_002_brick,0.21955247223377228,0.06683366000652313,0.005384817719459534
closeup_texture,max_prompt_softmax,case_001_brick,candidate_001_brick,0.11032122373580933,0.17756199836730957,0.06429287046194077
closeup_texture,max_prompt_softmax,case_001_brick,candidate_003_brick,0.07419806718826294,0.20570142567157745,0.05295782908797264
closeup_texture,max_prompt_softmax,case_001_concrete_block,candidate_001_concrete_block,0.11032122373580933,0.17756199836730957,0.06429287046194077
closeup_texture,max_prompt_softmax,case_001_concrete_block,candidate_002_concrete_block,0.07419806718826294,0.20570142567157745,0.05295782908797264
closeup_texture,max_prompt_softmax,case_001_concrete_block,candidate_003_concrete_block,0.2195531576871872,0.06683386862277985,0.005384813994169235
closeup_texture,max_prompt_softmax,case_001_timber,candidate_003_timber,0.07419806718826294,0.20570142567157745,0.05295782908797264
closeup_texture,max_prompt_softmax,case_001_timber,candidate_001_timber,0.11032138019800186,0.1775619238615036,0.06429297477006912
closeup_texture,max_prompt_softmax,case_001_timber,candidate_002_timber,0.21955247223377228,0.06683366000652313,0.005384817719459534
closeup_texture,max_prompt_softmax,case_002_brick,candidate_001_brick,0.3265754282474518,0.12382125109434128,0.008970641531050205
closeup_texture,max_prompt_softmax,case_002_brick,candidate_002_brick,0.08260231465101242,0.1600351780653,0.173210009932518
closeup_texture,max_prompt_softmax,case_002_brick,candidate_003_brick,0.0028565400280058384,0.0007517899503000081,0.49965208768844604
closeup_texture,max_prompt_softmax,case_002_concrete_block,candidate_001_concrete_block,0.3265754282474518,0.12382125109434128,0.008970641531050205
closeup_texture,max_prompt_softmax,case_002_concrete_block,candidate_002_concrete_block,0.08260231465101242,0.1600351780653,0.173210009932518
closeup_texture,max_prompt_softmax,case_002_concrete_block,candidate_003_concrete_block,0.0028565400280058384,0.0007517899503000081,0.49965208768844604
closeup_texture,max_prompt_softmax,case_002_timber,candidate_002_timber,0.002856529550626874,0.000751790008507669,0.4996521472930908
closeup_texture,max_prompt_softmax,case_002_timber,candidate_003_timber,0.08260223269462585,0.16003593802452087,0.17320917546749115
closeup_texture,max_prompt_softmax,case_002_timber,candidate_001_timber,0.3265754282474518,0.12382125109434128,0.008970641531050205
closeup_texture,max_prompt_softmax,case_003_brick,candidate_001_brick,0.20779328048229218,0.07594658434391022,0.0199090875685215
closeup_texture,max_prompt_softmax,case_003_concrete_block,candidate_001_concrete_block,0.20779328048229218,0.07594658434391022,0.0199090875685215
closeup_texture,max_prompt_softmax,case_003_concrete_block,candidate_002_concrete_block,0.054178476333618164,0.033653661608695984,0.2274690717458725
closeup_texture,max_prompt_softmax,case_003_timber,candidate_002_timber,0.054178476333618164,0.033653661608695984,0.2274690717458725
closeup_texture,max_prompt_softmax,case_003_timber,candidate_001_timber,0.20779328048229218,0.07594658434391022,0.0199090875685215
closeup_texture,max_prompt_softmax,case_004_brick,candidate_001_brick,0.42586055397987366,0.030211329460144043,0.029091546311974525
closeup_texture,max_prompt_softmax,case_004_concrete_block,candidate_001_concrete_block,0.02191019617021084,0.19375266134738922,0.007428821176290512
closeup_texture,max_prompt_softmax,case_004_concrete_block,candidate_003_concrete_block,0.08685725927352905,0.17418141663074493,0.11062019318342209
closeup_texture,max_prompt_softmax,case_004_concrete_block,candidate_002_concrete_block,0.42586007714271545,0.030211351811885834,0.02909167855978012
closeup_texture,max_prompt_softmax,case_004_timber,candidate_002_timber,0.08685725927352905,0.17418141663074493,0.11062019318342209
closeup_texture,max_prompt_softmax,case_004_timber,candidate_001_timber,0.42586007714271545,0.030211351811885834,0.02909167855978012
closeup_texture,max_prompt_softmax,case_005_brick,candidate_001_brick,0.35447943210601807,0.052265677601099014,0.08098185807466507
closeup_texture,max_prompt_softmax,case_005_brick,candidate_003_brick,0.2679807245731354,0.14216504991054535,0.029210668057203293
closeup_texture,max_prompt_softmax,case_005_brick,candidate_002_brick,0.0033850388135761023,0.0023127326276153326,0.34150680899620056
closeup_texture,max_prompt_softmax,case_005_concrete_block,candidate_003_concrete_block,0.2679824233055115,0.142165407538414,0.029210519045591354
closeup_texture,max_prompt_softmax,case_005_concrete_block,candidate_001_concrete_block,0.35447943210601807,0.052265677601099014,0.08098185807466507
closeup_texture,max_prompt_softmax,case_005_concrete_block,candidate_002_concrete_block,0.0033850478939712048,0.002312743104994297,0.3415064215660095
closeup_texture,max_prompt_softmax,case_005_timber,candidate_002_timber,0.0033850478939712048,0.002312743104994297,0.3415064215660095
closeup_texture,max_prompt_softmax,case_005_timber,candidate_003_timber,0.2679807245731354,0.14216504991054535,0.029210668057203293
closeup_texture,max_prompt_softmax,case_005_timber,candidate_001_timber,0.35447943210601807,0.052265677601099014,0.08098185807466507
closeup_texture,max_prompt_softmax,case_006_brick,candidate_001_brick,0.2375965416431427,0.07515682280063629,0.010330717079341412
closeup_texture,max_prompt_softmax,case_006_brick,candidate_002_brick,0.08135320246219635,0.03446577489376068,0.43663766980171204
closeup_texture,max_prompt_softmax,case_006_concrete_block,candidate_002_concrete_block,0.09799476712942123,0.1920262724161148,0.03887627273797989
closeup_texture,max_prompt_softmax,case_006_concrete_block,candidate_001_concrete_block,0.2375965416431427,0.07515682280063629,0.010330717079341412
closeup_texture,max_prompt_softmax,case_006_concrete_block,candidate_003_concrete_block,0.08135323971509933,0.034466054290533066,0.4366362392902374
closeup_texture,max_prompt_softmax,case_006_timber,candidate_003_timber,0.08135323971509933,0.034466054290533066,0.4366362392902374
closeup_texture,max_prompt_softmax,case_006_timber,candidate_002_timber,0.09799439460039139,0.19202664494514465,0.03887634724378586
closeup_texture,max_prompt_softmax,case_006_timber,candidate_001_timber,0.2375965416431427,0.07515682280063629,0.010330717079341412
closeup_texture,max_prompt_softmax,case_007_brick,candidate_001_brick,0.30189311504364014,0.036362700164318085,0.05045640468597412
closeup_texture,max_prompt_softmax,case_007_concrete_block,candidate_001_concrete_block,0.1132909432053566,0.2216961532831192,0.0019306959584355354
closeup_texture,max_prompt_softmax,case_007_concrete_block,candidate_003_concrete_block,0.28274551033973694,0.03532824292778969,0.07838033139705658
closeup_texture,max_prompt_softmax,case_007_concrete_block,candidate_002_concrete_block,0.02135772816836834,0.004766189958900213,0.6518394351005554
closeup_texture,max_prompt_softmax,case_007_timber,candidate_001_timber,0.021995050832629204,0.004777539987117052,0.6463388800621033
closeup_texture,max_prompt_softmax,case_007_timber,candidate_003_timber,0.2806275188922882,0.03244920074939728,0.09437570720911026
closeup_texture,max_prompt_softmax,case_007_timber,candidate_002_timber,0.11187981069087982,0.22142425179481506,0.0019692282658070326
closeup_texture,max_prompt_softmax,case_008_brick,candidate_001_brick,0.17614759504795074,0.06475833058357239,0.033272989094257355
closeup_texture,max_prompt_softmax,case_008_brick,candidate_002_brick,0.15689150989055634,0.12293457984924316,0.03652109578251839
closeup_texture,max_prompt_softmax,case_008_brick,candidate_003_brick,0.03124910220503807,0.02099122293293476,0.5664283037185669
closeup_texture,max_prompt_softmax,case_008_concrete_block,candidate_003_concrete_block,0.1568911373615265,0.12293452024459839,0.036521147936582565
closeup_texture,max_prompt_softmax,case_008_concrete_block,candidate_001_concrete_block,0.17614759504795074,0.06475833058357239,0.033272989094257355
closeup_texture,max_prompt_softmax,case_008_concrete_block,candidate_002_concrete_block,0.03124903328716755,0.020991215482354164,0.5664291977882385
closeup_texture,max_prompt_softmax,case_008_timber,candidate_002_timber,0.030292360112071037,0.02044178731739521,0.5714092254638672
closeup_texture,max_prompt_softmax,case_008_timber,candidate_003_timber,0.15878570079803467,0.12001580744981766,0.03765345364809036
closeup_texture,max_prompt_softmax,case_008_timber,candidate_001_timber,0.17614759504795074,0.06475833058357239,0.033272989094257355
closeup_texture,max_prompt_softmax,case_009_brick,candidate_001_brick,0.14154720306396484,0.19786229729652405,0.008003265596926212
closeup_texture,max_prompt_softmax,case_009_brick,candidate_002_brick,0.050994377583265305,0.14859448373317719,0.06952936202287674
closeup_texture,max_prompt_softmax,case_009_concrete_block,candidate_001_concrete_block,0.14154745638370514,0.19786189496517181,0.00800324883311987
closeup_texture,max_prompt_softmax,case_009_concrete_block,candidate_003_concrete_block,0.050994355231523514,0.14859499037265778,0.0695294663310051
closeup_texture,max_prompt_softmax,case_009_concrete_block,candidate_002_concrete_block,0.0004144540289416909,0.0004914596793241799,0.7723886370658875
closeup_texture,max_prompt_softmax,case_009_timber,candidate_002_timber,0.00042552195372991264,0.0005157288396731019,0.7764037847518921
closeup_texture,max_prompt_softmax,case_009_timber,candidate_001_timber,0.14154772460460663,0.19786076247692108,0.008003203198313713
closeup_texture,max_prompt_softmax,case_010_brick,candidate_001_brick,0.11806801706552505,0.1654307246208191,0.08161284774541855
closeup_texture,max_prompt_softmax,case_010_brick,candidate_002_brick,0.1538148820400238,0.04274316877126694,0.14490057528018951
closeup_texture,max_prompt_softmax,case_010_brick,candidate_003_brick,0.04248076677322388,0.27237945795059204,0.06330835074186325
closeup_texture,max_prompt_softmax,case_010_concrete_block,candidate_002_concrete_block,0.11806832253932953,0.1654302179813385,0.08161228895187378
closeup_texture,max_prompt_softmax,case_010_concrete_block,candidate_001_concrete_block,0.04248063266277313,0.2723791301250458,0.06330851465463638
closeup_texture,max_prompt_softmax,case_010_timber,candidate_003_timber,0.1538148820400238,0.04274316877126694,0.14490057528018951
closeup_texture,max_prompt_softmax,case_010_timber,candidate_001_timber,0.04248063266277313,0.2723791301250458,0.06330851465463638
closeup_texture,max_prompt_softmax,case_010_timber,candidate_002_timber,0.11806801706552505,0.1654307246208191,0.08161284774541855
closeup_texture,max_prompt_softmax,case_011_brick,candidate_002_brick,0.22722399234771729,0.03705638274550438,0.06316863000392914
closeup_texture,max_prompt_softmax,case_011_brick,candidate_001_brick,0.09667250514030457,0.11941082030534744,0.11536028236150742
closeup_texture,max_prompt_softmax,case_011_brick,candidate_003_brick,0.01700851321220398,0.002890557749196887,0.31814610958099365
closeup_texture,max_prompt_softmax,case_011_concrete_block,candidate_001_concrete_block,0.09667278081178665,0.1194109246134758,0.11536061018705368
closeup_texture,max_prompt_softmax,case_011_concrete_block,candidate_002_concrete_block,0.017008524388074875,0.002890554256737232,0.3181457221508026
closeup_texture,max_prompt_softmax,case_011_timber,candidate_001_timber,0.017008524388074875,0.002890554256737232,0.3181457221508026
closeup_texture,max_prompt_softmax,case_011_timber,candidate_002_timber,0.09667250514030457,0.11941082030534744,0.11536028236150742
closeup_texture,max_prompt_softmax,case_011_timber,candidate_003_timber,0.21321842074394226,0.035134587436914444,0.06528420001268387
closeup_texture,max_prompt_softmax,case_012_brick,candidate_001_brick,0.4341336488723755,0.02544133923947811,0.02747199684381485
closeup_texture,max_prompt_softmax,case_012_brick,candidate_002_brick,0.03502373769879341,0.09714752435684204,0.13163051009178162
closeup_texture,max_prompt_softmax,case_012_concrete_block,candidate_002_concrete_block,0.035023655742406845,0.09714765846729279,0.13163094222545624
closeup_texture,max_prompt_softmax,case_012_concrete_block,candidate_001_concrete_block,0.43413233757019043,0.025441311299800873,0.02747206948697567
closeup_texture,max_prompt_softmax,case_012_timber,candidate_002_timber,0.028069207444787025,0.014517242088913918,0.3424450755119324
closeup_texture,max_prompt_softmax,case_012_timber,candidate_003_timber,0.03502373769879341,0.09714752435684204,0.13163051009178162
closeup_texture,max_prompt_softmax,case_012_timber,candidate_001_timber,0.4341336488723755,0.02544133923947811,0.02747199684381485
closeup_texture,max_prompt_softmax,TS_F01,candidate_001_concrete_block,0.06809274852275848,0.1913803219795227,0.03276805207133293
closeup_texture,max_prompt_softmax,TS_F01,candidate_002_concrete_block,0.06487953662872314,0.08216384053230286,0.23045134544372559
closeup_texture,max_prompt_softmax,TS_F02,candidate_001_timber,0.12381387501955032,0.08823718875646591,0.11097440123558044
closeup_texture,max_prompt_softmax,TS_F02,candidate_002_timber,0.045897047966718674,0.20652657747268677,0.02182677760720253
closeup_texture,max_prompt_softmax,TS_F03,candidate_002_brick,0.014934178441762924,0.023489248007535934,0.40586885809898376
closeup_texture,max_prompt_softmax,TS_F03,candidate_001_brick,0.07693633437156677,0.20143993198871613,0.048798419535160065
closeup_texture,max_prompt_softmax,TS_F05,candidate_001_concrete_block,0.28508955240249634,0.02815934084355831,0.09236915409564972
closeup_texture,max_prompt_softmax,TS_F05,candidate_002_concrete_block,0.03599017485976219,0.014180402271449566,0.3700876533985138
closeup_texture,max_prompt_softmax,TS_F06,candidate_002_timber,0.04830102249979973,0.1644708663225174,0.08877040445804596
closeup_texture,max_prompt_softmax,TS_F06,candidate_001_timber,0.21634525060653687,0.038936518132686615,0.09294995665550232
closeup_texture,max_prompt_softmax,TS_F07,candidate_001_brick,0.09124422073364258,0.1633680760860443,0.04081394523382187
closeup_texture,max_prompt_softmax,TS_F07,candidate_002_brick,0.00514999870210886,0.0026185784954577684,0.27258867025375366
closeup_texture,max_prompt_softmax,TS_F09,candidate_001_concrete_block,0.056291840970516205,0.2057044506072998,0.036112088710069656
closeup_texture,max_prompt_softmax,TS_F09,candidate_002_concrete_block,0.0033639317844063044,0.0009031891822814941,0.3875744938850403
closeup_texture,max_prompt_softmax,TS_F10,candidate_002_timber,0.0644279271364212,0.1944488286972046,0.16386105120182037
closeup_texture,max_prompt_softmax,TS_F10,candidate_001_timber,0.1630525141954422,0.1807444989681244,0.06295713782310486
closeup_texture,max_prompt_softmax,TS_F11,candidate_002_brick,0.10582338273525238,0.11410851776599884,0.07462067902088165
closeup_texture,max_prompt_softmax,TS_F11,candidate_001_brick,0.02974468283355236,0.015948323532938957,0.25641337037086487
closeup_texture,mean_embedding_class_softmax,old_1,candidate_001_brick,0.15470564365386963,0.6994926333427429,0.14580172300338745
closeup_texture,mean_embedding_class_softmax,old_1,candidate_002_brick,0.06378521770238876,0.20300538837909698,0.7332093715667725
closeup_texture,mean_embedding_class_softmax,old_2,candidate_002_timber,0.05850142613053322,0.13713954389095306,0.8043590188026428
closeup_texture,mean_embedding_class_softmax,old_2,candidate_001_timber,0.12423242628574371,0.7481692433357239,0.127598375082016
closeup_texture,mean_embedding_class_softmax,old_3,candidate_001_brick,0.24917110800743103,0.3483712077140808,0.40245771408081055
closeup_texture,mean_embedding_class_softmax,old_3,candidate_002_brick,0.09749477356672287,0.8395574688911438,0.06294771283864975
closeup_texture,mean_embedding_class_softmax,old_4,candidate_002_concrete_block,0.0898129865527153,0.85965895652771,0.050528042018413544
closeup_texture,mean_embedding_class_softmax,old_4,candidate_001_concrete_block,0.22742444276809692,0.18641068041324615,0.5861648917198181
closeup_texture,mean_embedding_class_softmax,old_5,candidate_001_timber,0.02332904376089573,0.0507822223007679,0.9258887767791748
closeup_texture,mean_embedding_class_softmax,old_5,candidate_002_timber,0.17998632788658142,0.6918016076087952,0.1282120645046234
closeup_texture,mean_embedding_class_softmax,old_6,candidate_001_concrete_block,0.1494015008211136,0.7528433799743652,0.09775514155626297
closeup_texture,mean_embedding_class_softmax,old_6,candidate_002_concrete_block,0.030299188569188118,0.045792531222105026,0.9239082932472229
closeup_texture,mean_embedding_class_softmax,old_7,candidate_001_brick,0.46672940254211426,0.4646793007850647,0.06859133392572403
closeup_texture,mean_embedding_class_softmax,old_7,candidate_003_brick,0.13558882474899292,0.7148658037185669,0.149545356631279
closeup_texture,mean_embedding_class_softmax,old_7,candidate_002_brick,0.020393328741192818,0.0705486387014389,0.9090580940246582
closeup_texture,mean_embedding_class_softmax,old_8,candidate_002_timber,0.04990188777446747,0.2321052849292755,0.717992901802063
closeup_texture,mean_embedding_class_softmax,old_8,candidate_003_timber,0.13412529230117798,0.7583845257759094,0.10749021917581558
closeup_texture,mean_embedding_class_softmax,old_8,candidate_001_timber,0.5425354838371277,0.41155847907066345,0.045906078070402145
closeup_texture,mean_embedding_class_softmax,old_9,candidate_002_concrete_block,0.144032284617424,0.7489736676216125,0.10699407011270523
closeup_texture,mean_embedding_class_softmax,old_9,candidate_003_concrete_block,0.04740184172987938,0.24770933389663696,0.7048887610435486
closeup_texture,mean_embedding_class_softmax,old_9,candidate_001_concrete_block,0.4664638638496399,0.42908862233161926,0.10444748401641846
closeup_texture,mean_embedding_class_softmax,old_10,candidate_001_brick,0.7141947150230408,0.13929209113121033,0.14651326835155487
closeup_texture,mean_embedding_class_softmax,old_10,candidate_002_brick,0.03206565976142883,0.03279353305697441,0.93514084815979
closeup_texture,mean_embedding_class_softmax,old_11,candidate_002_timber,0.005370139144361019,0.008063302375376225,0.9865666031837463
closeup_texture,mean_embedding_class_softmax,old_11,candidate_001_timber,0.8278751373291016,0.09529106318950653,0.07683375477790833
closeup_texture,mean_embedding_class_softmax,old_12,candidate_001_brick,0.6536871790885925,0.151316836476326,0.1949959695339203
closeup_texture,mean_embedding_class_softmax,old_12,candidate_002_brick,0.15566153824329376,0.5458393096923828,0.29849913716316223
closeup_texture,mean_embedding_class_softmax,old_13,candidate_001_concrete_block,0.1920471489429474,0.5481254458427429,0.2598274052143097
closeup_texture,mean_embedding_class_softmax,old_13,candidate_002_concrete_block,0.5985807776451111,0.1424470990896225,0.2589721381664276
closeup_texture,mean_embedding_class_softmax,old_14,candidate_001_timber,0.008965080603957176,0.005816922523081303,0.9852179884910583
closeup_texture,mean_embedding_class_softmax,old_14,candidate_002_timber,0.1851096898317337,0.6394246220588684,0.17546570301055908
closeup_texture,mean_embedding_class_softmax,old_15,candidate_001_concrete_block,0.23663316667079926,0.605206310749054,0.1581605225801468
closeup_texture,mean_embedding_class_softmax,old_15,candidate_002_concrete_block,0.007219209801405668,0.005757841281592846,0.9870229363441467
closeup_texture,mean_embedding_class_softmax,old_16,candidate_001_brick,0.6026699542999268,0.20011986792087555,0.1972101628780365
closeup_texture,mean_embedding_class_softmax,old_16,candidate_003_brick,0.1595180332660675,0.6946668028831482,0.1458151787519455
closeup_texture,mean_embedding_class_softmax,old_16,candidate_002_brick,0.004988367669284344,0.006755146197974682,0.9882565140724182
closeup_texture,mean_embedding_class_softmax,old_17,candidate_002_timber,0.01785862445831299,0.010980199091136456,0.9711612462997437
closeup_texture,mean_embedding_class_softmax,old_17,candidate_003_timber,0.16395066678524017,0.7079518437385559,0.12809740006923676
closeup_texture,mean_embedding_class_softmax,old_17,candidate_001_timber,0.6068006157875061,0.19339214265346527,0.19980716705322266
closeup_texture,mean_embedding_class_softmax,old_18,candidate_002_concrete_block,0.21788451075553894,0.6372983455657959,0.14481718838214874
closeup_texture,mean_embedding_class_softmax,old_18,candidate_003_concrete_block,0.5143208503723145,0.1364140808582306,0.3492650091648102
closeup_texture,mean_embedding_class_softmax,old_18,candidate_001_concrete_block,0.017072871327400208,0.018817448988556862,0.9641096591949463
closeup_texture,mean_embedding_class_softmax,old_19,candidate_001_brick,0.15689371526241302,0.762840211391449,0.0802660882472992
closeup_texture,mean_embedding_class_softmax,old_19,candidate_002_brick,0.003845193888992071,0.0008653777767904103,0.9952894449234009
closeup_texture,mean_embedding_class_softmax,old_20,candidate_002_timber,0.0019628640729933977,0.0005230039823800325,0.9975141286849976
closeup_texture,mean_embedding_class_softmax,old_20,candidate_001_timber,0.18265390396118164,0.7104076147079468,0.10693848133087158
closeup_texture,mean_embedding_class_softmax,old_21,candidate_001_brick,0.2486904412508011,0.5697382092475891,0.18157139420509338
closeup_texture,mean_embedding_class_softmax,old_21,candidate_002_brick,0.18508532643318176,0.4270256459712982,0.3878890872001648
closeup_texture,mean_embedding_class_softmax,old_22,candidate_002_concrete_block,0.13342949748039246,0.5960434675216675,0.2705269753932953
closeup_texture,mean_embedding_class_softmax,old_22,candidate_001_concrete_block,0.21499015390872955,0.4983116388320923,0.28669825196266174
closeup_texture,mean_embedding_class_softmax,old_23,candidate_001_timber,0.04701225832104683,0.04358867183327675,0.9093990921974182
closeup_texture,mean_embedding_class_softmax,old_23,candidate_002_timber,0.25213178992271423,0.4129701554775238,0.33489811420440674
closeup_texture,mean_embedding_class_softmax,old_24,candidate_002_concrete_block,0.20845457911491394,0.5135668516159058,0.2779785394668579
closeup_texture,mean_embedding_class_softmax,old_24,candidate_001_concrete_block,0.040884289890527725,0.03928714990615845,0.9198285341262817
closeup_texture,mean_embedding_class_softmax,old_25,candidate_001_brick,0.16083462536334991,0.7578985095024109,0.08126688003540039
closeup_texture,mean_embedding_class_softmax,old_25,candidate_002_brick,0.07289484143257141,0.12043248116970062,0.8066726922988892
closeup_texture,mean_embedding_class_softmax,old_25,candidate_003_brick,0.3019130527973175,0.2979912757873535,0.40009570121765137
closeup_texture,mean_embedding_class_softmax,old_26,candidate_002_timber,0.049728427082300186,0.07063306868076324,0.8796385526657104
closeup_texture,mean_embedding_class_softmax,old_26,candidate_003_timber,0.2910294532775879,0.3447882831096649,0.3641822040081024
closeup_texture,mean_embedding_class_softmax,old_26,candidate_001_timber,0.17757494747638702,0.7338073253631592,0.0886177346110344
closeup_texture,mean_embedding_class_softmax,old_27,candidate_003_concrete_block,0.3142077326774597,0.2954355776309967,0.39035671949386597
closeup_texture,mean_embedding_class_softmax,old_27,candidate_001_concrete_block,0.196365088224411,0.6524282097816467,0.15120670199394226
closeup_texture,mean_embedding_class_softmax,old_27,candidate_002_concrete_block,0.058172471821308136,0.08875489234924316,0.8530726432800293
closeup_texture,mean_embedding_class_softmax,case_001_brick,candidate_002_brick,0.7284942269325256,0.25343993306159973,0.018065843731164932
closeup_texture,mean_embedding_class_softmax,case_001_brick,candidate_001_brick,0.3244769871234894,0.43426939845085144,0.24125364422798157
closeup_texture,mean_embedding_class_softmax,case_001_brick,candidate_003_brick,0.08923029154539108,0.6593502759933472,0.25141942501068115
closeup_texture,mean_embedding_class_softmax,case_001_concrete_block,candidate_001_concrete_block,0.3244769871234894,0.43426939845085144,0.24125364422798157
closeup_texture,mean_embedding_class_softmax,case_001_concrete_block,candidate_002_concrete_block,0.08923029154539108,0.6593502759933472,0.25141942501068115
closeup_texture,mean_embedding_class_softmax,case_001_concrete_block,candidate_003_concrete_block,0.7284953594207764,0.2534388601779938,0.01806580275297165
closeup_texture,mean_embedding_class_softmax,case_001_timber,candidate_003_timber,0.08923029154539108,0.6593502759933472,0.25141942501068115
closeup_texture,mean_embedding_class_softmax,case_001_timber,candidate_001_timber,0.32447686791419983,0.43427005410194397,0.2412530779838562
closeup_texture,mean_embedding_class_softmax,case_001_timber,candidate_002_timber,0.7284942269325256,0.25343993306159973,0.018065843731164932
closeup_texture,mean_embedding_class_softmax,case_002_brick,candidate_001_brick,0.6377294659614563,0.3492810130119324,0.012989484705030918
closeup_texture,mean_embedding_class_softmax,case_002_brick,candidate_002_brick,0.11707046627998352,0.38080519437789917,0.5021243691444397
closeup_texture,mean_embedding_class_softmax,case_002_brick,candidate_003_brick,0.0035324161872267723,0.0012647408293560147,0.995202898979187
closeup_texture,mean_embedding_class_softmax,case_002_concrete_block,candidate_001_concrete_block,0.6377294659614563,0.3492810130119324,0.012989484705030918
closeup_texture,mean_embedding_class_softmax,case_002_concrete_block,candidate_002_concrete_block,0.11707046627998352,0.38080519437789917,0.5021243691444397
closeup_texture,mean_embedding_class_softmax,case_002_concrete_block,candidate_003_concrete_block,0.0035324161872267723,0.0012647408293560147,0.995202898979187
closeup_texture,mean_embedding_class_softmax,case_002_timber,candidate_002_timber,0.0035324161872267723,0.0012647360563278198,0.995202898979187
closeup_texture,mean_embedding_class_softmax,case_002_timber,candidate_003_timber,0.11707016825675964,0.38080573081970215,0.5021240711212158
closeup_texture,mean_embedding_class_softmax,case_002_timber,candidate_001_timber,0.6377294659614563,0.3492810130119324,0.012989484705030918
closeup_texture,mean_embedding_class_softmax,case_003_brick,candidate_001_brick,0.6451390981674194,0.3003588020801544,0.054502155631780624
closeup_texture,mean_embedding_class_softmax,case_003_concrete_block,candidate_001_concrete_block,0.6451390981674194,0.3003588020801544,0.054502155631780624
closeup_texture,mean_embedding_class_softmax,case_003_concrete_block,candidate_002_concrete_block,0.07360787689685822,0.12768296897411346,0.7987092137336731
closeup_texture,mean_embedding_class_softmax,case_003_timber,candidate_002_timber,0.07360787689685822,0.12768296897411346,0.7987092137336731
closeup_texture,mean_embedding_class_softmax,case_003_timber,candidate_001_timber,0.6451390981674194,0.3003588020801544,0.054502155631780624
closeup_texture,mean_embedding_class_softmax,case_004_brick,candidate_001_brick,0.7833223342895508,0.10844939947128296,0.10822828859090805
closeup_texture,mean_embedding_class_softmax,case_004_concrete_block,candidate_001_concrete_block,0.051873497664928436,0.9148370027542114,0.033289454877376556
closeup_texture,mean_embedding_class_softmax,case_004_concrete_block,candidate_003_concrete_block,0.08456999808549881,0.38255271315574646,0.5328772664070129
closeup_texture,mean_embedding_class_softmax,case_004_concrete_block,candidate_002_concrete_block,0.7833221554756165,0.10844937711954117,0.10822847485542297
closeup_texture,mean_embedding_class_softmax,case_004_timber,candidate_002_timber,0.08456999808549881,0.38255271315574646,0.5328772664070129
closeup_texture,mean_embedding_class_softmax,case_004_timber,candidate_001_timber,0.7833221554756165,0.10844937711954117,0.10822847485542297
closeup_texture,mean_embedding_class_softmax,case_005_brick,candidate_001_brick,0.5749406218528748,0.17265120148658752,0.25240814685821533
closeup_texture,mean_embedding_class_softmax,case_005_brick,candidate_003_brick,0.3946000635623932,0.47792166471481323,0.12747828662395477
closeup_texture,mean_embedding_class_softmax,case_005_brick,candidate_002_brick,0.0019273782381787896,0.003101038746535778,0.994971513748169
closeup_texture,mean_embedding_class_softmax,case_005_concrete_block,candidate_003_concrete_block,0.39459994435310364,0.4779215455055237,0.1274784952402115
closeup_texture,mean_embedding_class_softmax,case_005_concrete_block,candidate_001_concrete_block,0.5749406218528748,0.17265120148658752,0.25240814685821533
closeup_texture,mean_embedding_class_softmax,case_005_concrete_block,candidate_002_concrete_block,0.001927381963469088,0.003101038746535778,0.994971513748169
closeup_texture,mean_embedding_class_softmax,case_005_timber,candidate_002_timber,0.001927381963469088,0.003101038746535778,0.994971513748169
closeup_texture,mean_embedding_class_softmax,case_005_timber,candidate_003_timber,0.3946000635623932,0.47792166471481323,0.12747828662395477
closeup_texture,mean_embedding_class_softmax,case_005_timber,candidate_001_timber,0.5749406218528748,0.17265120148658752,0.25240814685821533
closeup_texture,mean_embedding_class_softmax,case_006_brick,candidate_001_brick,0.6634150743484497,0.29913753271102905,0.037447381764650345
closeup_texture,mean_embedding_class_softmax,case_006_brick,candidate_002_brick,0.12792471051216125,0.10677973926067352,0.7652955651283264
closeup_texture,mean_embedding_class_softmax,case_006_concrete_block,candidate_002_concrete_block,0.20330242812633514,0.5863538980484009,0.21034367382526398
closeup_texture,mean_embedding_class_softmax,case_006_concrete_block,candidate_001_concrete_block,0.6634150743484497,0.29913753271102905,0.037447381764650345
closeup_texture,mean_embedding_class_softmax,case_006_concrete_block,candidate_003_concrete_block,0.1279250979423523,0.10677986592054367,0.7652949690818787
closeup_texture,mean_embedding_class_softmax,case_006_timber,candidate_003_timber,0.1279250979423523,0.10677986592054367,0.7652949690818787
closeup_texture,mean_embedding_class_softmax,case_006_timber,candidate_002_timber,0.20330213010311127,0.58635413646698,0.21034376323223114
closeup_texture,mean_embedding_class_softmax,case_006_timber,candidate_001_timber,0.6634150743484497,0.29913753271102905,0.037447381764650345
closeup_texture,mean_embedding_class_softmax,case_007_brick,candidate_001_brick,0.8026059865951538,0.10579188913106918,0.09160223603248596
closeup_texture,mean_embedding_class_softmax,case_007_concrete_block,candidate_001_concrete_block,0.22243115305900574,0.7724644541740417,0.005104329437017441
closeup_texture,mean_embedding_class_softmax,case_007_concrete_block,candidate_003_concrete_block,0.7681733965873718,0.0975295677781105,0.13429704308509827
closeup_texture,mean_embedding_class_softmax,case_007_concrete_block,candidate_002_concrete_block,0.029699236154556274,0.015371187590062618,0.954929530620575
closeup_texture,mean_embedding_class_softmax,case_007_timber,candidate_001_timber,0.029714245349168777,0.014707766473293304,0.9555779695510864
closeup_texture,mean_embedding_class_softmax,case_007_timber,candidate_003_timber,0.7531758546829224,0.08635330945253372,0.1604708433151245
closeup_texture,mean_embedding_class_softmax,case_007_timber,candidate_002_timber,0.21973831951618195,0.7751241326332092,0.005137559026479721
closeup_texture,mean_embedding_class_softmax,case_008_brick,candidate_001_brick,0.6673932075500488,0.20356440544128418,0.12904243171215057
closeup_texture,mean_embedding_class_softmax,case_008_brick,candidate_002_brick,0.3276350796222687,0.5343104600906372,0.1380544751882553
closeup_texture,mean_embedding_class_softmax,case_008_brick,candidate_003_brick,0.07347001135349274,0.0652107372879982,0.8613192439079285
closeup_texture,mean_embedding_class_softmax,case_008_concrete_block,candidate_003_concrete_block,0.3276346027851105,0.5343117117881775,0.1380537450313568
closeup_texture,mean_embedding_class_softmax,case_008_concrete_block,candidate_001_concrete_block,0.6673932075500488,0.20356440544128418,0.12904243171215057
closeup_texture,mean_embedding_class_softmax,case_008_concrete_block,candidate_002_concrete_block,0.07347013056278229,0.06521084904670715,0.8613190054893494
closeup_texture,mean_embedding_class_softmax,case_008_timber,candidate_002_timber,0.07182584702968597,0.06387811154127121,0.864296019077301
closeup_texture,mean_embedding_class_softmax,case_008_timber,candidate_003_timber,0.33166036009788513,0.5264784693717957,0.1418612003326416
closeup_texture,mean_embedding_class_softmax,case_008_timber,candidate_001_timber,0.6673932075500488,0.20356440544128418,0.12904243171215057
closeup_texture,mean_embedding_class_softmax,case_009_brick,candidate_001_brick,0.28009605407714844,0.6960598826408386,0.02384413219988346
closeup_texture,mean_embedding_class_softmax,case_009_brick,candidate_002_brick,0.15782465040683746,0.4834674000740051,0.3587079644203186
closeup_texture,mean_embedding_class_softmax,case_009_concrete_block,candidate_001_concrete_block,0.2800948917865753,0.6960609555244446,0.023844167590141296
closeup_texture,mean_embedding_class_softmax,case_009_concrete_block,candidate_003_concrete_block,0.15782493352890015,0.48346638679504395,0.35870859026908875
closeup_texture,mean_embedding_class_softmax,case_009_concrete_block,candidate_002_concrete_block,0.0008553239749744534,0.002660046797245741,0.996484637260437
closeup_texture,mean_embedding_class_softmax,case_009_timber,candidate_002_timber,0.0008847807184793055,0.0027974427212029696,0.9963177442550659
closeup_texture,mean_embedding_class_softmax,case_009_timber,candidate_001_timber,0.28009527921676636,0.6960605978965759,0.02384406514465809
closeup_texture,mean_embedding_class_softmax,case_010_brick,candidate_001_brick,0.22756293416023254,0.6202152371406555,0.15222179889678955
closeup_texture,mean_embedding_class_softmax,case_010_brick,candidate_002_brick,0.1913405954837799,0.14897584915161133,0.6596835851669312
closeup_texture,mean_embedding_class_softmax,case_010_brick,candidate_003_brick,0.0799359679222107,0.7500060796737671,0.17005795240402222
closeup_texture,mean_embedding_class_softmax,case_010_concrete_block,candidate_002_concrete_block,0.22756327688694,0.6202149987220764,0.15222173929214478
closeup_texture,mean_embedding_class_softmax,case_010_concrete_block,candidate_001_concrete_block,0.07993587851524353,0.7500066757202148,0.17005744576454163
closeup_texture,mean_embedding_class_softmax,case_010_timber,candidate_003_timber,0.1913405954837799,0.14897584915161133,0.6596835851669312
closeup_texture,mean_embedding_class_softmax,case_010_timber,candidate_001_timber,0.07993587851524353,0.7500066757202148,0.17005744576454163
closeup_texture,mean_embedding_class_softmax,case_010_timber,candidate_002_timber,0.22756293416023254,0.6202152371406555,0.15222179889678955
closeup_texture,mean_embedding_class_softmax,case_011_brick,candidate_002_brick,0.6787014007568359,0.13342367112636566,0.1878749281167984
closeup_texture,mean_embedding_class_softmax,case_011_brick,candidate_001_brick,0.14629723131656647,0.41774889826774597,0.43595388531684875
closeup_texture,mean_embedding_class_softmax,case_011_brick,candidate_003_brick,0.012531126849353313,0.004490443971008062,0.9829784035682678
closeup_texture,mean_embedding_class_softmax,case_011_concrete_block,candidate_001_concrete_block,0.14629758894443512,0.4177491068840027,0.435953289270401
closeup_texture,mean_embedding_class_softmax,case_011_concrete_block,candidate_002_concrete_block,0.012531151063740253,0.004490451887249947,0.9829784035682678
closeup_texture,mean_embedding_class_softmax,case_011_timber,candidate_001_timber,0.012531151063740253,0.004490451887249947,0.9829784035682678
closeup_texture,mean_embedding_class_softmax,case_011_timber,candidate_002_timber,0.14629723131656647,0.41774889826774597,0.43595388531684875
closeup_texture,mean_embedding_class_softmax,case_011_timber,candidate_003_timber,0.6717145442962646,0.1295788288116455,0.19870658218860626
closeup_texture,mean_embedding_class_softmax,case_012_brick,candidate_001_brick,0.8220153450965881,0.08250134438276291,0.09548334777355194
closeup_texture,mean_embedding_class_softmax,case_012_brick,candidate_002_brick,0.08595489710569382,0.39952027797698975,0.5145248174667358
closeup_texture,mean_embedding_class_softmax,case_012_concrete_block,candidate_002_concrete_block,0.08595483750104904,0.39952075481414795,0.5145244598388672
closeup_texture,mean_embedding_class_softmax,case_012_concrete_block,candidate_001_concrete_block,0.8220149874687195,0.08250146359205246,0.09548348188400269
closeup_texture,mean_embedding_class_softmax,case_012_timber,candidate_002_timber,0.04241771996021271,0.03312366083264351,0.9244586229324341
closeup_texture,mean_embedding_class_softmax,case_012_timber,candidate_003_timber,0.08595489710569382,0.39952027797698975,0.5145248174667358
closeup_texture,mean_embedding_class_softmax,case_012_timber,candidate_001_timber,0.8220153450965881,0.08250134438276291,0.09548334777355194
closeup_texture,mean_embedding_class_softmax,TS_F01,candidate_001_concrete_block,0.15470564365386963,0.6994926333427429,0.14580172300338745
closeup_texture,mean_embedding_class_softmax,TS_F01,candidate_002_concrete_block,0.06378521770238876,0.20300538837909698,0.7332093715667725
closeup_texture,mean_embedding_class_softmax,TS_F02,candidate_001_timber,0.24917110800743103,0.3483712077140808,0.40245771408081055
closeup_texture,mean_embedding_class_softmax,TS_F02,candidate_002_timber,0.09749476611614227,0.839557409286499,0.0629478320479393
closeup_texture,mean_embedding_class_softmax,TS_F03,candidate_002_brick,0.02332908660173416,0.0507822185754776,0.92588871717453
closeup_texture,mean_embedding_class_softmax,TS_F03,candidate_001_brick,0.17998632788658142,0.6918016076087952,0.1282120645046234
closeup_texture,mean_embedding_class_softmax,TS_F05,candidate_001_concrete_block,0.7141947150230408,0.13929209113121033,0.14651326835155487
closeup_texture,mean_embedding_class_softmax,TS_F05,candidate_002_concrete_block,0.032065652310848236,0.03279365226626396,0.9351406097412109
closeup_texture,mean_embedding_class_softmax,TS_F06,candidate_002_timber,0.15566153824329376,0.5458393096923828,0.29849913716316223
closeup_texture,mean_embedding_class_softmax,TS_F06,candidate_001_timber,0.6536871790885925,0.151316836476326,0.1949959695339203
closeup_texture,mean_embedding_class_softmax,TS_F07,candidate_001_brick,0.18510957062244415,0.639424204826355,0.17546625435352325
closeup_texture,mean_embedding_class_softmax,TS_F07,candidate_002_brick,0.008965114131569862,0.005816922523081303,0.9852179884910583
closeup_texture,mean_embedding_class_softmax,TS_F09,candidate_001_concrete_block,0.15689347684383392,0.7628405094146729,0.08026596903800964
closeup_texture,mean_embedding_class_softmax,TS_F09,candidate_002_concrete_block,0.003845201339572668,0.0008653777767904103,0.9952894449234009
closeup_texture,mean_embedding_class_softmax,TS_F10,candidate_002_timber,0.18508517742156982,0.42702528834342957,0.38788947463035583
closeup_texture,mean_embedding_class_softmax,TS_F10,candidate_001_timber,0.2486901581287384,0.5697386264801025,0.18157118558883667
closeup_texture,mean_embedding_class_softmax,TS_F11,candidate_002_brick,0.25213178992271423,0.4129701554775238,0.33489811420440674
closeup_texture,mean_embedding_class_softmax,TS_F11,candidate_001_brick,0.04701225832104683,0.04358867183327675,0.9093990921974182
object_surface_ensemble,max_prompt_softmax,old_1,candidate_001_brick,0.13602621853351593,0.14327223598957062,0.03215567022562027
object_surface_ensemble,max_prompt_softmax,old_1,candidate_002_brick,0.08373545855283737,0.09118327498435974,0.2186705619096756
object_surface_ensemble,max_prompt_softmax,old_2,candidate_002_timber,0.08196816593408585,0.05087490752339363,0.21650423109531403
object_surface_ensemble,max_prompt_softmax,old_2,candidate_001_timber,0.1172637790441513,0.15053348243236542,0.0293169766664505
object_surface_ensemble,max_prompt_softmax,old_3,candidate_001_brick,0.16186687350273132,0.07432803511619568,0.0752389132976532
object_surface_ensemble,max_prompt_softmax,old_3,candidate_002_brick,0.07056678831577301,0.2036503702402115,0.011057563126087189
object_surface_ensemble,max_prompt_softmax,old_4,candidate_002_concrete_block,0.059759948402643204,0.19130150973796844,0.008998239412903786
object_surface_ensemble,max_prompt_softmax,old_4,candidate_001_concrete_block,0.1541677713394165,0.045162100344896317,0.10201594233512878
object_surface_ensemble,max_prompt_softmax,old_5,candidate_001_timber,0.014947256073355675,0.0239912997931242,0.24875034391880035
object_surface_ensemble,max_prompt_softmax,old_5,candidate_002_timber,0.0983029380440712,0.1863502413034439,0.021460678428411484
object_surface_ensemble,max_prompt_softmax,old_6,candidate_001_concrete_block,0.08705063164234161,0.18866108357906342,0.01608620025217533
object_surface_ensemble,max_prompt_softmax,old_6,candidate_002_concrete_block,0.020590098574757576,0.02109953574836254,0.29672500491142273
object_surface_ensemble,max_prompt_softmax,old_7,candidate_001_brick,0.2855626344680786,0.08605421334505081,0.017961246892809868
object_surface_ensemble,max_prompt_softmax,old_7,candidate_003_brick,0.06916310638189316,0.25393226742744446,0.021613389253616333
object_surface_ensemble,max_prompt_softmax,old_7,candidate_002_brick,0.016498161479830742,0.030089326202869415,0.26686015725135803
object_surface_ensemble,max_prompt_softmax,old_8,candidate_002_timber,0.033379532396793365,0.07281406968832016,0.1520324945449829
object_surface_ensemble,max_prompt_softmax,old_8,candidate_003_timber,0.068605937063694,0.27589666843414307,0.023935675621032715
object_surface_ensemble,max_prompt_softmax,old_8,candidate_001_timber,0.2921488285064697,0.06429542601108551,0.008901352062821388
object_surface_ensemble,max_prompt_softmax,old_9,candidate_002_concrete_block,0.07580920308828354,0.2729077935218811,0.02345813810825348
object_surface_ensemble,max_prompt_softmax,old_9,candidate_003_concrete_block,0.032544609159231186,0.09115217626094818,0.16592298448085785
object_surface_ensemble,max_prompt_softmax,old_9,candidate_001_concrete_block,0.2979327142238617,0.0742034837603569,0.022042712196707726
object_surface_ensemble,max_prompt_softmax,old_10,candidate_001_brick,0.34025469422340393,0.03792433813214302,0.07428696006536484
object_surface_ensemble,max_prompt_softmax,old_10,candidate_002_brick,0.027342967689037323,0.01940453052520752,0.37866151332855225
object_surface_ensemble,max_prompt_softmax,old_11,candidate_002_timber,0.0032063203398138285,0.006936737336218357,0.4553837776184082
object_surface_ensemble,max_prompt_softmax,old_11,candidate_001_timber,0.390593945980072,0.024364115670323372,0.02899448201060295
object_surface_ensemble,max_prompt_softmax,old_12,candidate_001_brick,0.26976278424263,0.038181472569704056,0.05847843736410141
object_surface_ensemble,max_prompt_softmax,old_12,candidate_002_brick,0.06936890631914139,0.18686573207378387,0.044432446360588074
object_surface_ensemble,max_prompt_softmax,old_13,candidate_001_concrete_block,0.07422494143247604,0.192494735121727,0.034158043563365936
object_surface_ensemble,max_prompt_softmax,old_13,candidate_002_concrete_block,0.288187175989151,0.04134281724691391,0.09071187674999237
object_surface_ensemble,max_prompt_softmax,old_14,candidate_001_timber,0.0084322365000844,0.002176982816308737,0.30381712317466736
object_surface_ensemble,max_prompt_softmax,old_14,candidate_002_timber,0.11621948331594467,0.14619986712932587,0.028121577575802803
object_surface_ensemble,max_prompt_softmax,old_15,candidate_001_concrete_block,0.1248052641749382,0.12190694361925125,0.020438237115740776
object_surface_ensemble,max_prompt_softmax,old_15,candidate_002_concrete_block,0.009633621200919151,0.00243845721706748,0.28572389483451843
object_surface_ensemble,max_prompt_softmax,old_16,candidate_001_brick,0.29882198572158813,0.05790763348340988,0.06510357558727264
object_surface_ensemble,max_prompt_softmax,old_16,candidate_003_brick,0.08191445469856262,0.17492173612117767,0.026808850467205048
object_surface_ensemble,max_prompt_softmax,old_16,candidate_002_brick,0.00615190714597702,0.002907490823417902,0.2973759174346924
object_surface_ensemble,max_prompt_softmax,old_17,candidate_002_timber,0.01920480467379093,0.004509842023253441,0.25222113728523254
object_surface_ensemble,max_prompt_softmax,old_17,candidate_003_timber,0.10003680735826492,0.20467811822891235,0.024864252656698227
object_surface_ensemble,max_prompt_softmax,old_17,candidate_001_timber,0.2768334448337555,0.05931612104177475,0.04931267350912094
object_surface_ensemble,max_prompt_softmax,old_18,candidate_002_concrete_block,0.12270861864089966,0.15168975293636322,0.02196492999792099
object_surface_ensemble,max_prompt_softmax,old_18,candidate_003_concrete_block,0.2755555212497711,0.04172615706920624,0.13751725852489471
object_surface_ensemble,max_prompt_softmax,old_18,candidate_001_concrete_block,0.02384347841143608,0.007098265457898378,0.2791518568992615
object_surface_ensemble,max_prompt_softmax,old_19,candidate_001_brick,0.11737209558486938,0.1997004598379135,0.017986588180065155
object_surface_ensemble,max_prompt_softmax,old_19,candidate_002_brick,0.002223712857812643,0.0005044988938607275,0.26125168800354004
object_surface_ensemble,max_prompt_softmax,old_20,candidate_002_timber,0.0013209417229518294,0.0003654714091680944,0.34273242950439453
object_surface_ensemble,max_prompt_softmax,old_20,candidate_001_timber,0.1310494989156723,0.1760382056236267,0.024405721575021744
object_surface_ensemble,max_prompt_softmax,old_21,candidate_001_brick,0.17366404831409454,0.12335758656263351,0.027094915509223938
object_surface_ensemble,max_prompt_softmax,old_21,candidate_002_brick,0.09571073204278946,0.15223023295402527,0.08403024077415466
object_surface_ensemble,max_prompt_softmax,old_22,candidate_002_concrete_block,0.06112192943692207,0.16130197048187256,0.04401330649852753
object_surface_ensemble,max_prompt_softmax,old_22,candidate_001_concrete_block,0.15660950541496277,0.10107246786355972,0.047144025564193726
object_surface_ensemble,max_prompt_softmax,old_23,candidate_001_timber,0.029607469215989113,0.018109353259205818,0.26358920335769653
object_surface_ensemble,max_prompt_softmax,old_23,candidate_002_timber,0.11051759123802185,0.14340472221374512,0.06323304027318954
object_surface_ensemble,max_prompt_softmax,old_24,candidate_002_concrete_block,0.11849134415388107,0.16365143656730652,0.056378066539764404
object_surface_ensemble,max_prompt_softmax,old_24,candidate_001_concrete_block,0.02894403785467148,0.014656266197562218,0.277337908744812
object_surface_ensemble,max_prompt_softmax,old_25,candidate_001_brick,0.11635216325521469,0.2230783998966217,0.025609537959098816
object_surface_ensemble,max_prompt_softmax,old_25,candidate_002_brick,0.04885997250676155,0.04507067799568176,0.17361727356910706
object_surface_ensemble,max_prompt_softmax,old_25,candidate_003_brick,0.13354037702083588,0.08955597877502441,0.07951188087463379
object_surface_ensemble,max_prompt_softmax,old_26,candidate_002_timber,0.03023192472755909,0.026613915339112282,0.20132207870483398
object_surface_ensemble,max_prompt_softmax,old_26,candidate_003_timber,0.14699053764343262,0.09486803412437439,0.08392667025327682
object_surface_ensemble,max_prompt_softmax,old_26,candidate_001_timber,0.13433551788330078,0.15625455975532532,0.025134531781077385
object_surface_ensemble,max_prompt_softmax,old_27,candidate_003_concrete_block,0.1446715146303177,0.08540040999650955,0.07616560161113739
object_surface_ensemble,max_prompt_softmax,old_27,candidate_001_concrete_block,0.11511608958244324,0.16540458798408508,0.036003295332193375
object_surface_ensemble,max_prompt_softmax,old_27,candidate_002_concrete_block,0.038349706679582596,0.027196193113923073,0.22849363088607788
object_surface_ensemble,max_prompt_softmax,case_001_brick,candidate_002_brick,0.22043050825595856,0.060235798358917236,0.0050378236919641495
object_surface_ensemble,max_prompt_softmax,case_001_brick,candidate_001_brick,0.21756191551685333,0.23103930056095123,0.06379683315753937
object_surface_ensemble,max_prompt_softmax,case_001_brick,candidate_003_brick,0.09017492085695267,0.16426216065883636,0.04228896647691727
object_surface_ensemble,max_prompt_softmax,case_001_concrete_block,candidate_001_concrete_block,0.21756191551685333,0.23103930056095123,0.06379683315753937
object_surface_ensemble,max_prompt_softmax,case_001_concrete_block,candidate_002_concrete_block,0.09017492085695267,0.16426216065883636,0.04228896647691727
object_surface_ensemble,max_prompt_softmax,case_001_concrete_block,candidate_003_concrete_block,0.22043123841285706,0.060235656797885895,0.0050378404557704926
object_surface_ensemble,max_prompt_softmax,case_001_timber,candidate_003_timber,0.09017492085695267,0.16426216065883636,0.04228896647691727
object_surface_ensemble,max_prompt_softmax,case_001_timber,candidate_001_timber,0.21756300330162048,0.23103868961334229,0.06379666179418564
object_surface_ensemble,max_prompt_softmax,case_001_timber,candidate_002_timber,0.22043050825595856,0.060235798358917236,0.0050378236919641495
object_surface_ensemble,max_prompt_softmax,case_002_brick,candidate_001_brick,0.2534310221672058,0.08336444199085236,0.0032881186343729496
object_surface_ensemble,max_prompt_softmax,case_002_brick,candidate_002_brick,0.07193667441606522,0.11665144562721252,0.12625472247600555
object_surface_ensemble,max_prompt_softmax,case_002_brick,candidate_003_brick,0.005848918575793505,0.001021695788949728,0.3394913077354431
object_surface_ensemble,max_prompt_softmax,case_002_concrete_block,candidate_001_concrete_block,0.2534310221672058,0.08336444199085236,0.0032881186343729496
object_surface_ensemble,max_prompt_softmax,case_002_concrete_block,candidate_002_concrete_block,0.07193667441606522,0.11665144562721252,0.12625472247600555
object_surface_ensemble,max_prompt_softmax,case_002_concrete_block,candidate_003_concrete_block,0.005848918575793505,0.001021695788949728,0.3394913077354431
object_surface_ensemble,max_prompt_softmax,case_002_timber,candidate_002_timber,0.0058488911017775536,0.001021691132336855,0.3394910395145416
object_surface_ensemble,max_prompt_softmax,case_002_timber,candidate_003_timber,0.0719367116689682,0.11665172129869461,0.12625478208065033
object_surface_ensemble,max_prompt_softmax,case_002_timber,candidate_001_timber,0.2534310221672058,0.08336444199085236,0.0032881186343729496
object_surface_ensemble,max_prompt_softmax,case_003_brick,candidate_001_brick,0.24023592472076416,0.08580003678798676,0.01489383727312088
object_surface_ensemble,max_prompt_softmax,case_003_concrete_block,candidate_001_concrete_block,0.24023592472076416,0.08580003678798676,0.01489383727312088
object_surface_ensemble,max_prompt_softmax,case_003_concrete_block,candidate_002_concrete_block,0.08150847256183624,0.0652400553226471,0.18705007433891296
object_surface_ensemble,max_prompt_softmax,case_003_timber,candidate_002_timber,0.08150847256183624,0.0652400553226471,0.18705007433891296
object_surface_ensemble,max_prompt_softmax,case_003_timber,candidate_001_timber,0.24023592472076416,0.08580003678798676,0.01489383727312088
object_surface_ensemble,max_prompt_softmax,case_004_brick,candidate_001_brick,0.3147692382335663,0.021343929693102837,0.02055281586945057
object_surface_ensemble,max_prompt_softmax,case_004_concrete_block,candidate_001_concrete_block,0.02690575085580349,0.2749730944633484,0.007799939718097448
object_surface_ensemble,max_prompt_softmax,case_004_concrete_block,candidate_003_concrete_block,0.10962718725204468,0.1294192522764206,0.11828479170799255
object_surface_ensemble,max_prompt_softmax,case_004_concrete_block,candidate_002_concrete_block,0.31476840376853943,0.02134399488568306,0.020552879199385643
object_surface_ensemble,max_prompt_softmax,case_004_timber,candidate_002_timber,0.10962718725204468,0.1294192522764206,0.11828479170799255
object_surface_ensemble,max_prompt_softmax,case_004_timber,candidate_001_timber,0.31476840376853943,0.02134399488568306,0.020552879199385643
object_surface_ensemble,max_prompt_softmax,case_005_brick,candidate_001_brick,0.29310378432273865,0.03308678790926933,0.051264986395835876
object_surface_ensemble,max_prompt_softmax,case_005_brick,candidate_003_brick,0.2217976301908493,0.08388771861791611,0.021749429404735565
object_surface_ensemble,max_prompt_softmax,case_005_brick,candidate_002_brick,0.003371980506926775,0.002190158935263753,0.3234071135520935
object_surface_ensemble,max_prompt_softmax,case_005_concrete_block,candidate_003_concrete_block,0.22179722785949707,0.08388788253068924,0.021749431267380714
object_surface_ensemble,max_prompt_softmax,case_005_concrete_block,candidate_001_concrete_block,0.29310378432273865,0.03308678790926933,0.051264986395835876
object_surface_ensemble,max_prompt_softmax,case_005_concrete_block,candidate_002_concrete_block,0.003371975850313902,0.002190160099416971,0.323407918214798
object_surface_ensemble,max_prompt_softmax,case_005_timber,candidate_002_timber,0.003371975850313902,0.002190160099416971,0.323407918214798
object_surface_ensemble,max_prompt_softmax,case_005_timber,candidate_003_timber,0.2217976301908493,0.08388771861791611,0.021749429404735565
object_surface_ensemble,max_prompt_softmax,case_005_timber,candidate_001_timber,0.29310378432273865,0.03308678790926933,0.051264986395835876
object_surface_ensemble,max_prompt_softmax,case_006_brick,candidate_001_brick,0.2227437049150467,0.0704585537314415,0.009684989228844643
object_surface_ensemble,max_prompt_softmax,case_006_brick,candidate_002_brick,0.1128293126821518,0.02599128521978855,0.22225472331047058
object_surface_ensemble,max_prompt_softmax,case_006_concrete_block,candidate_002_concrete_block,0.18660672008991241,0.18245267868041992,0.07562103867530823
object_surface_ensemble,max_prompt_softmax,case_006_concrete_block,candidate_001_concrete_block,0.2227437049150467,0.0704585537314415,0.009684989228844643
object_surface_ensemble,max_prompt_softmax,case_006_concrete_block,candidate_003_concrete_block,0.11282958835363388,0.025991203263401985,0.2222544401884079
object_surface_ensemble,max_prompt_softmax,case_006_timber,candidate_003_timber,0.11282958835363388,0.025991203263401985,0.2222544401884079
object_surface_ensemble,max_prompt_softmax,case_006_timber,candidate_002_timber,0.1866064965724945,0.18245315551757812,0.07562094181776047
object_surface_ensemble,max_prompt_softmax,case_006_timber,candidate_001_timber,0.2227437049150467,0.0704585537314415,0.009684989228844643
object_surface_ensemble,max_prompt_softmax,case_007_brick,candidate_001_brick,0.33976230025291443,0.028452914208173752,0.02922721393406391
object_surface_ensemble,max_prompt_softmax,case_007_concrete_block,candidate_001_concrete_block,0.08986819535493851,0.17586077749729156,0.0014396423939615488
object_surface_ensemble,max_prompt_softmax,case_007_concrete_block,candidate_003_concrete_block,0.35618874430656433,0.02460150420665741,0.0489363856613636
object_surface_ensemble,max_prompt_softmax,case_007_concrete_block,candidate_002_concrete_block,0.027431858703494072,0.00540969567373395,0.3742833137512207
object_surface_ensemble,max_prompt_softmax,case_007_timber,candidate_001_timber,0.028945380821824074,0.005309123545885086,0.3593158423900604
object_surface_ensemble,max_prompt_softmax,case_007_timber,candidate_003_timber,0.34765881299972534,0.02257326804101467,0.053799815475940704
object_surface_ensemble,max_prompt_softmax,case_007_timber,candidate_002_timber,0.08913316577672958,0.17640577256679535,0.0014660145388916135
object_surface_ensemble,max_prompt_softmax,case_008_brick,candidate_001_brick,0.2700861394405365,0.04718688130378723,0.02273731864988804
object_surface_ensemble,max_prompt_softmax,case_008_brick,candidate_002_brick,0.1841188222169876,0.17211554944515228,0.019374137744307518
object_surface_ensemble,max_prompt_softmax,case_008_brick,candidate_003_brick,0.026202309876680374,0.013897905126214027,0.3750203847885132
object_surface_ensemble,max_prompt_softmax,case_008_concrete_block,candidate_003_concrete_block,0.18411904573440552,0.17211510241031647,0.019374236464500427
object_surface_ensemble,max_prompt_softmax,case_008_concrete_block,candidate_001_concrete_block,0.2700861394405365,0.04718688130378723,0.02273731864988804
object_surface_ensemble,max_prompt_softmax,case_008_concrete_block,candidate_002_concrete_block,0.026202388107776642,0.013897920027375221,0.3750200867652893
object_surface_ensemble,max_prompt_softmax,case_008_timber,candidate_002_timber,0.0253903791308403,0.01356526743620634,0.3791884183883667
object_surface_ensemble,max_prompt_softmax,case_008_timber,candidate_003_timber,0.18852128088474274,0.1692751944065094,0.019877199083566666
object_surface_ensemble,max_prompt_softmax,case_008_timber,candidate_001_timber,0.2700861394405365,0.04718688130378723,0.02273731864988804
object_surface_ensemble,max_prompt_softmax,case_009_brick,candidate_001_brick,0.12044022977352142,0.16835783421993256,0.006809835787862539
object_surface_ensemble,max_prompt_softmax,case_009_brick,candidate_002_brick,0.1132810190320015,0.23239678144454956,0.1415231078863144
object_surface_ensemble,max_prompt_softmax,case_009_concrete_block,candidate_001_concrete_block,0.12044049799442291,0.16835756599903107,0.006809825077652931
object_surface_ensemble,max_prompt_softmax,case_009_concrete_block,candidate_003_concrete_block,0.11328072845935822,0.23239706456661224,0.14152328670024872
object_surface_ensemble,max_prompt_softmax,case_009_concrete_block,candidate_002_concrete_block,0.0006228782003745437,0.0012990045361220837,0.40373116731643677
object_surface_ensemble,max_prompt_softmax,case_009_timber,candidate_002_timber,0.0006368837202899158,0.00137475470546633,0.4054250717163086
object_surface_ensemble,max_prompt_softmax,case_009_timber,candidate_001_timber,0.12044133991003036,0.1683574616909027,0.00680983392521739
object_surface_ensemble,max_prompt_softmax,case_010_brick,candidate_001_brick,0.17012563347816467,0.16612066328525543,0.08385924249887466
object_surface_ensemble,max_prompt_softmax,case_010_brick,candidate_002_brick,0.14379946887493134,0.07144121080636978,0.24713274836540222
object_surface_ensemble,max_prompt_softmax,case_010_brick,candidate_003_brick,0.08544657379388809,0.25784650444984436,0.06410476565361023
object_surface_ensemble,max_prompt_softmax,case_010_concrete_block,candidate_002_concrete_block,0.17012552917003632,0.16612055897712708,0.08385919034481049
object_surface_ensemble,max_prompt_softmax,case_010_concrete_block,candidate_001_concrete_block,0.0854463204741478,0.2578457295894623,0.0641045793890953
object_surface_ensemble,max_prompt_softmax,case_010_timber,candidate_003_timber,0.14379946887493134,0.07144121080636978,0.24713274836540222
object_surface_ensemble,max_prompt_softmax,case_010_timber,candidate_001_timber,0.0854463204741478,0.2578457295894623,0.0641045793890953
object_surface_ensemble,max_prompt_softmax,case_010_timber,candidate_002_timber,0.17012563347816467,0.16612066328525543,0.08385924249887466
object_surface_ensemble,max_prompt_softmax,case_011_brick,candidate_002_brick,0.24748581647872925,0.040360745042562485,0.06413978338241577
object_surface_ensemble,max_prompt_softmax,case_011_brick,candidate_001_brick,0.10783325880765915,0.1281379908323288,0.1237914189696312
object_surface_ensemble,max_prompt_softmax,case_011_brick,candidate_003_brick,0.01707788184285164,0.0026145558804273605,0.2877671718597412
object_surface_ensemble,max_prompt_softmax,case_011_concrete_block,candidate_001_concrete_block,0.10783302038908005,0.12813794612884521,0.12379090487957001
object_surface_ensemble,max_prompt_softmax,case_011_concrete_block,candidate_002_concrete_block,0.01707782782614231,0.002614557510241866,0.2877662479877472
object_surface_ensemble,max_prompt_softmax,case_011_timber,candidate_001_timber,0.01707782782614231,0.002614557510241866,0.2877662479877472
object_surface_ensemble,max_prompt_softmax,case_011_timber,candidate_002_timber,0.10783325880765915,0.1281379908323288,0.1237914189696312
object_surface_ensemble,max_prompt_softmax,case_011_timber,candidate_003_timber,0.229133740067482,0.03775714710354805,0.07015655934810638
object_surface_ensemble,max_prompt_softmax,case_012_brick,candidate_001_brick,0.27727392315864563,0.01624896004796028,0.01754583790898323
object_surface_ensemble,max_prompt_softmax,case_012_brick,candidate_002_brick,0.05788702517747879,0.10795697569847107,0.11274717003107071
object_surface_ensemble,max_prompt_softmax,case_012_concrete_block,candidate_002_concrete_block,0.05788705497980118,0.10795702785253525,0.11274722218513489
object_surface_ensemble,max_prompt_softmax,case_012_concrete_block,candidate_001_concrete_block,0.2772725522518158,0.016248909756541252,0.01754581928253174
object_surface_ensemble,max_prompt_softmax,case_012_timber,candidate_002_timber,0.04504650458693504,0.014178351499140263,0.25739097595214844
object_surface_ensemble,max_prompt_softmax,case_012_timber,candidate_003_timber,0.05788702517747879,0.10795697569847107,0.11274717003107071
object_surface_ensemble,max_prompt_softmax,case_012_timber,candidate_001_timber,0.27727392315864563,0.01624896004796028,0.01754583790898323
object_surface_ensemble,max_prompt_softmax,TS_F01,candidate_001_concrete_block,0.13602621853351593,0.14327223598957062,0.03215567022562027
object_surface_ensemble,max_prompt_softmax,TS_F01,candidate_002_concrete_block,0.08373545855283737,0.09118327498435974,0.2186705619096756
object_surface_ensemble,max_prompt_softmax,TS_F02,candidate_001_timber,0.16186687350273132,0.07432803511619568,0.0752389132976532
object_surface_ensemble,max_prompt_softmax,TS_F02,candidate_002_timber,0.07056700438261032,0.20364981889724731,0.011057575233280659
object_surface_ensemble,max_prompt_softmax,TS_F03,candidate_002_brick,0.014947252348065376,0.02399129420518875,0.24875028431415558
object_surface_ensemble,max_prompt_softmax,TS_F03,candidate_001_brick,0.0983029380440712,0.1863502413034439,0.021460678428411484
object_surface_ensemble,max_prompt_softmax,TS_F05,candidate_001_concrete_block,0.34025469422340393,0.03792433813214302,0.07428696006536484
object_surface_ensemble,max_prompt_softmax,TS_F05,candidate_002_concrete_block,0.027342798188328743,0.019404485821723938,0.3786613643169403
object_surface_ensemble,max_prompt_softmax,TS_F06,candidate_002_timber,0.06936890631914139,0.18686573207378387,0.044432446360588074
object_surface_ensemble,max_prompt_softmax,TS_F06,candidate_001_timber,0.26976278424263,0.038181472569704056,0.05847843736410141
object_surface_ensemble,max_prompt_softmax,TS_F07,candidate_001_brick,0.11621971428394318,0.14620071649551392,0.028121525421738625
object_surface_ensemble,max_prompt_softmax,TS_F07,candidate_002_brick,0.008432220667600632,0.0021769911982119083,0.303816556930542
object_surface_ensemble,max_prompt_softmax,TS_F09,candidate_001_concrete_block,0.11737266182899475,0.1997021734714508,0.017986536026000977
object_surface_ensemble,max_prompt_softmax,TS_F09,candidate_002_concrete_block,0.0022237186785787344,0.0005045020952820778,0.261251837015152
object_surface_ensemble,max_prompt_softmax,TS_F10,candidate_002_timber,0.09571100771427155,0.1522303819656372,0.0840301588177681
object_surface_ensemble,max_prompt_softmax,TS_F10,candidate_001_timber,0.17366395890712738,0.12335751950740814,0.027094900608062744
object_surface_ensemble,max_prompt_softmax,TS_F11,candidate_002_brick,0.11051759123802185,0.14340472221374512,0.06323304027318954
object_surface_ensemble,max_prompt_softmax,TS_F11,candidate_001_brick,0.029607469215989113,0.018109353259205818,0.26358920335769653
object_surface_ensemble,mean_embedding_class_softmax,old_1,candidate_001_brick,0.35584306716918945,0.5271643400192261,0.11699260771274567
object_surface_ensemble,mean_embedding_class_softmax,old_1,candidate_002_brick,0.12996241450309753,0.23673796653747559,0.6332995891571045
object_surface_ensemble,mean_embedding_class_softmax,old_2,candidate_002_timber,0.12230352312326431,0.15961946547031403,0.7180770039558411
object_surface_ensemble,mean_embedding_class_softmax,old_2,candidate_001_timber,0.28808021545410156,0.6070607304573059,0.10485903173685074
object_surface_ensemble,mean_embedding_class_softmax,old_3,candidate_001_brick,0.4893479347229004,0.24595917761325836,0.2646927833557129
object_surface_ensemble,mean_embedding_class_softmax,old_3,candidate_002_brick,0.2224206179380417,0.7357593774795532,0.04182006046175957
object_surface_ensemble,mean_embedding_class_softmax,old_4,candidate_002_concrete_block,0.1926414519548416,0.7715930938720703,0.03576541319489479
object_surface_ensemble,mean_embedding_class_softmax,old_4,candidate_001_concrete_block,0.445609986782074,0.15653394162654877,0.39785608649253845
object_surface_ensemble,mean_embedding_class_softmax,old_5,candidate_001_timber,0.041647881269454956,0.06265505403280258,0.8956970572471619
object_surface_ensemble,mean_embedding_class_softmax,old_5,candidate_002_timber,0.3095349371433258,0.6080372929573059,0.08242776989936829
object_surface_ensemble,mean_embedding_class_softmax,old_6,candidate_001_concrete_block,0.251199871301651,0.6831173896789551,0.06568269431591034
object_surface_ensemble,mean_embedding_class_softmax,old_6,candidate_002_concrete_block,0.0542968213558197,0.05599432438611984,0.889708936214447
object_surface_ensemble,mean_embedding_class_softmax,old_7,candidate_001_brick,0.7690891027450562,0.20396137237548828,0.026949500665068626
object_surface_ensemble,mean_embedding_class_softmax,old_7,candidate_003_brick,0.20913387835025787,0.6920238137245178,0.0988423153758049
object_surface_ensemble,mean_embedding_class_softmax,old_7,candidate_002_brick,0.03741927817463875,0.08507978916168213,0.8775009512901306
object_surface_ensemble,mean_embedding_class_softmax,old_8,candidate_002_timber,0.08973447978496552,0.261053204536438,0.6492123007774353
object_surface_ensemble,mean_embedding_class_softmax,old_8,candidate_003_timber,0.24137888848781586,0.6889687776565552,0.06965236365795135
object_surface_ensemble,mean_embedding_class_softmax,old_8,candidate_001_timber,0.8216070532798767,0.15954092144966125,0.018852004781365395
object_surface_ensemble,mean_embedding_class_softmax,old_9,candidate_002_concrete_block,0.24450553953647614,0.6914406418800354,0.0640537291765213
object_surface_ensemble,mean_embedding_class_softmax,old_9,candidate_003_concrete_block,0.08128255605697632,0.2985745668411255,0.620142936706543
object_surface_ensemble,mean_embedding_class_softmax,old_9,candidate_001_concrete_block,0.7694019079208374,0.19045086205005646,0.04014722630381584
object_surface_ensemble,mean_embedding_class_softmax,old_10,candidate_001_brick,0.7822116017341614,0.1175699308514595,0.10021840780973434
object_surface_ensemble,mean_embedding_class_softmax,old_10,candidate_002_brick,0.07058839499950409,0.048313338309526443,0.8810982704162598
object_surface_ensemble,mean_embedding_class_softmax,old_11,candidate_002_timber,0.011996541172266006,0.015566009096801281,0.9724374413490295
object_surface_ensemble,mean_embedding_class_softmax,old_11,candidate_001_timber,0.8881989121437073,0.06598478555679321,0.04581630229949951
object_surface_ensemble,mean_embedding_class_softmax,old_12,candidate_001_brick,0.7812227606773376,0.1052706316113472,0.11350665241479874
object_surface_ensemble,mean_embedding_class_softmax,old_12,candidate_002_brick,0.22231045365333557,0.5657849907875061,0.21190448105335236
object_surface_ensemble,mean_embedding_class_softmax,old_13,candidate_001_concrete_block,0.2809537351131439,0.5375277400016785,0.18151850998401642
object_surface_ensemble,mean_embedding_class_softmax,old_13,candidate_002_concrete_block,0.73603355884552,0.11726205796003342,0.14670442044734955
object_surface_ensemble,mean_embedding_class_softmax,old_14,candidate_001_timber,0.02146940305829048,0.007977454923093319,0.9705531001091003
object_surface_ensemble,mean_embedding_class_softmax,old_14,candidate_002_timber,0.3431694209575653,0.5292280316352844,0.12760259211063385
object_surface_ensemble,mean_embedding_class_softmax,old_15,candidate_001_concrete_block,0.40671849250793457,0.4939245879650116,0.09935690462589264
object_surface_ensemble,mean_embedding_class_softmax,old_15,candidate_002_concrete_block,0.017410598695278168,0.006981199607253075,0.9756081700325012
object_surface_ensemble,mean_embedding_class_softmax,old_16,candidate_001_brick,0.6904717683792114,0.19056928157806396,0.1189589723944664
object_surface_ensemble,mean_embedding_class_softmax,old_16,candidate_003_brick,0.3572930097579956,0.548004150390625,0.0947028398513794
object_surface_ensemble,mean_embedding_class_softmax,old_16,candidate_002_brick,0.014411929063498974,0.00886918231844902,0.9767189025878906
object_surface_ensemble,mean_embedding_class_softmax,old_17,candidate_002_timber,0.04087298363447189,0.013083739206194878,0.9460432529449463
object_surface_ensemble,mean_embedding_class_softmax,old_17,candidate_003_timber,0.34075650572776794,0.5812516808509827,0.07799187302589417
object_surface_ensemble,mean_embedding_class_softmax,old_17,candidate_001_timber,0.719413161277771,0.1674485206604004,0.11313830316066742
object_surface_ensemble,mean_embedding_class_softmax,old_18,candidate_002_concrete_block,0.4422398507595062,0.4728775918483734,0.08488259464502335
object_surface_ensemble,mean_embedding_class_softmax,old_18,candidate_003_concrete_block,0.6255975961685181,0.1311228722333908,0.24327954649925232
object_surface_ensemble,mean_embedding_class_softmax,old_18,candidate_001_concrete_block,0.04032747820019722,0.022226814180612564,0.9374457001686096
object_surface_ensemble,mean_embedding_class_softmax,old_19,candidate_001_brick,0.3635619878768921,0.5784648656845093,0.05797315016388893
object_surface_ensemble,mean_embedding_class_softmax,old_19,candidate_002_brick,0.009589726105332375,0.0019670636393129826,0.9884431958198547
object_surface_ensemble,mean_embedding_class_softmax,old_20,candidate_002_timber,0.00486335763707757,0.0012075805570930243,0.9939290285110474
object_surface_ensemble,mean_embedding_class_softmax,old_20,candidate_001_timber,0.380500853061676,0.5418931841850281,0.07760600000619888
object_surface_ensemble,mean_embedding_class_softmax,old_21,candidate_001_brick,0.48222672939300537,0.4020342230796814,0.11573904752731323
object_surface_ensemble,mean_embedding_class_softmax,old_21,candidate_002_brick,0.31458941102027893,0.41375428438186646,0.2716563642024994
object_surface_ensemble,mean_embedding_class_softmax,old_22,candidate_002_concrete_block,0.23085443675518036,0.5824006199836731,0.18674492835998535
object_surface_ensemble,mean_embedding_class_softmax,old_22,candidate_001_concrete_block,0.42334476113319397,0.3794418275356293,0.19721335172653198
object_surface_ensemble,mean_embedding_class_softmax,old_23,candidate_001_timber,0.10012247413396835,0.061383206397295,0.8384943008422852
object_surface_ensemble,mean_embedding_class_softmax,old_23,candidate_002_timber,0.34849417209625244,0.3916947543621063,0.25981104373931885
object_surface_ensemble,mean_embedding_class_softmax,old_24,candidate_002_concrete_block,0.30311107635498047,0.4775560796260834,0.21933278441429138
object_surface_ensemble,mean_embedding_class_softmax,old_24,candidate_001_concrete_block,0.09450417011976242,0.053972091525793076,0.8515236973762512
object_surface_ensemble,mean_embedding_class_softmax,old_25,candidate_001_brick,0.42898887395858765,0.5179817080497742,0.053029436618089676
object_surface_ensemble,mean_embedding_class_softmax,old_25,candidate_002_brick,0.16143234074115753,0.16809631884098053,0.6704713702201843
object_surface_ensemble,mean_embedding_class_softmax,old_25,candidate_003_brick,0.40401241183280945,0.30420759320259094,0.2917800843715668
object_surface_ensemble,mean_embedding_class_softmax,old_26,candidate_002_timber,0.11708329617977142,0.11209669709205627,0.7708199620246887
object_surface_ensemble,mean_embedding_class_softmax,old_26,candidate_003_timber,0.37763237953186035,0.34250161051750183,0.2798660397529602
object_surface_ensemble,mean_embedding_class_softmax,old_26,candidate_001_timber,0.47570496797561646,0.4624235928058624,0.06187141686677933
object_surface_ensemble,mean_embedding_class_softmax,old_27,candidate_003_concrete_block,0.43658778071403503,0.2827087640762329,0.28070351481437683
object_surface_ensemble,mean_embedding_class_softmax,old_27,candidate_001_concrete_block,0.49052694439888,0.4165295958518982,0.09294350445270538
object_surface_ensemble,mean_embedding_class_softmax,old_27,candidate_002_concrete_block,0.12177637964487076,0.11711611598730087,0.7611075043678284
object_surface_ensemble,mean_embedding_class_softmax,case_001_brick,candidate_002_brick,0.8175323605537415,0.17584897577762604,0.006618639919906855
object_surface_ensemble,mean_embedding_class_softmax,case_001_brick,candidate_001_brick,0.4506817162036896,0.36127951741218567,0.18803879618644714
object_surface_ensemble,mean_embedding_class_softmax,case_001_brick,candidate_003_brick,0.19596314430236816,0.642561674118042,0.16147521138191223
object_surface_ensemble,mean_embedding_class_softmax,case_001_concrete_block,candidate_001_concrete_block,0.4506817162036896,0.36127951741218567,0.18803879618644714
object_surface_ensemble,mean_embedding_class_softmax,case_001_concrete_block,candidate_002_concrete_block,0.19596314430236816,0.642561674118042,0.16147521138191223
object_surface_ensemble,mean_embedding_class_softmax,case_001_concrete_block,candidate_003_concrete_block,0.8175318241119385,0.1758495271205902,0.0066186487674713135
object_surface_ensemble,mean_embedding_class_softmax,case_001_timber,candidate_003_timber,0.19596314430236816,0.642561674118042,0.16147521138191223
object_surface_ensemble,mean_embedding_class_softmax,case_001_timber,candidate_001_timber,0.45068156719207764,0.36128008365631104,0.18803837895393372
object_surface_ensemble,mean_embedding_class_softmax,case_001_timber,candidate_002_timber,0.8175323605537415,0.17584897577762604,0.006618639919906855
object_surface_ensemble,mean_embedding_class_softmax,case_002_brick,candidate_001_brick,0.7051465511322021,0.28911131620407104,0.005742151755839586
object_surface_ensemble,mean_embedding_class_softmax,case_002_brick,candidate_002_brick,0.2362111359834671,0.3887917101383209,0.37499719858169556
object_surface_ensemble,mean_embedding_class_softmax,case_002_brick,candidate_003_brick,0.010923496447503567,0.0024307086132466793,0.9866458177566528
object_surface_ensemble,mean_embedding_class_softmax,case_002_concrete_block,candidate_001_concrete_block,0.7051465511322021,0.28911131620407104,0.005742151755839586
object_surface_ensemble,mean_embedding_class_softmax,case_002_concrete_block,candidate_002_concrete_block,0.2362111359834671,0.3887917101383209,0.37499719858169556
object_surface_ensemble,mean_embedding_class_softmax,case_002_concrete_block,candidate_003_concrete_block,0.010923496447503567,0.0024307086132466793,0.9866458177566528
object_surface_ensemble,mean_embedding_class_softmax,case_002_timber,candidate_002_timber,0.01092347502708435,0.002430699300020933,0.9866458177566528
object_surface_ensemble,mean_embedding_class_softmax,case_002_timber,candidate_003_timber,0.23621127009391785,0.3887919485569,0.37499672174453735
object_surface_ensemble,mean_embedding_class_softmax,case_002_timber,candidate_001_timber,0.7051465511322021,0.28911131620407104,0.005742151755839586
object_surface_ensemble,mean_embedding_class_softmax,case_003_brick,candidate_001_brick,0.7720949649810791,0.20826086401939392,0.019644157961010933
object_surface_ensemble,mean_embedding_class_softmax,case_003_concrete_block,candidate_001_concrete_block,0.7720949649810791,0.20826086401939392,0.019644157961010933
object_surface_ensemble,mean_embedding_class_softmax,case_003_concrete_block,candidate_002_concrete_block,0.19627662003040314,0.16278359293937683,0.6409398317337036
object_surface_ensemble,mean_embedding_class_softmax,case_003_timber,candidate_002_timber,0.19627662003040314,0.16278359293937683,0.6409398317337036
object_surface_ensemble,mean_embedding_class_softmax,case_003_timber,candidate_001_timber,0.7720949649810791,0.20826086401939392,0.019644157961010933
object_surface_ensemble,mean_embedding_class_softmax,case_004_brick,candidate_001_brick,0.8878313302993774,0.06388892978429794,0.04827973619103432
object_surface_ensemble,mean_embedding_class_softmax,case_004_concrete_block,candidate_001_concrete_block,0.07859358936548233,0.8946208357810974,0.026785552501678467
object_surface_ensemble,mean_embedding_class_softmax,case_004_concrete_block,candidate_003_concrete_block,0.2037968784570694,0.40923136472702026,0.38697168231010437
object_surface_ensemble,mean_embedding_class_softmax,case_004_concrete_block,candidate_002_concrete_block,0.887831449508667,0.06388893723487854,0.04827955737709999
object_surface_ensemble,mean_embedding_class_softmax,case_004_timber,candidate_002_timber,0.2037968784570694,0.40923136472702026,0.38697168231010437
object_surface_ensemble,mean_embedding_class_softmax,case_004_timber,candidate_001_timber,0.887831449508667,0.06388893723487854,0.04827955737709999
object_surface_ensemble,mean_embedding_class_softmax,case_005_brick,candidate_001_brick,0.778569757938385,0.1017574742436409,0.1196727305650711
object_surface_ensemble,mean_embedding_class_softmax,case_005_brick,candidate_003_brick,0.6048569679260254,0.31559574604034424,0.07954725623130798
object_surface_ensemble,mean_embedding_class_softmax,case_005_brick,candidate_002_brick,0.00683604134246707,0.005937534384429455,0.9872264266014099
object_surface_ensemble,mean_embedding_class_softmax,case_005_concrete_block,candidate_003_concrete_block,0.6048569679260254,0.31559574604034424,0.07954725623130798
object_surface_ensemble,mean_embedding_class_softmax,case_005_concrete_block,candidate_001_concrete_block,0.778569757938385,0.1017574742436409,0.1196727305650711
object_surface_ensemble,mean_embedding_class_softmax,case_005_concrete_block,candidate_002_concrete_block,0.006835990119725466,0.005937489680945873,0.9872265458106995
object_surface_ensemble,mean_embedding_class_softmax,case_005_timber,candidate_002_timber,0.006835990119725466,0.005937489680945873,0.9872265458106995
object_surface_ensemble,mean_embedding_class_softmax,case_005_timber,candidate_003_timber,0.6048569679260254,0.31559574604034424,0.07954725623130798
object_surface_ensemble,mean_embedding_class_softmax,case_005_timber,candidate_001_timber,0.778569757938385,0.1017574742436409,0.1196727305650711
object_surface_ensemble,mean_embedding_class_softmax,case_006_brick,candidate_001_brick,0.7911633253097534,0.1953800767660141,0.013456613756716251
object_surface_ensemble,mean_embedding_class_softmax,case_006_brick,candidate_002_brick,0.30318692326545715,0.09517264366149902,0.6016404032707214
object_surface_ensemble,mean_embedding_class_softmax,case_006_concrete_block,candidate_002_concrete_block,0.3492678701877594,0.47368648648262024,0.17704558372497559
object_surface_ensemble,mean_embedding_class_softmax,case_006_concrete_block,candidate_001_concrete_block,0.7911633253097534,0.1953800767660141,0.013456613756716251
object_surface_ensemble,mean_embedding_class_softmax,case_006_concrete_block,candidate_003_concrete_block,0.3031865954399109,0.09517253935337067,0.6016408801078796
object_surface_ensemble,mean_embedding_class_softmax,case_006_timber,candidate_003_timber,0.3031865954399109,0.09517253935337067,0.6016408801078796
object_surface_ensemble,mean_embedding_class_softmax,case_006_timber,candidate_002_timber,0.3492675721645355,0.47368699312210083,0.17704541981220245
object_surface_ensemble,mean_embedding_class_softmax,case_006_timber,candidate_001_timber,0.7911633253097534,0.1953800767660141,0.013456613756716251
object_surface_ensemble,mean_embedding_class_softmax,case_007_brick,candidate_001_brick,0.8316866755485535,0.09845015406608582,0.06986316293478012
object_surface_ensemble,mean_embedding_class_softmax,case_007_concrete_block,candidate_001_concrete_block,0.3998402953147888,0.5967497229576111,0.003410007106140256
object_surface_ensemble,mean_embedding_class_softmax,case_007_concrete_block,candidate_003_concrete_block,0.7966511845588684,0.09312938898801804,0.11021946370601654
object_surface_ensemble,mean_embedding_class_softmax,case_007_concrete_block,candidate_002_concrete_block,0.08750220388174057,0.02018645964562893,0.8923113346099854
object_surface_ensemble,mean_embedding_class_softmax,case_007_timber,candidate_001_timber,0.08735454827547073,0.019147859886288643,0.89349764585495
object_surface_ensemble,mean_embedding_class_softmax,case_007_timber,candidate_003_timber,0.7977592349052429,0.08161508291959763,0.12062571197748184
object_surface_ensemble,mean_embedding_class_softmax,case_007_timber,candidate_002_timber,0.3958277702331543,0.6007261872291565,0.0034460662864148617
object_surface_ensemble,mean_embedding_class_softmax,case_008_brick,candidate_001_brick,0.784758985042572,0.13756953179836273,0.07767143845558167
object_surface_ensemble,mean_embedding_class_softmax,case_008_brick,candidate_002_brick,0.5247340202331543,0.4007192552089691,0.0745467096567154
object_surface_ensemble,mean_embedding_class_softmax,case_008_brick,candidate_003_brick,0.11334898322820663,0.08960931748151779,0.7970417141914368
object_surface_ensemble,mean_embedding_class_softmax,case_008_concrete_block,candidate_003_concrete_block,0.5247341394424438,0.4007193446159363,0.07454658299684525
object_surface_ensemble,mean_embedding_class_softmax,case_008_concrete_block,candidate_001_concrete_block,0.784758985042572,0.13756953179836273,0.07767143845558167
object_surface_ensemble,mean_embedding_class_softmax,case_008_concrete_block,candidate_002_concrete_block,0.11334820836782455,0.08960939198732376,0.7970423698425293
object_surface_ensemble,mean_embedding_class_softmax,case_008_timber,candidate_002_timber,0.11077708005905151,0.08819007873535156,0.8010328412055969
object_surface_ensemble,mean_embedding_class_softmax,case_008_timber,candidate_003_timber,0.5301034450531006,0.39386504888534546,0.07603145390748978
object_surface_ensemble,mean_embedding_class_softmax,case_008_timber,candidate_001_timber,0.784758985042572,0.13756953179836273,0.07767143845558167
object_surface_ensemble,mean_embedding_class_softmax,case_009_brick,candidate_001_brick,0.4413820207118988,0.5463142395019531,0.012303763069212437
object_surface_ensemble,mean_embedding_class_softmax,case_009_brick,candidate_002_brick,0.24791079759597778,0.41850849986076355,0.33358070254325867
object_surface_ensemble,mean_embedding_class_softmax,case_009_concrete_block,candidate_001_concrete_block,0.4413820207118988,0.5463142395019531,0.012303739786148071
object_surface_ensemble,mean_embedding_class_softmax,case_009_concrete_block,candidate_003_concrete_block,0.24791114032268524,0.41850829124450684,0.33358055353164673
object_surface_ensemble,mean_embedding_class_softmax,case_009_concrete_block,candidate_002_concrete_block,0.002077499171718955,0.003184765111654997,0.9947376847267151
object_surface_ensemble,mean_embedding_class_softmax,case_009_timber,candidate_002_timber,0.0021354127675294876,0.003351872321218252,0.994512677192688
object_surface_ensemble,mean_embedding_class_softmax,case_009_timber,candidate_001_timber,0.4413829445838928,0.5463132858276367,0.012303788214921951
object_surface_ensemble,mean_embedding_class_softmax,case_010_brick,candidate_001_brick,0.4379303753376007,0.43818438053131104,0.12388516962528229
object_surface_ensemble,mean_embedding_class_softmax,case_010_brick,candidate_002_brick,0.26651355624198914,0.13876183331012726,0.5947245955467224
object_surface_ensemble,mean_embedding_class_softmax,case_010_brick,candidate_003_brick,0.15946409106254578,0.7031874656677246,0.13734844326972961
object_surface_ensemble,mean_embedding_class_softmax,case_010_concrete_block,candidate_002_concrete_block,0.43793120980262756,0.4381835460662842,0.12388516962528229
object_surface_ensemble,mean_embedding_class_softmax,case_010_concrete_block,candidate_001_concrete_block,0.15946362912654877,0.7031881213188171,0.13734830915927887
object_surface_ensemble,mean_embedding_class_softmax,case_010_timber,candidate_003_timber,0.26651355624198914,0.13876183331012726,0.5947245955467224
object_surface_ensemble,mean_embedding_class_softmax,case_010_timber,candidate_001_timber,0.15946362912654877,0.7031881213188171,0.13734830915927887
object_surface_ensemble,mean_embedding_class_softmax,case_010_timber,candidate_002_timber,0.4379303753376007,0.43818438053131104,0.12388516962528229
object_surface_ensemble,mean_embedding_class_softmax,case_011_brick,candidate_002_brick,0.8398587107658386,0.07856176793575287,0.08157951384782791
object_surface_ensemble,mean_embedding_class_softmax,case_011_brick,candidate_001_brick,0.3074982762336731,0.3943629562854767,0.2981387674808502
object_surface_ensemble,mean_embedding_class_softmax,case_011_brick,candidate_003_brick,0.03436405211687088,0.006621162872761488,0.9590148329734802
object_surface_ensemble,mean_embedding_class_softmax,case_011_concrete_block,candidate_001_concrete_block,0.307498961687088,0.39436158537864685,0.29813945293426514
object_surface_ensemble,mean_embedding_class_softmax,case_011_concrete_block,candidate_002_concrete_block,0.034363921731710434,0.00662118848413229,0.959014892578125
object_surface_ensemble,mean_embedding_class_softmax,case_011_timber,candidate_001_timber,0.034363921731710434,0.00662118848413229,0.959014892578125
object_surface_ensemble,mean_embedding_class_softmax,case_011_timber,candidate_002_timber,0.3074982762336731,0.3943629562854767,0.2981387674808502
object_surface_ensemble,mean_embedding_class_softmax,case_011_timber,candidate_003_timber,0.8349301815032959,0.07562654465436935,0.08944325894117355
object_surface_ensemble,mean_embedding_class_softmax,case_012_brick,candidate_001_brick,0.9181249141693115,0.04676779732108116,0.0351073257625103
object_surface_ensemble,mean_embedding_class_softmax,case_012_brick,candidate_002_brick,0.18127508461475372,0.3809784948825836,0.43774646520614624
object_surface_ensemble,mean_embedding_class_softmax,case_012_concrete_block,candidate_002_concrete_block,0.1812749207019806,0.38097816705703735,0.43774691224098206
object_surface_ensemble,mean_embedding_class_softmax,case_012_concrete_block,candidate_001_concrete_block,0.9181247353553772,0.04676787927746773,0.03510745242238045
object_surface_ensemble,mean_embedding_class_softmax,case_012_timber,candidate_002_timber,0.10157442837953568,0.046040285378694534,0.8523852825164795
object_surface_ensemble,mean_embedding_class_softmax,case_012_timber,candidate_003_timber,0.18127508461475372,0.3809784948825836,0.43774646520614624
object_surface_ensemble,mean_embedding_class_softmax,case_012_timber,candidate_001_timber,0.9181249141693115,0.04676779732108116,0.0351073257625103
object_surface_ensemble,mean_embedding_class_softmax,TS_F01,candidate_001_concrete_block,0.35584306716918945,0.5271643400192261,0.11699260771274567
object_surface_ensemble,mean_embedding_class_softmax,TS_F01,candidate_002_concrete_block,0.12996241450309753,0.23673796653747559,0.6332995891571045
object_surface_ensemble,mean_embedding_class_softmax,TS_F02,candidate_001_timber,0.4893479347229004,0.24595917761325836,0.2646927833557129
object_surface_ensemble,mean_embedding_class_softmax,TS_F02,candidate_002_timber,0.22242023050785065,0.7357595562934875,0.04182014986872673
object_surface_ensemble,mean_embedding_class_softmax,TS_F03,candidate_002_brick,0.04164788872003555,0.06265494227409363,0.8956971764564514
object_surface_ensemble,mean_embedding_class_softmax,TS_F03,candidate_001_brick,0.3095349371433258,0.6080372929573059,0.08242776989936829
object_surface_ensemble,mean_embedding_class_softmax,TS_F05,candidate_001_concrete_block,0.7822116017341614,0.1175699308514595,0.10021840780973434
object_surface_ensemble,mean_embedding_class_softmax,TS_F05,candidate_002_concrete_block,0.07058828324079514,0.04831317067146301,0.8810985684394836
object_surface_ensemble,mean_embedding_class_softmax,TS_F06,candidate_002_timber,0.22231045365333557,0.5657849907875061,0.21190448105335236
object_surface_ensemble,mean_embedding_class_softmax,TS_F06,candidate_001_timber,0.7812227606773376,0.1052706316113472,0.11350665241479874
object_surface_ensemble,mean_embedding_class_softmax,TS_F07,candidate_001_brick,0.34317025542259216,0.5292273163795471,0.12760242819786072
object_surface_ensemble,mean_embedding_class_softmax,TS_F07,candidate_002_brick,0.02146940305829048,0.007977470755577087,0.9705531001091003
object_surface_ensemble,mean_embedding_class_softmax,TS_F09,candidate_001_concrete_block,0.3635619878768921,0.5784648656845093,0.05797315016388893
object_surface_ensemble,mean_embedding_class_softmax,TS_F09,candidate_002_concrete_block,0.009589726105332375,0.0019670636393129826,0.9884431958198547
object_surface_ensemble,mean_embedding_class_softmax,TS_F10,candidate_002_timber,0.3145888149738312,0.41375431418418884,0.27165690064430237
object_surface_ensemble,mean_embedding_class_softmax,TS_F10,candidate_001_timber,0.48222672939300537,0.4020342230796814,0.11573904752731323
object_surface_ensemble,mean_embedding_class_softmax,TS_F11,candidate_002_brick,0.34849417209625244,0.3916947543621063,0.25981104373931885
object_surface_ensemble,mean_embedding_class_softmax,TS_F11,candidate_001_brick,0.10012247413396835,0.061383206397295,0.8384943008422852
visual_descriptions,max_prompt_softmax,old_1,candidate_001_brick,0.03884175792336464,0.7353798151016235,0.008608167059719563
visual_descriptions,max_prompt_softmax,old_1,candidate_002_brick,0.0552762970328331,0.1817854642868042,0.2515464723110199
visual_descriptions,max_prompt_softmax,old_2,candidate_002_timber,0.06108910217881203,0.1951572746038437,0.3154330551624298
visual_descriptions,max_prompt_softmax,old_2,candidate_001_timber,0.022675232961773872,0.7436231374740601,0.009948565624654293
visual_descriptions,max_prompt_softmax,old_3,candidate_001_brick,0.09531586617231369,0.6904217600822449,0.028136974200606346
visual_descriptions,max_prompt_softmax,old_3,candidate_002_brick,0.00879301130771637,0.8243452310562134,0.0037075832951813936
visual_descriptions,max_prompt_softmax,old_4,candidate_002_concrete_block,0.008263232186436653,0.8781992197036743,0.0024614452850073576
visual_descriptions,max_prompt_softmax,old_4,candidate_001_concrete_block,0.12835845351219177,0.6045385599136353,0.04390913248062134
visual_descriptions,max_prompt_softmax,old_5,candidate_001_timber,0.025797536596655846,0.03669598698616028,0.4790874719619751
visual_descriptions,max_prompt_softmax,old_5,candidate_002_timber,0.009847321547567844,0.8492428660392761,0.006255996413528919
visual_descriptions,max_prompt_softmax,old_6,candidate_001_concrete_block,0.005868139676749706,0.9025465846061707,0.0029171104542911053
visual_descriptions,max_prompt_softmax,old_6,candidate_002_concrete_block,0.04293209686875343,0.025750992819666862,0.5288380980491638
visual_descriptions,max_prompt_softmax,old_7,candidate_001_brick,0.23919562995433807,0.5471473932266235,0.002979174954816699
visual_descriptions,max_prompt_softmax,old_7,candidate_003_brick,0.020073052495718002,0.6441673040390015,0.029424238950014114
visual_descriptions,max_prompt_softmax,old_7,candidate_002_brick,0.018824806436896324,0.0412527397274971,0.4349570572376251
visual_descriptions,max_prompt_softmax,old_8,candidate_002_timber,0.05210137367248535,0.1213553175330162,0.4141710102558136
visual_descriptions,max_prompt_softmax,old_8,candidate_003_timber,0.012258108705282211,0.7966537475585938,0.00839932356029749
visual_descriptions,max_prompt_softmax,old_8,candidate_001_timber,0.22077485918998718,0.5744382739067078,0.0025227253790944815
visual_descriptions,max_prompt_softmax,old_9,candidate_002_concrete_block,0.014792516827583313,0.7911621928215027,0.011812939308583736
visual_descriptions,max_prompt_softmax,old_9,candidate_003_concrete_block,0.03475599363446236,0.1329726129770279,0.47327306866645813
visual_descriptions,max_prompt_softmax,old_9,candidate_001_concrete_block,0.262430876493454,0.503563404083252,0.006977330427616835
visual_descriptions,max_prompt_softmax,old_10,candidate_001_brick,0.1412840187549591,0.5271692872047424,0.013686684891581535
visual_descriptions,max_prompt_softmax,old_10,candidate_002_brick,0.04948832094669342,0.024699635803699493,0.3879964053630829
visual_descriptions,max_prompt_softmax,old_11,candidate_002_timber,0.011165628209710121,0.004113485105335712,0.5242601037025452
visual_descriptions,max_prompt_softmax,old_11,candidate_001_timber,0.21914589405059814,0.47213560342788696,0.01123972237110138
visual_descriptions,max_prompt_softmax,old_12,candidate_001_brick,0.1567685604095459,0.6357288360595703,0.013668792322278023
visual_descriptions,max_prompt_softmax,old_12,candidate_002_brick,0.05754643306136131,0.4587969183921814,0.07939007878303528
visual_descriptions,max_prompt_softmax,old_13,candidate_001_concrete_block,0.06036034971475601,0.44073253870010376,0.056625161319971085
visual_descriptions,max_prompt_softmax,old_13,candidate_002_concrete_block,0.14299671351909637,0.5375548601150513,0.02637907862663269
visual_descriptions,max_prompt_softmax,old_14,candidate_001_timber,0.011658165603876114,0.0034397512208670378,0.46697530150413513
visual_descriptions,max_prompt_softmax,old_14,candidate_002_timber,0.07190758734941483,0.4260767698287964,0.05851277336478233
visual_descriptions,max_prompt_softmax,old_15,candidate_001_concrete_block,0.10011611133813858,0.5655381679534912,0.031222140416502953
visual_descriptions,max_prompt_softmax,old_15,candidate_002_concrete_block,0.024954719468951225,0.004949148278683424,0.34433096647262573
visual_descriptions,max_prompt_softmax,old_16,candidate_001_brick,0.16661766171455383,0.6041865944862366,0.008858568035066128
visual_descriptions,max_prompt_softmax,old_16,candidate_003_brick,0.0303701963275671,0.6712668538093567,0.023291543126106262
visual_descriptions,max_prompt_softmax,old_16,candidate_002_brick,0.011218775063753128,0.005890819244086742,0.4483606815338135
visual_descriptions,max_prompt_softmax,old_17,candidate_002_timber,0.03439895808696747,0.014926466159522533,0.3475344777107239
visual_descriptions,max_prompt_softmax,old_17,candidate_003_timber,0.03620010241866112,0.7534801363945007,0.0203709676861763
visual_descriptions,max_prompt_softmax,old_17,candidate_001_timber,0.16778293251991272,0.5363854169845581,0.012896738015115261
visual_descriptions,max_prompt_softmax,old_18,candidate_002_concrete_block,0.14345747232437134,0.5304797291755676,0.03251054510474205
visual_descriptions,max_prompt_softmax,old_18,candidate_003_concrete_block,0.16559021174907684,0.5636484026908875,0.019660715013742447
visual_descriptions,max_prompt_softmax,old_18,candidate_001_concrete_block,0.06218982860445976,0.029953908175230026,0.3286132514476776
visual_descriptions,max_prompt_softmax,old_19,candidate_001_brick,0.03970480337738991,0.7764077186584473,0.005036243703216314
visual_descriptions,max_prompt_softmax,old_19,candidate_002_brick,0.0020428216084837914,0.0003975326253566891,0.5214205384254456
visual_descriptions,max_prompt_softmax,old_20,candidate_002_timber,0.0011787073453888297,0.0003394282248336822,0.5645765066146851
visual_descriptions,max_prompt_softmax,old_20,candidate_001_timber,0.04087056219577789,0.7514641880989075,0.008009775541722775
visual_descriptions,max_prompt_softmax,old_21,candidate_001_brick,0.052403371781110764,0.7658025622367859,0.009775045327842236
visual_descriptions,max_prompt_softmax,old_21,candidate_002_brick,0.016563763841986656,0.6814911365509033,0.1736745983362198
visual_descriptions,max_prompt_softmax,old_22,candidate_002_concrete_block,0.019062882289290428,0.6322857737541199,0.09555159509181976
visual_descriptions,max_prompt_softmax,old_22,candidate_001_concrete_block,0.06119149923324585,0.7562330961227417,0.018871106207370758
visual_descriptions,max_prompt_softmax,old_23,candidate_001_timber,0.060150135308504105,0.021591750904917717,0.27523839473724365
visual_descriptions,max_prompt_softmax,old_23,candidate_002_timber,0.12103113532066345,0.39717596769332886,0.15243086218833923
visual_descriptions,max_prompt_softmax,old_24,candidate_002_concrete_block,0.13542577624320984,0.4635761082172394,0.09468769282102585
visual_descriptions,max_prompt_softmax,old_24,candidate_001_concrete_block,0.05549384653568268,0.018489738926291466,0.277216374874115
visual_descriptions,max_prompt_softmax,old_25,candidate_001_brick,0.013140258379280567,0.8485292196273804,0.004876147024333477
visual_descriptions,max_prompt_softmax,old_25,candidate_002_brick,0.11789344251155853,0.10097741335630417,0.3295655846595764
visual_descriptions,max_prompt_softmax,old_25,candidate_003_brick,0.041371747851371765,0.5306447744369507,0.236384779214859
visual_descriptions,max_prompt_softmax,old_26,candidate_002_timber,0.09009905159473419,0.05311642959713936,0.3748388886451721
visual_descriptions,max_prompt_softmax,old_26,candidate_003_timber,0.03486912325024605,0.6029491424560547,0.19990843534469604
visual_descriptions,max_prompt_softmax,old_26,candidate_001_timber,0.02685902826488018,0.7614638805389404,0.007672040723264217
visual_descriptions,max_prompt_softmax,old_27,candidate_003_concrete_block,0.05027574673295021,0.5122749209403992,0.20896190404891968
visual_descriptions,max_prompt_softmax,old_27,candidate_001_concrete_block,0.03482421487569809,0.8136943578720093,0.01108815148472786
visual_descriptions,max_prompt_softmax,old_27,candidate_002_concrete_block,0.10497724264860153,0.09958229959011078,0.3557965159416199
visual_descriptions,max_prompt_softmax,case_001_brick,candidate_002_brick,0.2552695572376251,0.5319645404815674,0.002615267876535654
visual_descriptions,max_prompt_softmax,case_001_brick,candidate_001_brick,0.14796049892902374,0.3667362928390503,0.07371611893177032
visual_descriptions,max_prompt_softmax,case_001_brick,candidate_003_brick,0.02553662471473217,0.6382890343666077,0.07545462995767593
visual_descriptions,max_prompt_softmax,case_001_concrete_block,candidate_001_concrete_block,0.14796049892902374,0.3667362928390503,0.07371611893177032
visual_descriptions,max_prompt_softmax,case_001_concrete_block,candidate_002_concrete_block,0.02553662471473217,0.6382890343666077,0.07545462995767593
visual_descriptions,max_prompt_softmax,case_001_concrete_block,candidate_003_concrete_block,0.25527212023735046,0.5319617390632629,0.0026152890641242266
visual_descriptions,max_prompt_softmax,case_001_timber,candidate_003_timber,0.02553662471473217,0.6382890343666077,0.07545462995767593
visual_descriptions,max_prompt_softmax,case_001_timber,candidate_001_timber,0.14796054363250732,0.36673566699028015,0.07371612638235092
visual_descriptions,max_prompt_softmax,case_001_timber,candidate_002_timber,0.2552695572376251,0.5319645404815674,0.002615267876535654
visual_descriptions,max_prompt_softmax,case_002_brick,candidate_001_brick,0.11894019693136215,0.7091878056526184,0.0009500434971414506
visual_descriptions,max_prompt_softmax,case_002_brick,candidate_002_brick,0.03151293471455574,0.5821546316146851,0.1302299201488495
visual_descriptions,max_prompt_softmax,case_002_brick,candidate_003_brick,0.004095247946679592,0.0035754696000367403,0.5962399244308472
visual_descriptions,max_prompt_softmax,case_002_concrete_block,candidate_001_concrete_block,0.11894019693136215,0.7091878056526184,0.0009500434971414506
visual_descriptions,max_prompt_softmax,case_002_concrete_block,candidate_002_concrete_block,0.03151293471455574,0.5821546316146851,0.1302299201488495
visual_descriptions,max_prompt_softmax,case_002_concrete_block,candidate_003_concrete_block,0.004095247946679592,0.0035754696000367403,0.5962399244308472
visual_descriptions,max_prompt_softmax,case_002_timber,candidate_002_timber,0.004095232114195824,0.003575462382286787,0.5962398648262024
visual_descriptions,max_prompt_softmax,case_002_timber,candidate_003_timber,0.03151284158229828,0.5821539759635925,0.13023026287555695
visual_descriptions,max_prompt_softmax,case_002_timber,candidate_001_timber,0.11894019693136215,0.7091878056526184,0.0009500434971414506
visual_descriptions,max_prompt_softmax,case_003_brick,candidate_001_brick,0.12071312218904495,0.6464663743972778,0.007446965202689171
visual_descriptions,max_prompt_softmax,case_003_concrete_block,candidate_001_concrete_block,0.12071312218904495,0.6464663743972778,0.007446965202689171
visual_descriptions,max_prompt_softmax,case_003_concrete_block,candidate_002_concrete_block,0.07844609022140503,0.29917222261428833,0.34176838397979736
visual_descriptions,max_prompt_softmax,case_003_timber,candidate_002_timber,0.07844609022140503,0.29917222261428833,0.34176838397979736
visual_descriptions,max_prompt_softmax,case_003_timber,candidate_001_timber,0.12071312218904495,0.6464663743972778,0.007446965202689171
visual_descriptions,max_prompt_softmax,case_004_brick,candidate_001_brick,0.3719691336154938,0.18263296782970428,0.017062067985534668
visual_descriptions,max_prompt_softmax,case_004_concrete_block,candidate_001_concrete_block,0.009254403412342072,0.6591011881828308,0.0041711111553013325
visual_descriptions,max_prompt_softmax,case_004_concrete_block,candidate_003_concrete_block,0.05910306051373482,0.6865159869194031,0.11397607624530792
visual_descriptions,max_prompt_softmax,case_004_concrete_block,candidate_002_concrete_block,0.3719663619995117,0.18263405561447144,0.017062105238437653
visual_descriptions,max_prompt_softmax,case_004_timber,candidate_002_timber,0.05910306051373482,0.6865159869194031,0.11397607624530792
visual_descriptions,max_prompt_softmax,case_004_timber,candidate_001_timber,0.3719663619995117,0.18263405561447144,0.017062105238437653
visual_descriptions,max_prompt_softmax,case_005_brick,candidate_001_brick,0.18878738582134247,0.5537203550338745,0.032046616077423096
visual_descriptions,max_prompt_softmax,case_005_brick,candidate_003_brick,0.23370811343193054,0.6678837537765503,0.006035374477505684
visual_descriptions,max_prompt_softmax,case_005_brick,candidate_002_brick,0.0052050440572202206,0.022927653044462204,0.6953285336494446
visual_descriptions,max_prompt_softmax,case_005_concrete_block,candidate_003_concrete_block,0.2337082177400589,0.6678840517997742,0.006035353988409042
visual_descriptions,max_prompt_softmax,case_005_concrete_block,candidate_001_concrete_block,0.18878738582134247,0.5537203550338745,0.032046616077423096
visual_descriptions,max_prompt_softmax,case_005_concrete_block,candidate_002_concrete_block,0.005205023568123579,0.02292773872613907,0.6953284740447998
visual_descriptions,max_prompt_softmax,case_005_timber,candidate_002_timber,0.005205023568123579,0.02292773872613907,0.6953284740447998
visual_descriptions,max_prompt_softmax,case_005_timber,candidate_003_timber,0.23370811343193054,0.6678837537765503,0.006035374477505684
visual_descriptions,max_prompt_softmax,case_005_timber,candidate_001_timber,0.18878738582134247,0.5537203550338745,0.032046616077423096
visual_descriptions,max_prompt_softmax,case_006_brick,candidate_001_brick,0.44115138053894043,0.39518919587135315,0.0029412670992314816
visual_descriptions,max_prompt_softmax,case_006_brick,candidate_002_brick,0.10874270647764206,0.02922101691365242,0.2744527757167816
visual_descriptions,max_prompt_softmax,case_006_concrete_block,candidate_002_concrete_block,0.17066550254821777,0.43211305141448975,0.04607825353741646
visual_descriptions,max_prompt_softmax,case_006_concrete_block,candidate_001_concrete_block,0.44115138053894043,0.39518919587135315,0.0029412670992314816
visual_descriptions,max_prompt_softmax,case_006_concrete_block,candidate_003_concrete_block,0.10874291509389877,0.02922101691365242,0.2744533121585846
visual_descriptions,max_prompt_softmax,case_006_timber,candidate_003_timber,0.10874291509389877,0.02922101691365242,0.2744533121585846
visual_descriptions,max_prompt_softmax,case_006_timber,candidate_002_timber,0.1706656515598297,0.4321126341819763,0.0460783876478672
visual_descriptions,max_prompt_softmax,case_006_timber,candidate_001_timber,0.44115138053894043,0.39518919587135315,0.0029412670992314816
visual_descriptions,max_prompt_softmax,case_007_brick,candidate_001_brick,0.23984810709953308,0.19837096333503723,0.009831370785832405
visual_descriptions,max_prompt_softmax,case_007_concrete_block,candidate_001_concrete_block,0.07889905571937561,0.3373865783214569,0.0026452266611158848
visual_descriptions,max_prompt_softmax,case_007_concrete_block,candidate_003_concrete_block,0.2212681919336319,0.16998226940631866,0.014077698811888695
visual_descriptions,max_prompt_softmax,case_007_concrete_block,candidate_002_concrete_block,0.03612141311168671,0.00498565100133419,0.4605124294757843
visual_descriptions,max_prompt_softmax,case_007_timber,candidate_001_timber,0.03891130909323692,0.004931031726300716,0.46508359909057617
visual_descriptions,max_prompt_softmax,case_007_timber,candidate_003_timber,0.23270854353904724,0.19325251877307892,0.01654495857656002
visual_descriptions,max_prompt_softmax,case_007_timber,candidate_002_timber,0.0772903636097908,0.3385751247406006,0.002686732914298773
visual_descriptions,max_prompt_softmax,case_008_brick,candidate_001_brick,0.15441352128982544,0.5551509857177734,0.010390623472630978
visual_descriptions,max_prompt_softmax,case_008_brick,candidate_002_brick,0.09397567063570023,0.6240509748458862,0.023998064920306206
visual_descriptions,max_prompt_softmax,case_008_brick,candidate_003_brick,0.03985946252942085,0.010274508967995644,0.7044670581817627
visual_descriptions,max_prompt_softmax,case_008_concrete_block,candidate_003_concrete_block,0.09397581219673157,0.6240506768226624,0.023998238146305084
visual_descriptions,max_prompt_softmax,case_008_concrete_block,candidate_001_concrete_block,0.15441352128982544,0.5551509857177734,0.010390623472630978
visual_descriptions,max_prompt_softmax,case_008_concrete_block,candidate_002_concrete_block,0.03985949233174324,0.010274535976350307,0.7044662237167358
visual_descriptions,max_prompt_softmax,case_008_timber,candidate_002_timber,0.03850826993584633,0.010161918587982655,0.7078679800033569
visual_descriptions,max_prompt_softmax,case_008_timber,candidate_003_timber,0.09455642104148865,0.627206027507782,0.02377491444349289
visual_descriptions,max_prompt_softmax,case_008_timber,candidate_001_timber,0.15441352128982544,0.5551509857177734,0.010390623472630978
visual_descriptions,max_prompt_softmax,case_009_brick,candidate_001_brick,0.03516281396150589,0.7604324817657471,0.004153887275606394
visual_descriptions,max_prompt_softmax,case_009_brick,candidate_002_brick,0.11542074382305145,0.2329736053943634,0.06681594997644424
visual_descriptions,max_prompt_softmax,case_009_concrete_block,candidate_001_concrete_block,0.035162825137376785,0.760432779788971,0.004153889138251543
visual_descriptions,max_prompt_softmax,case_009_concrete_block,candidate_003_concrete_block,0.11542075127363205,0.2329740673303604,0.06681620329618454
visual_descriptions,max_prompt_softmax,case_009_concrete_block,candidate_002_concrete_block,0.00176359829492867,0.0030001536943018436,0.762696385383606
visual_descriptions,max_prompt_softmax,case_009_timber,candidate_002_timber,0.0018603707430884242,0.003099815221503377,0.7607614994049072
visual_descriptions,max_prompt_softmax,case_009_timber,candidate_001_timber,0.03516392409801483,0.7604289650917053,0.004153931513428688
visual_descriptions,max_prompt_softmax,case_010_brick,candidate_001_brick,0.01003857608884573,0.8982428312301636,0.002369807567447424
visual_descriptions,max_prompt_softmax,case_010_brick,candidate_002_brick,0.2950184941291809,0.16051322221755981,0.13086198270320892
visual_descriptions,max_prompt_softmax,case_010_brick,candidate_003_brick,0.01289218571037054,0.6412985324859619,0.02383260615170002
visual_descriptions,max_prompt_softmax,case_010_concrete_block,candidate_002_concrete_block,0.010038616135716438,0.8982430100440979,0.0023698126897215843
visual_descriptions,max_prompt_softmax,case_010_concrete_block,candidate_001_concrete_block,0.012892117723822594,0.641298770904541,0.023832615464925766
visual_descriptions,max_prompt_softmax,case_010_timber,candidate_003_timber,0.2950184941291809,0.16051322221755981,0.13086198270320892
visual_descriptions,max_prompt_softmax,case_010_timber,candidate_001_timber,0.012892117723822594,0.641298770904541,0.023832615464925766
visual_descriptions,max_prompt_softmax,case_010_timber,candidate_002_timber,0.01003857608884573,0.8982428312301636,0.002369807567447424
visual_descriptions,max_prompt_softmax,case_011_brick,candidate_002_brick,0.21036405861377716,0.4967660903930664,0.013151063583791256
visual_descriptions,max_prompt_softmax,case_011_brick,candidate_001_brick,0.025704462081193924,0.5548434853553772,0.07101251184940338
visual_descriptions,max_prompt_softmax,case_011_brick,candidate_003_brick,0.038963332772254944,0.07292788475751877,0.5788241028785706
visual_descriptions,max_prompt_softmax,case_011_concrete_block,candidate_001_concrete_block,0.02570452354848385,0.5548427104949951,0.07101281732320786
visual_descriptions,max_prompt_softmax,case_011_concrete_block,candidate_002_concrete_block,0.038963280618190765,0.0729277953505516,0.5788244605064392
visual_descriptions,max_prompt_softmax,case_011_timber,candidate_001_timber,0.038963280618190765,0.0729277953505516,0.5788244605064392
visual_descriptions,max_prompt_softmax,case_011_timber,candidate_002_timber,0.025704462081193924,0.5548434853553772,0.07101251184940338
visual_descriptions,max_prompt_softmax,case_011_timber,candidate_003_timber,0.20647668838500977,0.47545987367630005,0.013135143555700779
visual_descriptions,max_prompt_softmax,case_012_brick,candidate_001_brick,0.37730538845062256,0.11765992641448975,0.009383060038089752
visual_descriptions,max_prompt_softmax,case_012_brick,candidate_002_brick,0.010813397355377674,0.8855931758880615,0.03478677198290825
visual_descriptions,max_prompt_softmax,case_012_concrete_block,candidate_002_concrete_block,0.01081343088299036,0.885592520236969,0.03478694334626198
visual_descriptions,max_prompt_softmax,case_012_concrete_block,candidate_001_concrete_block,0.37730562686920166,0.1176593229174614,0.009383118711411953
visual_descriptions,max_prompt_softmax,case_012_timber,candidate_002_timber,0.058889903128147125,0.04135708138346672,0.36587288975715637
visual_descriptions,max_prompt_softmax,case_012_timber,candidate_003_timber,0.010813397355377674,0.8855931758880615,0.03478677198290825
visual_descriptions,max_prompt_softmax,case_012_timber,candidate_001_timber,0.37730538845062256,0.11765992641448975,0.009383060038089752
visual_descriptions,max_prompt_softmax,TS_F01,candidate_001_concrete_block,0.03884175792336464,0.7353798151016235,0.008608167059719563
visual_descriptions,max_prompt_softmax,TS_F01,candidate_002_concrete_block,0.0552762970328331,0.1817854642868042,0.2515464723110199
visual_descriptions,max_prompt_softmax,TS_F02,candidate_001_timber,0.09531586617231369,0.6904217600822449,0.028136974200606346
visual_descriptions,max_prompt_softmax,TS_F02,candidate_002_timber,0.008792998269200325,0.8243456482887268,0.003707578405737877
visual_descriptions,max_prompt_softmax,TS_F03,candidate_002_brick,0.025797417387366295,0.03669588640332222,0.4790889024734497
visual_descriptions,max_prompt_softmax,TS_F03,candidate_001_brick,0.009847321547567844,0.8492428660392761,0.006255996413528919
visual_descriptions,max_prompt_softmax,TS_F05,candidate_001_concrete_block,0.1412840187549591,0.5271692872047424,0.013686684891581535
visual_descriptions,max_prompt_softmax,TS_F05,candidate_002_concrete_block,0.04948817566037178,0.024699518457055092,0.38799750804901123
visual_descriptions,max_prompt_softmax,TS_F06,candidate_002_timber,0.05754643306136131,0.4587969183921814,0.07939007878303528
visual_descriptions,max_prompt_softmax,TS_F06,candidate_001_timber,0.1567685604095459,0.6357288360595703,0.013668792322278023
visual_descriptions,max_prompt_softmax,TS_F07,candidate_001_brick,0.0719074010848999,0.426077276468277,0.05851251259446144
visual_descriptions,max_prompt_softmax,TS_F07,candidate_002_brick,0.011658198200166225,0.003439747728407383,0.46697482466697693
visual_descriptions,max_prompt_softmax,TS_F09,candidate_001_concrete_block,0.03970468416810036,0.7764098048210144,0.005036151502281427
visual_descriptions,max_prompt_softmax,TS_F09,candidate_002_concrete_block,0.0020428141579031944,0.0003975372528657317,0.5214206576347351
visual_descriptions,max_prompt_softmax,TS_F10,candidate_002_timber,0.01656370609998703,0.6814913153648376,0.17367464303970337
visual_descriptions,max_prompt_softmax,TS_F10,candidate_001_timber,0.05240314453840256,0.7658035755157471,0.009775039739906788
visual_descriptions,max_prompt_softmax,TS_F11,candidate_002_brick,0.12103113532066345,0.39717596769332886,0.15243086218833923
visual_descriptions,max_prompt_softmax,TS_F11,candidate_001_brick,0.060150135308504105,0.021591750904917717,0.27523839473724365
visual_descriptions,mean_embedding_class_softmax,old_1,candidate_001_brick,0.09557212889194489,0.892379879951477,0.012048052623867989
visual_descriptions,mean_embedding_class_softmax,old_1,candidate_002_brick,0.1425294280052185,0.11847428232431412,0.7389962673187256
visual_descriptions,mean_embedding_class_softmax,old_2,candidate_002_timber,0.18639232218265533,0.11166610568761826,0.7019415497779846
visual_descriptions,mean_embedding_class_softmax,old_2,candidate_001_timber,0.06080976128578186,0.9292604923248291,0.009929798543453217
visual_descriptions,mean_embedding_class_softmax,old_3,candidate_001_brick,0.3174467086791992,0.6305323243141174,0.05202089995145798
visual_descriptions,mean_embedding_class_softmax,old_3,candidate_002_brick,0.047355711460113525,0.9450364112854004,0.00760783813893795
visual_descriptions,mean_embedding_class_softmax,old_4,candidate_002_concrete_block,0.04524333402514458,0.9478012919425964,0.006955396384000778
visual_descriptions,mean_embedding_class_softmax,old_4,candidate_001_concrete_block,0.4683348536491394,0.4191957414150238,0.11246941983699799
visual_descriptions,mean_embedding_class_softmax,old_5,candidate_001_timber,0.054906073957681656,0.009865393862128258,0.9352285265922546
visual_descriptions,mean_embedding_class_softmax,old_5,candidate_002_timber,0.0706850215792656,0.9156910181045532,0.013623848557472229
visual_descriptions,mean_embedding_class_softmax,old_6,candidate_001_concrete_block,0.06000843271613121,0.9319997429847717,0.007991842925548553
visual_descriptions,mean_embedding_class_softmax,old_6,candidate_002_concrete_block,0.08617844432592392,0.007717927917838097,0.9061036705970764
visual_descriptions,mean_embedding_class_softmax,old_7,candidate_001_brick,0.5614230632781982,0.43279606103897095,0.0057808286510407925
visual_descriptions,mean_embedding_class_softmax,old_7,candidate_003_brick,0.11406132578849792,0.8450349569320679,0.04090367257595062
visual_descriptions,mean_embedding_class_softmax,old_7,candidate_002_brick,0.03754487633705139,0.015100911259651184,0.9473541378974915
visual_descriptions,mean_embedding_class_softmax,old_8,candidate_002_timber,0.10152720659971237,0.048360202461481094,0.8501125574111938
visual_descriptions,mean_embedding_class_softmax,old_8,candidate_003_timber,0.07054978609085083,0.9138501286506653,0.015600047074258327
visual_descriptions,mean_embedding_class_softmax,old_8,candidate_001_timber,0.5187668800354004,0.47776004672050476,0.0034730280749499798
visual_descriptions,mean_embedding_class_softmax,old_9,candidate_002_concrete_block,0.10018541663885117,0.8797045946121216,0.02011001855134964
visual_descriptions,mean_embedding_class_softmax,old_9,candidate_003_concrete_block,0.09079315513372421,0.06727936863899231,0.8419274091720581
visual_descriptions,mean_embedding_class_softmax,old_9,candidate_001_concrete_block,0.6013219356536865,0.38693782687187195,0.011740269139409065
visual_descriptions,mean_embedding_class_softmax,old_10,candidate_001_brick,0.6850020289421082,0.30125677585601807,0.013741171918809414
visual_descriptions,mean_embedding_class_softmax,old_10,candidate_002_brick,0.07123526930809021,0.008015090599656105,0.9207497239112854
visual_descriptions,mean_embedding_class_softmax,old_11,candidate_002_timber,0.006725870072841644,0.0013544008834287524,0.991919755935669
visual_descriptions,mean_embedding_class_softmax,old_11,candidate_001_timber,0.7873064875602722,0.20574228465557098,0.0069512357003986835
visual_descriptions,mean_embedding_class_softmax,old_12,candidate_001_brick,0.6613249182701111,0.3205011188983917,0.018173960968852043
visual_descriptions,mean_embedding_class_softmax,old_12,candidate_002_brick,0.2600013017654419,0.603094220161438,0.13690447807312012
visual_descriptions,mean_embedding_class_softmax,old_13,candidate_001_concrete_block,0.3400929272174835,0.5490934252738953,0.11081370711326599
visual_descriptions,mean_embedding_class_softmax,old_13,candidate_002_concrete_block,0.6913765072822571,0.279464989900589,0.029158519580960274
visual_descriptions,mean_embedding_class_softmax,old_14,candidate_001_timber,0.018824171274900436,0.0017878977814689279,0.9793878793716431
visual_descriptions,mean_embedding_class_softmax,old_14,candidate_002_timber,0.3327997028827667,0.5932626724243164,0.07393768429756165
visual_descriptions,mean_embedding_class_softmax,old_15,candidate_001_concrete_block,0.4835100769996643,0.45052793622016907,0.06596189737319946
visual_descriptions,mean_embedding_class_softmax,old_15,candidate_002_concrete_block,0.02535162679851055,0.0017710300162434578,0.9728773832321167
visual_descriptions,mean_embedding_class_softmax,old_16,candidate_001_brick,0.7248111963272095,0.2624130845069885,0.012775748036801815
visual_descriptions,mean_embedding_class_softmax,old_16,candidate_003_brick,0.19449679553508759,0.7535485625267029,0.05195460096001625
visual_descriptions,mean_embedding_class_softmax,old_16,candidate_002_brick,0.020682206377387047,0.0040192981250584126,0.9752985239028931
visual_descriptions,mean_embedding_class_softmax,old_17,candidate_002_timber,0.06606628745794296,0.006299086380749941,0.927634596824646
visual_descriptions,mean_embedding_class_softmax,old_17,candidate_003_timber,0.2306317538022995,0.7162994742393494,0.05306883156299591
visual_descriptions,mean_embedding_class_softmax,old_17,candidate_001_timber,0.7456849217414856,0.24059976637363434,0.013715334236621857
visual_descriptions,mean_embedding_class_softmax,old_18,candidate_002_concrete_block,0.4676630198955536,0.45316821336746216,0.07916885614395142
visual_descriptions,mean_embedding_class_softmax,old_18,candidate_003_concrete_block,0.7368042469024658,0.23850736021995544,0.02468831092119217
visual_descriptions,mean_embedding_class_softmax,old_18,candidate_001_concrete_block,0.10991382598876953,0.016433175653219223,0.873652994632721
visual_descriptions,mean_embedding_class_softmax,old_19,candidate_001_brick,0.10748934000730515,0.8828287720680237,0.009681922383606434
visual_descriptions,mean_embedding_class_softmax,old_19,candidate_002_brick,0.008851245045661926,0.0003865382168442011,0.9907621741294861
visual_descriptions,mean_embedding_class_softmax,old_20,candidate_002_timber,0.004628723952919245,0.0002241943875560537,0.9951470494270325
visual_descriptions,mean_embedding_class_softmax,old_20,candidate_001_timber,0.12619365751743317,0.8602890372276306,0.013517334125936031
visual_descriptions,mean_embedding_class_softmax,old_21,candidate_001_brick,0.334507554769516,0.6464154720306396,0.019076932221651077
visual_descriptions,mean_embedding_class_softmax,old_21,candidate_002_brick,0.22918719053268433,0.5440955758094788,0.22671720385551453
visual_descriptions,mean_embedding_class_softmax,old_22,candidate_002_concrete_block,0.1629982590675354,0.7005151510238647,0.13648658990859985
visual_descriptions,mean_embedding_class_softmax,old_22,candidate_001_concrete_block,0.33035528659820557,0.6244255900382996,0.045219093561172485
visual_descriptions,mean_embedding_class_softmax,old_23,candidate_001_timber,0.1015394851565361,0.009950808249413967,0.8885097503662109
visual_descriptions,mean_embedding_class_softmax,old_23,candidate_002_timber,0.4880484640598297,0.379747599363327,0.13220401108264923
visual_descriptions,mean_embedding_class_softmax,old_24,candidate_002_concrete_block,0.4180154800415039,0.47325998544692993,0.10872456431388855
visual_descriptions,mean_embedding_class_softmax,old_24,candidate_001_concrete_block,0.09930190443992615,0.008099418133497238,0.8925987482070923
visual_descriptions,mean_embedding_class_softmax,old_25,candidate_001_brick,0.053201381117105484,0.9419618248939514,0.004836763255298138
visual_descriptions,mean_embedding_class_softmax,old_25,candidate_002_brick,0.1950588971376419,0.04770851507782936,0.757232666015625
visual_descriptions,mean_embedding_class_softmax,old_25,candidate_003_brick,0.4295712113380432,0.36689040064811707,0.20353837311267853
visual_descriptions,mean_embedding_class_softmax,old_26,candidate_002_timber,0.12365861237049103,0.016427090391516685,0.8599143624305725
visual_descriptions,mean_embedding_class_softmax,old_26,candidate_003_timber,0.40707042813301086,0.4492514431476593,0.14367814362049103
visual_descriptions,mean_embedding_class_softmax,old_26,candidate_001_timber,0.06510680913925171,0.9287073016166687,0.006185904610902071
visual_descriptions,mean_embedding_class_softmax,old_27,candidate_003_concrete_block,0.48800331354141235,0.34650319814682007,0.16549348831176758
visual_descriptions,mean_embedding_class_softmax,old_27,candidate_001_concrete_block,0.15485087037086487,0.8269892334938049,0.018159952014684677
visual_descriptions,mean_embedding_class_softmax,old_27,candidate_002_concrete_block,0.19061622023582458,0.042820703238248825,0.7665631175041199
visual_descriptions,mean_embedding_class_softmax,case_001_brick,candidate_002_brick,0.6472751498222351,0.3512454628944397,0.0014794283779338002
visual_descriptions,mean_embedding_class_softmax,case_001_brick,candidate_001_brick,0.30306920409202576,0.6128311157226562,0.08409973978996277
visual_descriptions,mean_embedding_class_softmax,case_001_brick,candidate_003_brick,0.09414410591125488,0.7804110050201416,0.12544499337673187
visual_descriptions,mean_embedding_class_softmax,case_001_concrete_block,candidate_001_concrete_block,0.30306920409202576,0.6128311157226562,0.08409973978996277
visual_descriptions,mean_embedding_class_softmax,case_001_concrete_block,candidate_002_concrete_block,0.09414410591125488,0.7804110050201416,0.12544499337673187
visual_descriptions,mean_embedding_class_softmax,case_001_concrete_block,candidate_003_concrete_block,0.6472751498222351,0.3512454628944397,0.0014794283779338002
visual_descriptions,mean_embedding_class_softmax,case_001_timber,candidate_003_timber,0.09414410591125488,0.7804110050201416,0.12544499337673187
visual_descriptions,mean_embedding_class_softmax,case_001_timber,candidate_001_timber,0.3030695915222168,0.6128307580947876,0.08409969508647919
visual_descriptions,mean_embedding_class_softmax,case_001_timber,candidate_002_timber,0.6472751498222351,0.3512454628944397,0.0014794283779338002
visual_descriptions,mean_embedding_class_softmax,case_002_brick,candidate_001_brick,0.3597239851951599,0.639651358127594,0.000624636304564774
visual_descriptions,mean_embedding_class_softmax,case_002_brick,candidate_002_brick,0.10664056986570358,0.7638696432113647,0.1294897347688675
visual_descriptions,mean_embedding_class_softmax,case_002_brick,candidate_003_brick,0.01025856751948595,0.0005928147584199905,0.9891485571861267
visual_descriptions,mean_embedding_class_softmax,case_002_concrete_block,candidate_001_concrete_block,0.3597239851951599,0.639651358127594,0.000624636304564774
visual_descriptions,mean_embedding_class_softmax,case_002_concrete_block,candidate_002_concrete_block,0.10664056986570358,0.7638696432113647,0.1294897347688675
visual_descriptions,mean_embedding_class_softmax,case_002_concrete_block,candidate_003_concrete_block,0.01025856751948595,0.0005928147584199905,0.9891485571861267
visual_descriptions,mean_embedding_class_softmax,case_002_timber,candidate_002_timber,0.01025856751948595,0.0005928147584199905,0.9891485571861267
visual_descriptions,mean_embedding_class_softmax,case_002_timber,candidate_003_timber,0.10664042830467224,0.7638700008392334,0.12948955595493317
visual_descriptions,mean_embedding_class_softmax,case_002_timber,candidate_001_timber,0.3597239851951599,0.639651358127594,0.000624636304564774
visual_descriptions,mean_embedding_class_softmax,case_003_brick,candidate_001_brick,0.5091549158096313,0.4863155484199524,0.00452958419919014
visual_descriptions,mean_embedding_class_softmax,case_003_concrete_block,candidate_001_concrete_block,0.5091549158096313,0.4863155484199524,0.00452958419919014
visual_descriptions,mean_embedding_class_softmax,case_003_concrete_block,candidate_002_concrete_block,0.20400205254554749,0.2381838858127594,0.5578140616416931
visual_descriptions,mean_embedding_class_softmax,case_003_timber,candidate_002_timber,0.20400205254554749,0.2381838858127594,0.5578140616416931
visual_descriptions,mean_embedding_class_softmax,case_003_timber,candidate_001_timber,0.5091549158096313,0.4863155484199524,0.00452958419919014
visual_descriptions,mean_embedding_class_softmax,case_004_brick,candidate_001_brick,0.8628526926040649,0.12941217422485352,0.007735203020274639
visual_descriptions,mean_embedding_class_softmax,case_004_concrete_block,candidate_001_concrete_block,0.018566684797406197,0.9779431819915771,0.003490167437121272
visual_descriptions,mean_embedding_class_softmax,case_004_concrete_block,candidate_003_concrete_block,0.1639079749584198,0.6246264576911926,0.21146553754806519
visual_descriptions,mean_embedding_class_softmax,case_004_concrete_block,candidate_002_concrete_block,0.8628525733947754,0.12941215932369232,0.007735246326774359
visual_descriptions,mean_embedding_class_softmax,case_004_timber,candidate_002_timber,0.1639079749584198,0.6246264576911926,0.21146553754806519
visual_descriptions,mean_embedding_class_softmax,case_004_timber,candidate_001_timber,0.8628525733947754,0.12941215932369232,0.007735246326774359
visual_descriptions,mean_embedding_class_softmax,case_005_brick,candidate_001_brick,0.6054283976554871,0.37905099987983704,0.015520590357482433
visual_descriptions,mean_embedding_class_softmax,case_005_brick,candidate_003_brick,0.6469956636428833,0.3339410722255707,0.019063232466578484
visual_descriptions,mean_embedding_class_softmax,case_005_brick,candidate_002_brick,0.007590516936033964,0.004847499076277018,0.9875619411468506
visual_descriptions,mean_embedding_class_softmax,case_005_concrete_block,candidate_003_concrete_block,0.6469948291778564,0.33394190669059753,0.019063280895352364
visual_descriptions,mean_embedding_class_softmax,case_005_concrete_block,candidate_001_concrete_block,0.6054283976554871,0.37905099987983704,0.015520590357482433
visual_descriptions,mean_embedding_class_softmax,case_005_concrete_block,candidate_002_concrete_block,0.007590545807033777,0.00484751770272851,0.9875619411468506
visual_descriptions,mean_embedding_class_softmax,case_005_timber,candidate_002_timber,0.007590545807033777,0.00484751770272851,0.9875619411468506
visual_descriptions,mean_embedding_class_softmax,case_005_timber,candidate_003_timber,0.6469956636428833,0.3339410722255707,0.019063232466578484
visual_descriptions,mean_embedding_class_softmax,case_005_timber,candidate_001_timber,0.6054283976554871,0.37905099987983704,0.015520590357482433
visual_descriptions,mean_embedding_class_softmax,case_006_brick,candidate_001_brick,0.7216252088546753,0.27566269040107727,0.002712101209908724
visual_descriptions,mean_embedding_class_softmax,case_006_brick,candidate_002_brick,0.2939548194408417,0.03606502339243889,0.6699801683425903
visual_descriptions,mean_embedding_class_softmax,case_006_concrete_block,candidate_002_concrete_block,0.500099778175354,0.40834710001945496,0.09155319631099701
visual_descriptions,mean_embedding_class_softmax,case_006_concrete_block,candidate_001_concrete_block,0.7216252088546753,0.27566269040107727,0.002712101209908724
visual_descriptions,mean_embedding_class_softmax,case_006_concrete_block,candidate_003_concrete_block,0.29395559430122375,0.036064982414245605,0.6699793934822083
visual_descriptions,mean_embedding_class_softmax,case_006_timber,candidate_003_timber,0.29395559430122375,0.036064982414245605,0.6699793934822083
visual_descriptions,mean_embedding_class_softmax,case_006_timber,candidate_002_timber,0.5000998973846436,0.4083471894264221,0.09155287593603134
visual_descriptions,mean_embedding_class_softmax,case_006_timber,candidate_001_timber,0.7216252088546753,0.27566269040107727,0.002712101209908724
visual_descriptions,mean_embedding_class_softmax,case_007_brick,candidate_001_brick,0.919140636920929,0.07640548050403595,0.0044539193622767925
visual_descriptions,mean_embedding_class_softmax,case_007_concrete_block,candidate_001_concrete_block,0.16903622448444366,0.8295788168907166,0.0013850159011781216
visual_descriptions,mean_embedding_class_softmax,case_007_concrete_block,candidate_003_concrete_block,0.9209415316581726,0.0729876235127449,0.006070813164114952
visual_descriptions,mean_embedding_class_softmax,case_007_concrete_block,candidate_002_concrete_block,0.04558683931827545,0.0019352807430550456,0.9524778723716736
visual_descriptions,mean_embedding_class_softmax,case_007_timber,candidate_001_timber,0.04786765202879906,0.001924125594086945,0.9502081871032715
visual_descriptions,mean_embedding_class_softmax,case_007_timber,candidate_003_timber,0.9191501140594482,0.073149174451828,0.007700695190578699
visual_descriptions,mean_embedding_class_softmax,case_007_timber,candidate_002_timber,0.16579726338386536,0.8328104615211487,0.001392269041389227
visual_descriptions,mean_embedding_class_softmax,case_008_brick,candidate_001_brick,0.6235533952713013,0.3648786246776581,0.011567906476557255
visual_descriptions,mean_embedding_class_softmax,case_008_brick,candidate_002_brick,0.4511427581310272,0.5049909949302673,0.04386623948812485
visual_descriptions,mean_embedding_class_softmax,case_008_brick,candidate_003_brick,0.10507848858833313,0.007554972544312477,0.8873665928840637
visual_descriptions,mean_embedding_class_softmax,case_008_concrete_block,candidate_003_concrete_block,0.45114225149154663,0.504991352558136,0.0438663549721241
visual_descriptions,mean_embedding_class_softmax,case_008_concrete_block,candidate_001_concrete_block,0.6235533952713013,0.3648786246776581,0.011567906476557255
visual_descriptions,mean_embedding_class_softmax,case_008_concrete_block,candidate_002_concrete_block,0.10507865250110626,0.007554985117167234,0.8873663544654846
visual_descriptions,mean_embedding_class_softmax,case_008_timber,candidate_002_timber,0.10228084027767181,0.007468948140740395,0.8902502059936523
visual_descriptions,mean_embedding_class_softmax,case_008_timber,candidate_003_timber,0.4540952444076538,0.5015459060668945,0.04435877501964569
visual_descriptions,mean_embedding_class_softmax,case_008_timber,candidate_001_timber,0.6235533952713013,0.3648786246776581,0.011567906476557255
visual_descriptions,mean_embedding_class_softmax,case_009_brick,candidate_001_brick,0.1055910512804985,0.8935611248016357,0.0008477806113660336
visual_descriptions,mean_embedding_class_softmax,case_009_brick,candidate_002_brick,0.4418742060661316,0.4530298709869385,0.10509594529867172
visual_descriptions,mean_embedding_class_softmax,case_009_concrete_block,candidate_001_concrete_block,0.10559087246656418,0.8935613036155701,0.0008477792143821716
visual_descriptions,mean_embedding_class_softmax,case_009_concrete_block,candidate_003_concrete_block,0.44187378883361816,0.4530303478240967,0.10509585589170456
visual_descriptions,mean_embedding_class_softmax,case_009_concrete_block,candidate_002_concrete_block,0.0023625476751476526,0.0011988874757662416,0.9964386224746704
visual_descriptions,mean_embedding_class_softmax,case_009_timber,candidate_002_timber,0.0023900202941149473,0.0012465229956433177,0.9963634610176086
visual_descriptions,mean_embedding_class_softmax,case_009_timber,candidate_001_timber,0.10559087246656418,0.8935613036155701,0.0008477807859890163
visual_descriptions,mean_embedding_class_softmax,case_010_brick,candidate_001_brick,0.03816518560051918,0.9604160785675049,0.0014188106870278716
visual_descriptions,mean_embedding_class_softmax,case_010_brick,candidate_002_brick,0.555479884147644,0.08906930685043335,0.355450838804245
visual_descriptions,mean_embedding_class_softmax,case_010_brick,candidate_003_brick,0.027869561687111855,0.9406242966651917,0.03150610998272896
visual_descriptions,mean_embedding_class_softmax,case_010_concrete_block,candidate_002_concrete_block,0.03816497325897217,0.9604162573814392,0.0014188082423061132
visual_descriptions,mean_embedding_class_softmax,case_010_concrete_block,candidate_001_concrete_block,0.02786956913769245,0.9406245350837708,0.031505998224020004
visual_descriptions,mean_embedding_class_softmax,case_010_timber,candidate_003_timber,0.555479884147644,0.08906930685043335,0.355450838804245
visual_descriptions,mean_embedding_class_softmax,case_010_timber,candidate_001_timber,0.02786956913769245,0.9406245350837708,0.031505998224020004
visual_descriptions,mean_embedding_class_softmax,case_010_timber,candidate_002_timber,0.03816518560051918,0.9604160785675049,0.0014188106870278716
visual_descriptions,mean_embedding_class_softmax,case_011_brick,candidate_002_brick,0.7098533511161804,0.2799155116081238,0.010231200605630875
visual_descriptions,mean_embedding_class_softmax,case_011_brick,candidate_001_brick,0.04661651700735092,0.8530557155609131,0.10032772272825241
visual_descriptions,mean_embedding_class_softmax,case_011_brick,candidate_003_brick,0.1012253537774086,0.007855996489524841,0.8909186720848083
visual_descriptions,mean_embedding_class_softmax,case_011_concrete_block,candidate_001_concrete_block,0.04661686345934868,0.8530555367469788,0.1003275141119957
visual_descriptions,mean_embedding_class_softmax,case_011_concrete_block,candidate_002_concrete_block,0.10122552514076233,0.007856009528040886,0.890918493270874
visual_descriptions,mean_embedding_class_softmax,case_011_timber,candidate_001_timber,0.10122552514076233,0.007856009528040886,0.890918493270874
visual_descriptions,mean_embedding_class_softmax,case_011_timber,candidate_002_timber,0.04661651700735092,0.8530557155609131,0.10032772272825241
visual_descriptions,mean_embedding_class_softmax,case_011_timber,candidate_003_timber,0.7174025177955627,0.27285468578338623,0.00974276289343834
visual_descriptions,mean_embedding_class_softmax,case_012_brick,candidate_001_brick,0.9333062767982483,0.06101711094379425,0.005676698870956898
visual_descriptions,mean_embedding_class_softmax,case_012_brick,candidate_002_brick,0.0432768277823925,0.9183297753334045,0.03839339315891266
visual_descriptions,mean_embedding_class_softmax,case_012_concrete_block,candidate_002_concrete_block,0.043276749551296234,0.9183299541473389,0.038393329828977585
visual_descriptions,mean_embedding_class_softmax,case_012_concrete_block,candidate_001_concrete_block,0.9333060383796692,0.06101721152663231,0.00567672960460186
visual_descriptions,mean_embedding_class_softmax,case_012_timber,candidate_002_timber,0.12432809919118881,0.034757573157548904,0.8409143090248108
visual_descriptions,mean_embedding_class_softmax,case_012_timber,candidate_003_timber,0.0432768277823925,0.9183297753334045,0.03839339315891266
visual_descriptions,mean_embedding_class_softmax,case_012_timber,candidate_001_timber,0.9333062767982483,0.06101711094379425,0.005676698870956898
visual_descriptions,mean_embedding_class_softmax,TS_F01,candidate_001_concrete_block,0.09557212889194489,0.892379879951477,0.012048052623867989
visual_descriptions,mean_embedding_class_softmax,TS_F01,candidate_002_concrete_block,0.1425294280052185,0.11847428232431412,0.7389962673187256
visual_descriptions,mean_embedding_class_softmax,TS_F02,candidate_001_timber,0.3174467086791992,0.6305323243141174,0.05202089995145798
visual_descriptions,mean_embedding_class_softmax,TS_F02,candidate_002_timber,0.047355711460113525,0.9450364112854004,0.00760783813893795
visual_descriptions,mean_embedding_class_softmax,TS_F03,candidate_002_brick,0.05490587279200554,0.009865396656095982,0.935228705406189
visual_descriptions,mean_embedding_class_softmax,TS_F03,candidate_001_brick,0.0706850215792656,0.9156910181045532,0.013623848557472229
visual_descriptions,mean_embedding_class_softmax,TS_F05,candidate_001_concrete_block,0.6850020289421082,0.30125677585601807,0.013741171918809414
visual_descriptions,mean_embedding_class_softmax,TS_F05,candidate_002_concrete_block,0.07123500853776932,0.008015107363462448,0.9207499027252197
visual_descriptions,mean_embedding_class_softmax,TS_F06,candidate_002_timber,0.2600013017654419,0.603094220161438,0.13690447807312012
visual_descriptions,mean_embedding_class_softmax,TS_F06,candidate_001_timber,0.6613249182701111,0.3205011188983917,0.018173960968852043
visual_descriptions,mean_embedding_class_softmax,TS_F07,candidate_001_brick,0.33279889822006226,0.5932634472846985,0.07393763959407806
visual_descriptions,mean_embedding_class_softmax,TS_F07,candidate_002_brick,0.0188241358846426,0.0017878980142995715,0.9793879985809326
visual_descriptions,mean_embedding_class_softmax,TS_F09,candidate_001_concrete_block,0.10748934000730515,0.8828287720680237,0.009681922383606434
visual_descriptions,mean_embedding_class_softmax,TS_F09,candidate_002_concrete_block,0.008851260878145695,0.0003865382168442011,0.9907621741294861
visual_descriptions,mean_embedding_class_softmax,TS_F10,candidate_002_timber,0.2291869819164276,0.5440950989723206,0.22671785950660706
visual_descriptions,mean_embedding_class_softmax,TS_F10,candidate_001_timber,0.334507554769516,0.6464154720306396,0.019076932221651077
visual_descriptions,mean_embedding_class_softmax,TS_F11,candidate_002_brick,0.4880484640598297,0.379747599363327,0.13220401108264923
visual_descriptions,mean_embedding_class_softmax,TS_F11,candidate_001_brick,0.1015394851565361,0.009950808249413967,0.8885097503662109
visual_descriptions_distractors,max_prompt_softmax,old_1,candidate_001_brick,0.03402622789144516,0.6442087888717651,0.007540942635387182
visual_descriptions_distractors,max_prompt_softmax,old_1,candidate_002_brick,0.0254915002733469,0.08383312821388245,0.11600446701049805
visual_descriptions_distractors,max_prompt_softmax,old_2,candidate_002_timber,0.02968657575547695,0.0948377251625061,0.1532863825559616
visual_descriptions_distractors,max_prompt_softmax,old_2,candidate_001_timber,0.019075913354754448,0.6255851984024048,0.008369394578039646
visual_descriptions_distractors,max_prompt_softmax,old_3,candidate_001_brick,0.07190434634685516,0.5208401083946228,0.021225959062576294
visual_descriptions_distractors,max_prompt_softmax,old_3,candidate_002_brick,0.008366935886442661,0.7844007015228271,0.003527928376570344
visual_descriptions_distractors,max_prompt_softmax,old_4,candidate_002_concrete_block,0.008017966523766518,0.8521328568458557,0.0023883855901658535
visual_descriptions_distractors,max_prompt_softmax,old_4,candidate_001_concrete_block,0.09353132545948029,0.4405108690261841,0.03199539706110954
visual_descriptions_distractors,max_prompt_softmax,old_5,candidate_001_timber,0.01921839825809002,0.027337418869137764,0.35690590739250183
visual_descriptions_distractors,max_prompt_softmax,old_5,candidate_002_timber,0.008926426991820335,0.7698239684104919,0.00567095261067152
visual_descriptions_distractors,max_prompt_softmax,old_6,candidate_001_concrete_block,0.005378285422921181,0.8272047638893127,0.002673598937690258
visual_descriptions_distractors,max_prompt_softmax,old_6,candidate_002_concrete_block,0.03249509632587433,0.0194908007979393,0.40027499198913574
visual_descriptions_distractors,max_prompt_softmax,old_7,candidate_001_brick,0.21481259167194366,0.4913724958896637,0.0026754848659038544
visual_descriptions_distractors,max_prompt_softmax,old_7,candidate_003_brick,0.016470767557621002,0.5285658240318298,0.024143800139427185
visual_descriptions_distractors,max_prompt_softmax,old_7,candidate_002_brick,0.012449252419173717,0.02728133089840412,0.2876465320587158
visual_descriptions_distractors,max_prompt_softmax,old_8,candidate_002_timber,0.022787917405366898,0.05307796970009804,0.1811487078666687
visual_descriptions_distractors,max_prompt_softmax,old_8,candidate_003_timber,0.011224325746297836,0.7294682860374451,0.007690970320254564
visual_descriptions_distractors,max_prompt_softmax,old_8,candidate_001_timber,0.19785469770431519,0.5148018598556519,0.0022608237341046333
visual_descriptions_distractors,max_prompt_softmax,old_9,candidate_002_concrete_block,0.013074963353574276,0.6993006467819214,0.010441343300044537
visual_descriptions_distractors,max_prompt_softmax,old_9,candidate_003_concrete_block,0.01772448979318142,0.06781195104122162,0.24135471880435944
visual_descriptions_distractors,max_prompt_softmax,old_9,candidate_001_concrete_block,0.23269066214561462,0.4464966654777527,0.006186618935316801
visual_descriptions_distractors,max_prompt_softmax,old_10,candidate_001_brick,0.07618630677461624,0.2842719554901123,0.007380438502877951
visual_descriptions_distractors,max_prompt_softmax,old_10,candidate_002_brick,0.04752553254365921,0.02372000738978386,0.3726078271865845
visual_descriptions_distractors,max_prompt_softmax,old_11,candidate_002_timber,0.011058781296014786,0.004074121825397015,0.5192432999610901
visual_descriptions_distractors,max_prompt_softmax,old_11,candidate_001_timber,0.16930079460144043,0.364747554063797,0.008683228865265846
visual_descriptions_distractors,max_prompt_softmax,old_12,candidate_001_brick,0.10735403001308441,0.4353427290916443,0.009360294789075851
visual_descriptions_distractors,max_prompt_softmax,old_12,candidate_002_brick,0.02981685660779476,0.23771901428699493,0.041134823113679886
visual_descriptions_distractors,max_prompt_softmax,old_13,candidate_001_concrete_block,0.026120012626051903,0.19072023034095764,0.024503665044903755
visual_descriptions_distractors,max_prompt_softmax,old_13,candidate_002_concrete_block,0.086081363260746,0.32359805703163147,0.015879716724157333
visual_descriptions_distractors,max_prompt_softmax,old_14,candidate_001_timber,0.010539593175053596,0.003109715413302183,0.42217016220092773
visual_descriptions_distractors,max_prompt_softmax,old_14,candidate_002_timber,0.046224649995565414,0.2738966941833496,0.03761400654911995
visual_descriptions_distractors,max_prompt_softmax,old_15,candidate_001_concrete_block,0.07119163870811462,0.402148962020874,0.0222017765045166
visual_descriptions_distractors,max_prompt_softmax,old_15,candidate_002_concrete_block,0.023491527885198593,0.004658960737287998,0.3241415023803711
visual_descriptions_distractors,max_prompt_softmax,old_16,candidate_001_brick,0.11373259872198105,0.4124155342578888,0.006046826019883156
visual_descriptions_distractors,max_prompt_softmax,old_16,candidate_003_brick,0.019691288471221924,0.435232937335968,0.015101664699614048
visual_descriptions_distractors,max_prompt_softmax,old_16,candidate_002_brick,0.010633350349962711,0.00558342132717371,0.4249640703201294
visual_descriptions_distractors,max_prompt_softmax,old_17,candidate_002_timber,0.03072102554142475,0.013330530375242233,0.3103761374950409
visual_descriptions_distractors,max_prompt_softmax,old_17,candidate_003_timber,0.030610471963882446,0.6371358633041382,0.01722550392150879
visual_descriptions_distractors,max_prompt_softmax,old_17,candidate_001_timber,0.12637269496917725,0.4040009677410126,0.009713714011013508
visual_descriptions_distractors,max_prompt_softmax,old_18,candidate_002_concrete_block,0.10687824338674545,0.3952163755893707,0.02422090619802475
visual_descriptions_distractors,max_prompt_softmax,old_18,candidate_003_concrete_block,0.09808429330587387,0.333866685628891,0.011645658873021603
visual_descriptions_distractors,max_prompt_softmax,old_18,candidate_001_concrete_block,0.052198510617017746,0.025141561403870583,0.27581876516342163
visual_descriptions_distractors,max_prompt_softmax,old_19,candidate_001_brick,0.03437953069806099,0.672274649143219,0.004360774531960487
visual_descriptions_distractors,max_prompt_softmax,old_19,candidate_002_brick,0.0019714643713086843,0.0003836465475615114,0.5032069683074951
visual_descriptions_distractors,max_prompt_softmax,old_20,candidate_002_timber,0.00112836342304945,0.00032493085018359125,0.5404627919197083
visual_descriptions_distractors,max_prompt_softmax,old_20,candidate_001_timber,0.034267179667949677,0.6300514936447144,0.006715650670230389
visual_descriptions_distractors,max_prompt_softmax,old_21,candidate_001_brick,0.044394876807928085,0.6487694978713989,0.008281183429062366
visual_descriptions_distractors,max_prompt_softmax,old_21,candidate_002_brick,0.01170838437974453,0.4817238450050354,0.12276490777730942
visual_descriptions_distractors,max_prompt_softmax,old_22,candidate_002_concrete_block,0.014224645681679249,0.4718090891838074,0.0713002160191536
visual_descriptions_distractors,max_prompt_softmax,old_22,candidate_001_concrete_block,0.04724373295903206,0.5838600993156433,0.014569695107638836
visual_descriptions_distractors,max_prompt_softmax,old_23,candidate_001_timber,0.045548856258392334,0.016350412741303444,0.20842503011226654
visual_descriptions_distractors,max_prompt_softmax,old_23,candidate_002_timber,0.06609487533569336,0.21689705550670624,0.08324221521615982
visual_descriptions_distractors,max_prompt_softmax,old_24,candidate_002_concrete_block,0.07821546494960785,0.2677394449710846,0.05468709394335747
visual_descriptions_distractors,max_prompt_softmax,old_24,candidate_001_concrete_block,0.039587922394275665,0.013190116733312607,0.1977592259645462
visual_descriptions_distractors,max_prompt_softmax,old_25,candidate_001_brick,0.011906356550753117,0.7688502669334412,0.004418265074491501
visual_descriptions_distractors,max_prompt_softmax,old_25,candidate_002_brick,0.07055686414241791,0.06043295934796333,0.19723838567733765
visual_descriptions_distractors,max_prompt_softmax,old_25,candidate_003_brick,0.027327660471200943,0.35051167011260986,0.15614141523838043
visual_descriptions_distractors,max_prompt_softmax,old_26,candidate_002_timber,0.06819215416908264,0.0402015782892704,0.2836996912956238
visual_descriptions_distractors,max_prompt_softmax,old_26,candidate_003_timber,0.02267416939139366,0.392076700925827,0.12999345362186432
visual_descriptions_distractors,max_prompt_softmax,old_26,candidate_001_timber,0.02210562862455845,0.626703143119812,0.006314274854958057
visual_descriptions_distractors,max_prompt_softmax,old_27,candidate_003_concrete_block,0.0314716212451458,0.32067397236824036,0.13080601394176483
visual_descriptions_distractors,max_prompt_softmax,old_27,candidate_001_concrete_block,0.029808489605784416,0.6964980959892273,0.009491126984357834
visual_descriptions_distractors,max_prompt_softmax,old_27,candidate_002_concrete_block,0.0720829963684082,0.06837853789329529,0.2443089336156845
visual_descriptions_distractors,max_prompt_softmax,case_001_brick,candidate_002_brick,0.2360030561685562,0.4918144643306732,0.002417880343273282
visual_descriptions_distractors,max_prompt_softmax,case_001_brick,candidate_001_brick,0.12147588282823563,0.3010912537574768,0.06052108481526375
visual_descriptions_distractors,max_prompt_softmax,case_001_brick,candidate_003_brick,0.02288251556456089,0.5719494223594666,0.06761236488819122
visual_descriptions_distractors,max_prompt_softmax,case_001_concrete_block,candidate_001_concrete_block,0.12147588282823563,0.3010912537574768,0.06052108481526375
visual_descriptions_distractors,max_prompt_softmax,case_001_concrete_block,candidate_002_concrete_block,0.02288251556456089,0.5719494223594666,0.06761236488819122
visual_descriptions_distractors,max_prompt_softmax,case_001_concrete_block,candidate_003_concrete_block,0.23600539565086365,0.4918118119239807,0.0024178994353860617
visual_descriptions_distractors,max_prompt_softmax,case_001_timber,candidate_003_timber,0.02288251556456089,0.5719494223594666,0.06761236488819122
visual_descriptions_distractors,max_prompt_softmax,case_001_timber,candidate_001_timber,0.1214759573340416,0.30109086632728577,0.060521118342876434
visual_descriptions_distractors,max_prompt_softmax,case_001_timber,candidate_002_timber,0.2360030561685562,0.4918144643306732,0.002417880343273282
visual_descriptions_distractors,max_prompt_softmax,case_002_brick,candidate_001_brick,0.10519086569547653,0.6272066235542297,0.0008402196690440178
visual_descriptions_distractors,max_prompt_softmax,case_002_brick,candidate_002_brick,0.027318883687257767,0.5046757459640503,0.11289763450622559
visual_descriptions_distractors,max_prompt_softmax,case_002_brick,candidate_003_brick,0.003912768326699734,0.0034161508083343506,0.569672167301178
visual_descriptions_distractors,max_prompt_softmax,case_002_concrete_block,candidate_001_concrete_block,0.10519086569547653,0.6272066235542297,0.0008402196690440178
visual_descriptions_distractors,max_prompt_softmax,case_002_concrete_block,candidate_002_concrete_block,0.027318883687257767,0.5046757459640503,0.11289763450622559
visual_descriptions_distractors,max_prompt_softmax,case_002_concrete_block,candidate_003_concrete_block,0.003912768326699734,0.0034161508083343506,0.569672167301178
visual_descriptions_distractors,max_prompt_softmax,case_002_timber,candidate_002_timber,0.003912752959877253,0.0034161435905843973,0.5696720480918884
visual_descriptions_distractors,max_prompt_softmax,case_002_timber,candidate_003_timber,0.027318796142935753,0.5046750903129578,0.11289791762828827
visual_descriptions_distractors,max_prompt_softmax,case_002_timber,candidate_001_timber,0.10519086569547653,0.6272066235542297,0.0008402196690440178
visual_descriptions_distractors,max_prompt_softmax,case_003_brick,candidate_001_brick,0.11025802791118622,0.5904752016067505,0.006801975425332785
visual_descriptions_distractors,max_prompt_softmax,case_003_concrete_block,candidate_001_concrete_block,0.11025802791118622,0.5904752016067505,0.006801975425332785
visual_descriptions_distractors,max_prompt_softmax,case_003_concrete_block,candidate_002_concrete_block,0.06934098899364471,0.26444780826568604,0.30209991335868835
visual_descriptions_distractors,max_prompt_softmax,case_003_timber,candidate_002_timber,0.06934098899364471,0.26444780826568604,0.30209991335868835
visual_descriptions_distractors,max_prompt_softmax,case_003_timber,candidate_001_timber,0.11025802791118622,0.5904752016067505,0.006801975425332785
visual_descriptions_distractors,max_prompt_softmax,case_004_brick,candidate_001_brick,0.3021303713321686,0.14834286272525787,0.013858594000339508
visual_descriptions_distractors,max_prompt_softmax,case_004_concrete_block,candidate_001_concrete_block,0.00869336724281311,0.6191440224647522,0.003918243106454611
visual_descriptions_distractors,max_prompt_softmax,case_004_concrete_block,candidate_003_concrete_block,0.04919153079390526,0.5713878870010376,0.09486239403486252
visual_descriptions_distractors,max_prompt_softmax,case_004_concrete_block,candidate_002_concrete_block,0.30212798714637756,0.14834368228912354,0.013858617283403873
visual_descriptions_distractors,max_prompt_softmax,case_004_timber,candidate_002_timber,0.04919153079390526,0.5713878870010376,0.09486239403486252
visual_descriptions_distractors,max_prompt_softmax,case_004_timber,candidate_001_timber,0.30212798714637756,0.14834368228912354,0.013858617283403873
visual_descriptions_distractors,max_prompt_softmax,case_005_brick,candidate_001_brick,0.11558494716882706,0.3390149176120758,0.019620517268776894
visual_descriptions_distractors,max_prompt_softmax,case_005_brick,candidate_003_brick,0.20163604617118835,0.5762292146682739,0.005207132548093796
visual_descriptions_distractors,max_prompt_softmax,case_005_brick,candidate_002_brick,0.005090781487524509,0.02242433838546276,0.6800644993782043
visual_descriptions_distractors,max_prompt_softmax,case_005_concrete_block,candidate_003_concrete_block,0.20163625478744507,0.5762298107147217,0.005207117646932602
visual_descriptions_distractors,max_prompt_softmax,case_005_concrete_block,candidate_001_concrete_block,0.11558494716882706,0.3390149176120758,0.019620517268776894
visual_descriptions_distractors,max_prompt_softmax,case_005_concrete_block,candidate_002_concrete_block,0.0050907619297504425,0.022424424067139626,0.6800644993782043
visual_descriptions_distractors,max_prompt_softmax,case_005_timber,candidate_002_timber,0.0050907619297504425,0.022424424067139626,0.6800644993782043
visual_descriptions_distractors,max_prompt_softmax,case_005_timber,candidate_003_timber,0.20163604617118835,0.5762292146682739,0.005207132548093796
visual_descriptions_distractors,max_prompt_softmax,case_005_timber,candidate_001_timber,0.11558494716882706,0.3390149176120758,0.019620517268776894
visual_descriptions_distractors,max_prompt_softmax,case_006_brick,candidate_001_brick,0.42080238461494446,0.37696027755737305,0.00280559528619051
visual_descriptions_distractors,max_prompt_softmax,case_006_brick,candidate_002_brick,0.09651422500610352,0.025935016572475433,0.24358965456485748
visual_descriptions_distractors,max_prompt_softmax,case_006_concrete_block,candidate_002_concrete_block,0.06859934329986572,0.17368872463703156,0.018521249294281006
visual_descriptions_distractors,max_prompt_softmax,case_006_concrete_block,candidate_001_concrete_block,0.42080238461494446,0.37696027755737305,0.00280559528619051
visual_descriptions_distractors,max_prompt_softmax,case_006_concrete_block,candidate_003_concrete_block,0.09651440382003784,0.025935012847185135,0.2435901015996933
visual_descriptions_distractors,max_prompt_softmax,case_006_timber,candidate_003_timber,0.09651440382003784,0.025935012847185135,0.2435901015996933
visual_descriptions_distractors,max_prompt_softmax,case_006_timber,candidate_002_timber,0.06859930604696274,0.17368829250335693,0.018521273508667946
visual_descriptions_distractors,max_prompt_softmax,case_006_timber,candidate_001_timber,0.42080238461494446,0.37696027755737305,0.00280559528619051
visual_descriptions_distractors,max_prompt_softmax,case_007_brick,candidate_001_brick,0.15081584453582764,0.12473513185977936,0.006181939505040646
visual_descriptions_distractors,max_prompt_softmax,case_007_concrete_block,candidate_001_concrete_block,0.07563204318284988,0.32341626286506653,0.002535694744437933
visual_descriptions_distractors,max_prompt_softmax,case_007_concrete_block,candidate_003_concrete_block,0.12606604397296906,0.09684624522924423,0.00802067294716835
visual_descriptions_distractors,max_prompt_softmax,case_007_concrete_block,candidate_002_concrete_block,0.03520786389708519,0.004859558306634426,0.4488655626773834
visual_descriptions_distractors,max_prompt_softmax,case_007_timber,candidate_001_timber,0.03787491098046303,0.004799694288522005,0.45269614458084106
visual_descriptions_distractors,max_prompt_softmax,case_007_timber,candidate_003_timber,0.11863932013511658,0.09852387011051178,0.008434939198195934
visual_descriptions_distractors,max_prompt_softmax,case_007_timber,candidate_002_timber,0.07413525879383087,0.324753999710083,0.0025770566426217556
visual_descriptions_distractors,max_prompt_softmax,case_008_brick,candidate_001_brick,0.12965644896030426,0.46614378690719604,0.00872469786554575
visual_descriptions_distractors,max_prompt_softmax,case_008_brick,candidate_002_brick,0.07798856496810913,0.5178876519203186,0.019915523007512093
visual_descriptions_distractors,max_prompt_softmax,case_008_brick,candidate_003_brick,0.03033476136624813,0.0078193424269557,0.5361296534538269
visual_descriptions_distractors,max_prompt_softmax,case_008_concrete_block,candidate_003_concrete_block,0.07798866182565689,0.51788729429245,0.019915660843253136
visual_descriptions_distractors,max_prompt_softmax,case_008_concrete_block,candidate_001_concrete_block,0.12965644896030426,0.46614378690719604,0.00872469786554575
visual_descriptions_distractors,max_prompt_softmax,case_008_concrete_block,candidate_002_concrete_block,0.03033476136624813,0.007819357328116894,0.5361286401748657
visual_descriptions_distractors,max_prompt_softmax,case_008_timber,candidate_002_timber,0.029586872085928917,0.007807657588273287,0.5438727736473083
visual_descriptions_distractors,max_prompt_softmax,case_008_timber,candidate_003_timber,0.07825800031423569,0.519096314907074,0.019676901400089264
visual_descriptions_distractors,max_prompt_softmax,case_008_timber,candidate_001_timber,0.12965644896030426,0.46614378690719604,0.00872469786554575
visual_descriptions_distractors,max_prompt_softmax,case_009_brick,candidate_001_brick,0.03084011748433113,0.6669496893882751,0.0036432344932109118
visual_descriptions_distractors,max_prompt_softmax,case_009_brick,candidate_002_brick,0.027211472392082214,0.05492561310529709,0.015752457082271576
visual_descriptions_distractors,max_prompt_softmax,case_009_concrete_block,candidate_001_concrete_block,0.030840136110782623,0.6669501066207886,0.0036432368215173483
visual_descriptions_distractors,max_prompt_softmax,case_009_concrete_block,candidate_003_concrete_block,0.02721145562827587,0.05492568388581276,0.015752507373690605
visual_descriptions_distractors,max_prompt_softmax,case_009_concrete_block,candidate_002_concrete_block,0.0017522856360301375,0.002980909077450633,0.7578040361404419
visual_descriptions_distractors,max_prompt_softmax,case_009_timber,candidate_002_timber,0.0018480615690350533,0.0030793051701039076,0.7557278871536255
visual_descriptions_distractors,max_prompt_softmax,case_009_timber,candidate_001_timber,0.030841054394841194,0.6669458150863647,0.0036432689521461725
visual_descriptions_distractors,max_prompt_softmax,case_010_brick,candidate_001_brick,0.007793874479830265,0.6973889470100403,0.0018399007385596633
visual_descriptions_distractors,max_prompt_softmax,case_010_brick,candidate_002_brick,0.2513730525970459,0.1367666870355606,0.11150208115577698
visual_descriptions_distractors,max_prompt_softmax,case_010_brick,candidate_003_brick,0.010745455510914326,0.5345132946968079,0.019864141941070557
visual_descriptions_distractors,max_prompt_softmax,case_010_concrete_block,candidate_002_concrete_block,0.007793908007442951,0.6973893046379089,0.0018399052787572145
visual_descriptions_distractors,max_prompt_softmax,case_010_concrete_block,candidate_001_concrete_block,0.010745404288172722,0.5345137715339661,0.0198641587048769
visual_descriptions_distractors,max_prompt_softmax,case_010_timber,candidate_003_timber,0.2513730525970459,0.1367666870355606,0.11150208115577698
visual_descriptions_distractors,max_prompt_softmax,case_010_timber,candidate_001_timber,0.010745404288172722,0.5345137715339661,0.0198641587048769
visual_descriptions_distractors,max_prompt_softmax,case_010_timber,candidate_002_timber,0.007793874479830265,0.6973889470100403,0.0018399007385596633
visual_descriptions_distractors,max_prompt_softmax,case_011_brick,candidate_002_brick,0.16322709619998932,0.38545405864715576,0.010204261168837547
visual_descriptions_distractors,max_prompt_softmax,case_011_brick,candidate_001_brick,0.022750744596123695,0.49108603596687317,0.0628524124622345
visual_descriptions_distractors,max_prompt_softmax,case_011_brick,candidate_003_brick,0.03597041592001915,0.06732603162527084,0.5343624949455261
visual_descriptions_distractors,max_prompt_softmax,case_011_concrete_block,candidate_001_concrete_block,0.022750793024897575,0.4910852313041687,0.06285267323255539
visual_descriptions_distractors,max_prompt_softmax,case_011_concrete_block,candidate_002_concrete_block,0.03597036749124527,0.06732594221830368,0.53436279296875
visual_descriptions_distractors,max_prompt_softmax,case_011_timber,candidate_001_timber,0.03597036749124527,0.06732594221830368,0.53436279296875
visual_descriptions_distractors,max_prompt_softmax,case_011_timber,candidate_002_timber,0.022750744596123695,0.49108603596687317,0.0628524124622345
visual_descriptions_distractors,max_prompt_softmax,case_011_timber,candidate_003_timber,0.15698029100894928,0.361483097076416,0.009986399672925472
visual_descriptions_distractors,max_prompt_softmax,case_012_brick,candidate_001_brick,0.34818917512893677,0.10858024656772614,0.008658980019390583
visual_descriptions_distractors,max_prompt_softmax,case_012_brick,candidate_002_brick,0.009949302300810814,0.814825713634491,0.032006971538066864
visual_descriptions_distractors,max_prompt_softmax,case_012_concrete_block,candidate_002_concrete_block,0.00994933396577835,0.8148252367973328,0.032007135450839996
visual_descriptions_distractors,max_prompt_softmax,case_012_concrete_block,candidate_001_concrete_block,0.34818941354751587,0.10857969522476196,0.008659034967422485
visual_descriptions_distractors,max_prompt_softmax,case_012_timber,candidate_002_timber,0.05361140891909599,0.03765011206269264,0.3330785036087036
visual_descriptions_distractors,max_prompt_softmax,case_012_timber,candidate_003_timber,0.009949302300810814,0.814825713634491,0.032006971538066864
visual_descriptions_distractors,max_prompt_softmax,case_012_timber,candidate_001_timber,0.34818917512893677,0.10858024656772614,0.008658980019390583
visual_descriptions_distractors,max_prompt_softmax,TS_F01,candidate_001_concrete_block,0.03402622789144516,0.6442087888717651,0.007540942635387182
visual_descriptions_distractors,max_prompt_softmax,TS_F01,candidate_002_concrete_block,0.0254915002733469,0.08383312821388245,0.11600446701049805
visual_descriptions_distractors,max_prompt_softmax,TS_F02,candidate_001_timber,0.07190434634685516,0.5208401083946228,0.021225959062576294
visual_descriptions_distractors,max_prompt_softmax,TS_F02,candidate_002_timber,0.00836692750453949,0.7844013571739197,0.003527924884110689
visual_descriptions_distractors,max_prompt_softmax,TS_F03,candidate_002_brick,0.01921832747757435,0.027337370440363884,0.35690733790397644
visual_descriptions_distractors,max_prompt_softmax,TS_F03,candidate_001_brick,0.008926426991820335,0.7698239684104919,0.00567095261067152
visual_descriptions_distractors,max_prompt_softmax,TS_F05,candidate_001_concrete_block,0.07618630677461624,0.2842719554901123,0.007380438502877951
visual_descriptions_distractors,max_prompt_softmax,TS_F05,candidate_002_concrete_block,0.04752539470791817,0.023719895631074905,0.37260890007019043
visual_descriptions_distractors,max_prompt_softmax,TS_F06,candidate_002_timber,0.02981685660779476,0.23771901428699493,0.041134823113679886
visual_descriptions_distractors,max_prompt_softmax,TS_F06,candidate_001_timber,0.10735403001308441,0.4353427290916443,0.009360294789075851
visual_descriptions_distractors,max_prompt_softmax,TS_F07,candidate_001_brick,0.046224553138017654,0.2738971412181854,0.03761385753750801
visual_descriptions_distractors,max_prompt_softmax,TS_F07,candidate_002_brick,0.01053962204605341,0.0031097119208425283,0.42216968536376953
visual_descriptions_distractors,max_prompt_softmax,TS_F09,candidate_001_concrete_block,0.03437945246696472,0.6722769141197205,0.004360697697848082
visual_descriptions_distractors,max_prompt_softmax,TS_F09,candidate_002_concrete_block,0.0019714569207280874,0.00038365094223991036,0.5032069683074951
visual_descriptions_distractors,max_prompt_softmax,TS_F10,candidate_002_timber,0.011708353646099567,0.48172441124916077,0.12276505678892136
visual_descriptions_distractors,max_prompt_softmax,TS_F10,candidate_001_timber,0.044394705444574356,0.6487706899642944,0.008281183429062366
visual_descriptions_distractors,max_prompt_softmax,TS_F11,candidate_002_brick,0.06609487533569336,0.21689705550670624,0.08324221521615982
visual_descriptions_distractors,max_prompt_softmax,TS_F11,candidate_001_brick,0.045548856258392334,0.016350412741303444,0.20842503011226654
visual_descriptions_distractors,mean_embedding_class_softmax,old_1,candidate_001_brick,0.07842235267162323,0.7322441339492798,0.009885997511446476
visual_descriptions_distractors,mean_embedding_class_softmax,old_1,candidate_002_brick,0.05872415006160736,0.048812899738550186,0.3044775128364563
visual_descriptions_distractors,mean_embedding_class_softmax,old_2,candidate_002_timber,0.07314078509807587,0.043818458914756775,0.2754429876804352
visual_descriptions_distractors,mean_embedding_class_softmax,old_2,candidate_001_timber,0.04792041704058647,0.7322928309440613,0.007825061678886414
visual_descriptions_distractors,mean_embedding_class_softmax,old_3,candidate_001_brick,0.180535688996315,0.3585911691188812,0.029584337025880814
visual_descriptions_distractors,mean_embedding_class_softmax,old_3,candidate_002_brick,0.04039369896054268,0.8061123490333557,0.006489431485533714
visual_descriptions_distractors,mean_embedding_class_softmax,old_4,candidate_002_concrete_block,0.03949310630559921,0.8273430466651917,0.006071453448385
visual_descriptions_distractors,mean_embedding_class_softmax,old_4,candidate_001_concrete_block,0.2376360297203064,0.21269889175891876,0.0570671372115612
visual_descriptions_distractors,mean_embedding_class_softmax,old_5,candidate_001_timber,0.041925087571144104,0.007533086929470301,0.7141229510307312
visual_descriptions_distractors,mean_embedding_class_softmax,old_5,candidate_002_timber,0.04622771590948105,0.5988638997077942,0.008909976109862328
visual_descriptions_distractors,mean_embedding_class_softmax,old_6,candidate_001_concrete_block,0.03704092279076576,0.5752879977226257,0.004933023359626532
visual_descriptions_distractors,mean_embedding_class_softmax,old_6,candidate_002_concrete_block,0.06508423388004303,0.005828726105391979,0.6843107342720032
visual_descriptions_distractors,mean_embedding_class_softmax,old_7,candidate_001_brick,0.41424456238746643,0.3193362355232239,0.004265377763658762
visual_descriptions_distractors,mean_embedding_class_softmax,old_7,candidate_003_brick,0.05767509341239929,0.4272966682910919,0.020682815462350845
visual_descriptions_distractors,mean_embedding_class_softmax,old_7,candidate_002_brick,0.02637886255979538,0.010609974153339863,0.665620744228363
visual_descriptions_distractors,mean_embedding_class_softmax,old_8,candidate_002_timber,0.04315296560525894,0.02055514045059681,0.3613353371620178
visual_descriptions_distractors,mean_embedding_class_softmax,old_8,candidate_003_timber,0.045304834842681885,0.5868433117866516,0.010017874650657177
visual_descriptions_distractors,mean_embedding_class_softmax,old_8,candidate_001_timber,0.37904882431030273,0.34908491373062134,0.0025376228149980307
visual_descriptions_distractors,mean_embedding_class_softmax,old_9,candidate_002_concrete_block,0.05562855303287506,0.48845380544662476,0.011166251264512539
visual_descriptions_distractors,mean_embedding_class_softmax,old_9,candidate_003_concrete_block,0.042733389884233475,0.03166639432311058,0.39627015590667725
visual_descriptions_distractors,mean_embedding_class_softmax,old_9,candidate_001_concrete_block,0.44147101044654846,0.284074991941452,0.008619142696261406
visual_descriptions_distractors,mean_embedding_class_softmax,old_10,candidate_001_brick,0.19635456800460815,0.08635437488555908,0.003938904497772455
visual_descriptions_distractors,mean_embedding_class_softmax,old_10,candidate_002_brick,0.06800046563148499,0.007651095744222403,0.8789451122283936
visual_descriptions_distractors,mean_embedding_class_softmax,old_11,candidate_002_timber,0.006662743631750345,0.0013416992733255029,0.98261559009552
visual_descriptions_distractors,mean_embedding_class_softmax,old_11,candidate_001_timber,0.44758176803588867,0.11696463823318481,0.003951782360672951
visual_descriptions_distractors,mean_embedding_class_softmax,old_12,candidate_001_brick,0.24670754373073578,0.11956443637609482,0.006779829040169716
visual_descriptions_distractors,mean_embedding_class_softmax,old_12,candidate_002_brick,0.08932184427976608,0.20718888938426971,0.047032687813043594
visual_descriptions_distractors,mean_embedding_class_softmax,old_13,candidate_001_concrete_block,0.08107879757881165,0.13090567290782928,0.026418348774313927
visual_descriptions_distractors,mean_embedding_class_softmax,old_13,candidate_002_concrete_block,0.2157878279685974,0.08722442388534546,0.009100763127207756
visual_descriptions_distractors,mean_embedding_class_softmax,old_14,candidate_001_timber,0.01729363016784191,0.00164251949172467,0.8997548818588257
visual_descriptions_distractors,mean_embedding_class_softmax,old_14,candidate_002_timber,0.1780441701412201,0.3173883855342865,0.039556074887514114
visual_descriptions_distractors,mean_embedding_class_softmax,old_15,candidate_001_concrete_block,0.25530266761779785,0.23788702487945557,0.03482869267463684
visual_descriptions_distractors,mean_embedding_class_softmax,old_15,candidate_002_concrete_block,0.023977797478437424,0.0016750594368204474,0.9201562404632568
visual_descriptions_distractors,mean_embedding_class_softmax,old_16,candidate_001_brick,0.26005834341049194,0.09415115416049957,0.004583852365612984
visual_descriptions_distractors,mean_embedding_class_softmax,old_16,candidate_003_brick,0.08522241562604904,0.3301807641983032,0.0227651409804821
visual_descriptions_distractors,mean_embedding_class_softmax,old_16,candidate_002_brick,0.019742485135793686,0.0038367202505469322,0.9309828281402588
visual_descriptions_distractors,mean_embedding_class_softmax,old_17,candidate_002_timber,0.05953765660524368,0.005676668602973223,0.8359678387641907
visual_descriptions_distractors,mean_embedding_class_softmax,old_17,candidate_003_timber,0.14970950782299042,0.4649673104286194,0.03444826230406761
visual_descriptions_distractors,mean_embedding_class_softmax,old_17,candidate_001_timber,0.3669796586036682,0.11840663850307465,0.006749769207090139
visual_descriptions_distractors,mean_embedding_class_softmax,old_18,candidate_002_concrete_block,0.27470144629478455,0.26618629693984985,0.046502694487571716
visual_descriptions_distractors,mean_embedding_class_softmax,old_18,candidate_003_concrete_block,0.20858603715896606,0.0675203800201416,0.0069890860468149185
visual_descriptions_distractors,mean_embedding_class_softmax,old_18,candidate_001_concrete_block,0.09176131337881088,0.013719148933887482,0.7293784022331238
visual_descriptions_distractors,mean_embedding_class_softmax,old_19,candidate_001_brick,0.08143507689237595,0.6688405275344849,0.007335128262639046
visual_descriptions_distractors,mean_embedding_class_softmax,old_19,candidate_002_brick,0.008218534290790558,0.0003589074476622045,0.9199398756027222
visual_descriptions_distractors,mean_embedding_class_softmax,old_20,candidate_002_timber,0.004230953752994537,0.00020492819021455944,0.90964275598526
visual_descriptions_distractors,mean_embedding_class_softmax,old_20,candidate_001_timber,0.09181865304708481,0.6259401440620422,0.009835041128098965
visual_descriptions_distractors,mean_embedding_class_softmax,old_21,candidate_001_brick,0.21161772310733795,0.40892744064331055,0.012068284675478935
visual_descriptions_distractors,mean_embedding_class_softmax,old_21,candidate_002_brick,0.06258703023195267,0.14858388900756836,0.061912402510643005
visual_descriptions_distractors,mean_embedding_class_softmax,old_22,candidate_002_concrete_block,0.07105349004268646,0.30536434054374695,0.059496864676475525
visual_descriptions_distractors,mean_embedding_class_softmax,old_22,candidate_001_concrete_block,0.16903389990329742,0.3194974660873413,0.023137081414461136
visual_descriptions_distractors,mean_embedding_class_softmax,old_23,candidate_001_timber,0.08489041030406952,0.008319209329783916,0.7428267598152161
visual_descriptions_distractors,mean_embedding_class_softmax,old_23,candidate_002_timber,0.1380496770143509,0.10741602629423141,0.037395376712083817
visual_descriptions_distractors,mean_embedding_class_softmax,old_24,candidate_002_concrete_block,0.13421301543712616,0.15195047855377197,0.03490833565592766
visual_descriptions_distractors,mean_embedding_class_softmax,old_24,candidate_001_concrete_block,0.07984417676925659,0.0065123517997562885,0.7177120447158813
visual_descriptions_distractors,mean_embedding_class_softmax,old_25,candidate_001_brick,0.04139040783047676,0.7328388094902039,0.003762991866096854
visual_descriptions_distractors,mean_embedding_class_softmax,old_25,candidate_002_brick,0.11462265253067017,0.028035268187522888,0.4449699819087982
visual_descriptions_distractors,mean_embedding_class_softmax,old_25,candidate_003_brick,0.12002193927764893,0.10250778496265411,0.056868068873882294
visual_descriptions_distractors,mean_embedding_class_softmax,old_26,candidate_002_timber,0.09972486644983292,0.013247525319457054,0.6934726238250732
visual_descriptions_distractors,mean_embedding_class_softmax,old_26,candidate_003_timber,0.09223431348800659,0.10179249942302704,0.03255476430058479
visual_descriptions_distractors,mean_embedding_class_softmax,old_26,candidate_001_timber,0.047633130103349686,0.6794615387916565,0.004525667056441307
visual_descriptions_distractors,mean_embedding_class_softmax,old_27,candidate_003_concrete_block,0.1353221833705902,0.09608379751443863,0.04589131101965904
visual_descriptions_distractors,mean_embedding_class_softmax,old_27,candidate_001_concrete_block,0.10679647326469421,0.5703587532043457,0.012524501420557499
visual_descriptions_distractors,mean_embedding_class_softmax,old_27,candidate_002_concrete_block,0.12445120513439178,0.02795732207596302,0.5004795789718628
visual_descriptions_distractors,mean_embedding_class_softmax,case_001_brick,candidate_002_brick,0.5332232713699341,0.28935936093330383,0.0012187485117465258
visual_descriptions_distractors,mean_embedding_class_softmax,case_001_brick,candidate_001_brick,0.23596607148647308,0.4771312177181244,0.06547868996858597
visual_descriptions_distractors,mean_embedding_class_softmax,case_001_brick,candidate_003_brick,0.07879464328289032,0.6531660556793213,0.10499256104230881
visual_descriptions_distractors,mean_embedding_class_softmax,case_001_concrete_block,candidate_001_concrete_block,0.23596607148647308,0.4771312177181244,0.06547868996858597
visual_descriptions_distractors,mean_embedding_class_softmax,case_001_concrete_block,candidate_002_concrete_block,0.07879464328289032,0.6531660556793213,0.10499256104230881
visual_descriptions_distractors,mean_embedding_class_softmax,case_001_concrete_block,candidate_003_concrete_block,0.5332239270210266,0.28935858607292175,0.0012187593383714557
visual_descriptions_distractors,mean_embedding_class_softmax,case_001_timber,candidate_003_timber,0.07879464328289032,0.6531660556793213,0.10499256104230881
visual_descriptions_distractors,mean_embedding_class_softmax,case_001_timber,candidate_001_timber,0.23596642911434174,0.4771310091018677,0.06547877937555313
visual_descriptions_distractors,mean_embedding_class_softmax,case_001_timber,candidate_002_timber,0.5332232713699341,0.28935936093330383,0.0012187485117465258
visual_descriptions_distractors,mean_embedding_class_softmax,case_002_brick,candidate_001_brick,0.2603421211242676,0.46294471621513367,0.00045207678340375423
visual_descriptions_distractors,mean_embedding_class_softmax,case_002_brick,candidate_002_brick,0.07988469302654266,0.5722241401672363,0.09700198471546173
visual_descriptions_distractors,mean_embedding_class_softmax,case_002_brick,candidate_003_brick,0.009643150493502617,0.000557252555154264,0.929817795753479
visual_descriptions_distractors,mean_embedding_class_softmax,case_002_concrete_block,candidate_001_concrete_block,0.2603421211242676,0.46294471621513367,0.00045207678340375423
visual_descriptions_distractors,mean_embedding_class_softmax,case_002_concrete_block,candidate_002_concrete_block,0.07988469302654266,0.5722241401672363,0.09700198471546173
visual_descriptions_distractors,mean_embedding_class_softmax,case_002_concrete_block,candidate_003_concrete_block,0.009643150493502617,0.000557252555154264,0.929817795753479
visual_descriptions_distractors,mean_embedding_class_softmax,case_002_timber,candidate_002_timber,0.00964313093572855,0.000557252555154264,0.929817795753479
visual_descriptions_distractors,mean_embedding_class_softmax,case_002_timber,candidate_003_timber,0.0798846110701561,0.5722246170043945,0.0970013290643692
visual_descriptions_distractors,mean_embedding_class_softmax,case_002_timber,candidate_001_timber,0.2603421211242676,0.46294471621513367,0.00045207678340375423
visual_descriptions_distractors,mean_embedding_class_softmax,case_003_brick,candidate_001_brick,0.39630797505378723,0.37852776050567627,0.003525598905980587
visual_descriptions_distractors,mean_embedding_class_softmax,case_003_concrete_block,candidate_001_concrete_block,0.39630797505378723,0.37852776050567627,0.003525598905980587
visual_descriptions_distractors,mean_embedding_class_softmax,case_003_concrete_block,candidate_002_concrete_block,0.15771335363388062,0.184139221906662,0.4312492609024048
visual_descriptions_distractors,mean_embedding_class_softmax,case_003_timber,candidate_002_timber,0.15771335363388062,0.184139221906662,0.4312492609024048
visual_descriptions_distractors,mean_embedding_class_softmax,case_003_timber,candidate_001_timber,0.39630797505378723,0.37852776050567627,0.003525598905980587
visual_descriptions_distractors,mean_embedding_class_softmax,case_004_brick,candidate_001_brick,0.6187516450881958,0.09280146658420563,0.00554691394791007
visual_descriptions_distractors,mean_embedding_class_softmax,case_004_concrete_block,candidate_001_concrete_block,0.01734139211475849,0.913404643535614,0.003259836696088314
visual_descriptions_distractors,mean_embedding_class_softmax,case_004_concrete_block,candidate_003_concrete_block,0.1034049242734909,0.3940584659576416,0.13340815901756287
visual_descriptions_distractors,mean_embedding_class_softmax,case_004_concrete_block,candidate_002_concrete_block,0.6187480688095093,0.09280287474393845,0.005546977277845144
visual_descriptions_distractors,mean_embedding_class_softmax,case_004_timber,candidate_002_timber,0.1034049242734909,0.3940584659576416,0.13340815901756287
visual_descriptions_distractors,mean_embedding_class_softmax,case_004_timber,candidate_001_timber,0.6187480688095093,0.09280287474393845,0.005546977277845144
visual_descriptions_distractors,mean_embedding_class_softmax,case_005_brick,candidate_001_brick,0.24957837164402008,0.15625783801078796,0.00639810785651207
visual_descriptions_distractors,mean_embedding_class_softmax,case_005_brick,candidate_003_brick,0.37627124786376953,0.19421054422855377,0.011086713522672653
visual_descriptions_distractors,mean_embedding_class_softmax,case_005_brick,candidate_002_brick,0.007358537521213293,0.004699324257671833,0.9573639035224915
visual_descriptions_distractors,mean_embedding_class_softmax,case_005_concrete_block,candidate_003_concrete_block,0.3762699365615845,0.1942109912633896,0.011086780577898026
visual_descriptions_distractors,mean_embedding_class_softmax,case_005_concrete_block,candidate_001_concrete_block,0.24957837164402008,0.15625783801078796,0.00639810785651207
visual_descriptions_distractors,mean_embedding_class_softmax,case_005_concrete_block,candidate_002_concrete_block,0.007358537521213293,0.004699306562542915,0.9573639035224915
visual_descriptions_distractors,mean_embedding_class_softmax,case_005_timber,candidate_002_timber,0.007358537521213293,0.004699306562542915,0.9573639035224915
visual_descriptions_distractors,mean_embedding_class_softmax,case_005_timber,candidate_003_timber,0.37627124786376953,0.19421054422855377,0.011086713522672653
visual_descriptions_distractors,mean_embedding_class_softmax,case_005_timber,candidate_001_timber,0.24957837164402008,0.15625783801078796,0.00639810785651207
visual_descriptions_distractors,mean_embedding_class_softmax,case_006_brick,candidate_001_brick,0.6259785294532776,0.2391263097524643,0.002352639101445675
visual_descriptions_distractors,mean_embedding_class_softmax,case_006_brick,candidate_002_brick,0.2569769620895386,0.03152830898761749,0.585701584815979
visual_descriptions_distractors,mean_embedding_class_softmax,case_006_concrete_block,candidate_002_concrete_block,0.11848977953195572,0.09675060957670212,0.02169182524085045
visual_descriptions_distractors,mean_embedding_class_softmax,case_006_concrete_block,candidate_001_concrete_block,0.6259785294532776,0.2391263097524643,0.002352639101445675
visual_descriptions_distractors,mean_embedding_class_softmax,case_006_concrete_block,candidate_003_concrete_block,0.25697726011276245,0.031528402119874954,0.5857011079788208
visual_descriptions_distractors,mean_embedding_class_softmax,case_006_timber,candidate_003_timber,0.25697726011276245,0.031528402119874954,0.5857011079788208
visual_descriptions_distractors,mean_embedding_class_softmax,case_006_timber,candidate_002_timber,0.11848969757556915,0.0967501625418663,0.02169189229607582
visual_descriptions_distractors,mean_embedding_class_softmax,case_006_timber,candidate_001_timber,0.6259785294532776,0.2391263097524643,0.002352639101445675
visual_descriptions_distractors,mean_embedding_class_softmax,case_007_brick,candidate_001_brick,0.4872346520423889,0.040502700954675674,0.002361027291044593
visual_descriptions_distractors,mean_embedding_class_softmax,case_007_concrete_block,candidate_001_concrete_block,0.16238366067409515,0.796920895576477,0.0013304922031238675
visual_descriptions_distractors,mean_embedding_class_softmax,case_007_concrete_block,candidate_003_concrete_block,0.42655134201049805,0.03380603715777397,0.002811832120642066
visual_descriptions_distractors,mean_embedding_class_softmax,case_007_concrete_block,candidate_002_concrete_block,0.044754501432180405,0.0018999532330781221,0.9350729584693909
visual_descriptions_distractors,mean_embedding_class_softmax,case_007_timber,candidate_001_timber,0.04693318530917168,0.001886573969386518,0.9316424131393433
visual_descriptions_distractors,mean_embedding_class_softmax,case_007_timber,candidate_003_timber,0.3579828441143036,0.02848946861922741,0.002999196294695139
visual_descriptions_distractors,mean_embedding_class_softmax,case_007_timber,candidate_002_timber,0.15937533974647522,0.8005649447441101,0.001338343950919807
visual_descriptions_distractors,mean_embedding_class_softmax,case_008_brick,candidate_001_brick,0.45502352714538574,0.26626116037368774,0.008441264741122723
visual_descriptions_distractors,mean_embedding_class_softmax,case_008_brick,candidate_002_brick,0.30807390809059143,0.3448448181152344,0.029954906553030014
visual_descriptions_distractors,mean_embedding_class_softmax,case_008_brick,candidate_003_brick,0.07820790261030197,0.005622935481369495,0.6604587435722351
visual_descriptions_distractors,mean_embedding_class_softmax,case_008_concrete_block,candidate_003_concrete_block,0.3080739676952362,0.34484487771987915,0.02995491214096546
visual_descriptions_distractors,mean_embedding_class_softmax,case_008_concrete_block,candidate_001_concrete_block,0.45502352714538574,0.26626116037368774,0.008441264741122723
visual_descriptions_distractors,mean_embedding_class_softmax,case_008_concrete_block,candidate_002_concrete_block,0.07820811867713928,0.005622962024062872,0.6604580879211426
visual_descriptions_distractors,mean_embedding_class_softmax,case_008_timber,candidate_002_timber,0.07672702521085739,0.005602994468063116,0.6678367853164673
visual_descriptions_distractors,mean_embedding_class_softmax,case_008_timber,candidate_003_timber,0.3068207800388336,0.3388806879520416,0.029971541836857796
visual_descriptions_distractors,mean_embedding_class_softmax,case_008_timber,candidate_001_timber,0.45502352714538574,0.26626116037368774,0.008441264741122723
visual_descriptions_distractors,mean_embedding_class_softmax,case_009_brick,candidate_001_brick,0.08341240882873535,0.7058790326118469,0.0006697154603898525
visual_descriptions_distractors,mean_embedding_class_softmax,case_009_brick,candidate_002_brick,0.069657102227211,0.0714162290096283,0.016567306593060493
visual_descriptions_distractors,mean_embedding_class_softmax,case_009_concrete_block,candidate_001_concrete_block,0.08341217786073685,0.7058784365653992,0.0006697149365209043
visual_descriptions_distractors,mean_embedding_class_softmax,case_009_concrete_block,candidate_003_concrete_block,0.06965715438127518,0.07141614705324173,0.016567287966609
visual_descriptions_distractors,mean_embedding_class_softmax,case_009_concrete_block,candidate_002_concrete_block,0.0023347672540694475,0.0011847944697365165,0.9847273826599121
visual_descriptions_distractors,mean_embedding_class_softmax,case_009_timber,candidate_002_timber,0.002361621940508485,0.0012317117070779204,0.9845245480537415
visual_descriptions_distractors,mean_embedding_class_softmax,case_009_timber,candidate_001_timber,0.08341260999441147,0.7058780193328857,0.0006697132484987378
visual_descriptions_distractors,mean_embedding_class_softmax,case_010_brick,candidate_001_brick,0.01790124550461769,0.4504806101322174,0.0006654956960119307
visual_descriptions_distractors,mean_embedding_class_softmax,case_010_brick,candidate_002_brick,0.42651107907295227,0.06838933378458023,0.2729228138923645
visual_descriptions_distractors,mean_embedding_class_softmax,case_010_brick,candidate_003_brick,0.022032832726836205,0.7436233758926392,0.024907633662223816
visual_descriptions_distractors,mean_embedding_class_softmax,case_010_concrete_block,candidate_002_concrete_block,0.017901314422488213,0.45048147439956665,0.0006654957542195916
visual_descriptions_distractors,mean_embedding_class_softmax,case_010_concrete_block,candidate_001_concrete_block,0.022032829001545906,0.7436232566833496,0.024907581508159637
visual_descriptions_distractors,mean_embedding_class_softmax,case_010_timber,candidate_003_timber,0.42651107907295227,0.06838933378458023,0.2729228138923645
visual_descriptions_distractors,mean_embedding_class_softmax,case_010_timber,candidate_001_timber,0.022032829001545906,0.7436232566833496,0.024907581508159637
visual_descriptions_distractors,mean_embedding_class_softmax,case_010_timber,candidate_002_timber,0.01790124550461769,0.4504806101322174,0.0006654956960119307
visual_descriptions_distractors,mean_embedding_class_softmax,case_011_brick,candidate_002_brick,0.43906155228614807,0.1731315702199936,0.006328391842544079
visual_descriptions_distractors,mean_embedding_class_softmax,case_011_brick,candidate_001_brick,0.03950800001621246,0.7229642271995544,0.08502785861492157
visual_descriptions_distractors,mean_embedding_class_softmax,case_011_brick,candidate_003_brick,0.08688397705554962,0.006742937956005335,0.7647055983543396
visual_descriptions_distractors,mean_embedding_class_softmax,case_011_concrete_block,candidate_001_concrete_block,0.03950798884034157,0.7229640483856201,0.08502815663814545
visual_descriptions_distractors,mean_embedding_class_softmax,case_011_concrete_block,candidate_002_concrete_block,0.08688398450613022,0.006742938421666622,0.7647056579589844
visual_descriptions_distractors,mean_embedding_class_softmax,case_011_timber,candidate_001_timber,0.08688398450613022,0.006742938421666622,0.7647056579589844
visual_descriptions_distractors,mean_embedding_class_softmax,case_011_timber,candidate_002_timber,0.03950800001621246,0.7229642271995544,0.08502785861492157
visual_descriptions_distractors,mean_embedding_class_softmax,case_011_timber,candidate_003_timber,0.4373176395893097,0.16632869839668274,0.005938915070146322
visual_descriptions_distractors,mean_embedding_class_softmax,case_012_brick,candidate_001_brick,0.8159630298614502,0.05334704369306564,0.0049630701541900635
visual_descriptions_distractors,mean_embedding_class_softmax,case_012_brick,candidate_002_brick,0.029742030426859856,0.6311215758323669,0.02638588659465313
visual_descriptions_distractors,mean_embedding_class_softmax,case_012_concrete_block,candidate_002_concrete_block,0.02974182739853859,0.6311233043670654,0.026385707780718803
visual_descriptions_distractors,mean_embedding_class_softmax,case_012_concrete_block,candidate_001_concrete_block,0.8159635663032532,0.05334656685590744,0.004963054787367582
visual_descriptions_distractors,mean_embedding_class_softmax,case_012_timber,candidate_002_timber,0.10812770575284958,0.030228709802031517,0.7313304543495178
visual_descriptions_distractors,mean_embedding_class_softmax,case_012_timber,candidate_003_timber,0.029742030426859856,0.6311215758323669,0.02638588659465313
visual_descriptions_distractors,mean_embedding_class_softmax,case_012_timber,candidate_001_timber,0.8159630298614502,0.05334704369306564,0.0049630701541900635
visual_descriptions_distractors,mean_embedding_class_softmax,TS_F01,candidate_001_concrete_block,0.07842235267162323,0.7322441339492798,0.009885997511446476
visual_descriptions_distractors,mean_embedding_class_softmax,TS_F01,candidate_002_concrete_block,0.05872415006160736,0.048812899738550186,0.3044775128364563
visual_descriptions_distractors,mean_embedding_class_softmax,TS_F02,candidate_001_timber,0.180535688996315,0.3585911691188812,0.029584337025880814
visual_descriptions_distractors,mean_embedding_class_softmax,TS_F02,candidate_002_timber,0.04039357230067253,0.8061129450798035,0.00648941146209836
visual_descriptions_distractors,mean_embedding_class_softmax,TS_F03,candidate_002_brick,0.04192517325282097,0.007533117663115263,0.7141230702400208
visual_descriptions_distractors,mean_embedding_class_softmax,TS_F03,candidate_001_brick,0.04622771590948105,0.5988638997077942,0.008909976109862328
visual_descriptions_distractors,mean_embedding_class_softmax,TS_F05,candidate_001_concrete_block,0.19635456800460815,0.08635437488555908,0.003938904497772455
visual_descriptions_distractors,mean_embedding_class_softmax,TS_F05,candidate_002_concrete_block,0.06800045073032379,0.0076511092483997345,0.878944993019104
visual_descriptions_distractors,mean_embedding_class_softmax,TS_F06,candidate_002_timber,0.08932184427976608,0.20718888938426971,0.047032687813043594
visual_descriptions_distractors,mean_embedding_class_softmax,TS_F06,candidate_001_timber,0.24670754373073578,0.11956443637609482,0.006779829040169716
visual_descriptions_distractors,mean_embedding_class_softmax,TS_F07,candidate_001_brick,0.17804543673992157,0.3173882067203522,0.03955612704157829
visual_descriptions_distractors,mean_embedding_class_softmax,TS_F07,candidate_002_brick,0.017293572425842285,0.001642514136619866,0.8997553586959839
visual_descriptions_distractors,mean_embedding_class_softmax,TS_F09,candidate_001_concrete_block,0.08143526315689087,0.668842077255249,0.007335145026445389
visual_descriptions_distractors,mean_embedding_class_softmax,TS_F09,candidate_002_concrete_block,0.00821845792233944,0.00035890346043743193,0.919940173625946
visual_descriptions_distractors,mean_embedding_class_softmax,TS_F10,candidate_002_timber,0.06258691847324371,0.1485833376646042,0.061912886798381805
visual_descriptions_distractors,mean_embedding_class_softmax,TS_F10,candidate_001_timber,0.21161730587482452,0.4089289903640747,0.01206828374415636
visual_descriptions_distractors,mean_embedding_class_softmax,TS_F11,candidate_002_brick,0.1380496770143509,0.10741602629423141,0.037395376712083817
visual_descriptions_distractors,mean_embedding_class_softmax,TS_F11,candidate_001_brick,0.08489041030406952,0.008319209329783916,0.7428267598152161
condition_robust,max_prompt_softmax,old_1,candidate_001_brick,0.06032480672001839,0.2918660044670105,0.029625404626131058
condition_robust,max_prompt_softmax,old_1,candidate_002_brick,0.07799435406923294,0.0911792442202568,0.14414308965206146
condition_robust,max_prompt_softmax,old_2,candidate_002_timber,0.08379116654396057,0.06923595070838928,0.18153016269207
condition_robust,max_prompt_softmax,old_2,candidate_001_timber,0.04747851565480232,0.29383429884910583,0.025226619094610214
condition_robust,max_prompt_softmax,old_3,candidate_001_brick,0.09743845462799072,0.24628043174743652,0.06420015543699265
condition_robust,max_prompt_softmax,old_3,candidate_002_brick,0.05817640945315361,0.23725846409797668,0.019387338310480118
condition_robust,max_prompt_softmax,old_4,candidate_002_concrete_block,0.053824491798877716,0.20680829882621765,0.011679393239319324
condition_robust,max_prompt_softmax,old_4,candidate_001_concrete_block,0.11033955961465836,0.1979997754096985,0.13262861967086792
condition_robust,max_prompt_softmax,old_5,candidate_001_timber,0.02893955446779728,0.017375284805893898,0.21513403952121735
condition_robust,max_prompt_softmax,old_5,candidate_002_timber,0.06460443139076233,0.09260566532611847,0.039767030626535416
condition_robust,max_prompt_softmax,old_6,candidate_001_concrete_block,0.05913901701569557,0.1309196650981903,0.03430533781647682
condition_robust,max_prompt_softmax,old_6,candidate_002_concrete_block,0.04666653648018837,0.016626013442873955,0.22440069913864136
condition_robust,max_prompt_softmax,old_7,candidate_001_brick,0.12040363997220993,0.5159195065498352,0.013497504405677319
condition_robust,max_prompt_softmax,old_7,candidate_003_brick,0.043759025633335114,0.14036715030670166,0.0401240736246109
condition_robust,max_prompt_softmax,old_7,candidate_002_brick,0.0192254688590765,0.03420492261648178,0.19287696480751038
condition_robust,max_prompt_softmax,old_8,candidate_002_timber,0.04470666125416756,0.07210731506347656,0.12975938618183136
condition_robust,max_prompt_softmax,old_8,candidate_003_timber,0.06054976209998131,0.1974775493144989,0.038282621651887894
condition_robust,max_prompt_softmax,old_8,candidate_001_timber,0.12507344782352448,0.38046443462371826,0.00659265136346221
condition_robust,max_prompt_softmax,old_9,candidate_002_concrete_block,0.06435860693454742,0.20327968895435333,0.032984521239995956
condition_robust,max_prompt_softmax,old_9,candidate_003_concrete_block,0.03131573274731636,0.08995399624109268,0.1290343999862671
condition_robust,max_prompt_softmax,old_9,candidate_001_concrete_block,0.1275469809770584,0.5119703412055969,0.013294895179569721
condition_robust,max_prompt_softmax,old_10,candidate_001_brick,0.25311917066574097,0.07445516437292099,0.02944566123187542
condition_robust,max_prompt_softmax,old_10,candidate_002_brick,0.04059603437781334,0.028848569840192795,0.2807590365409851
condition_robust,max_prompt_softmax,old_11,candidate_002_timber,0.006917712278664112,0.03772225230932236,0.5520812273025513
condition_robust,max_prompt_softmax,old_11,candidate_001_timber,0.18121935427188873,0.07678668946027756,0.018016843125224113
condition_robust,max_prompt_softmax,old_12,candidate_001_brick,0.15989871323108673,0.1248931810259819,0.04641749709844589
condition_robust,max_prompt_softmax,old_12,candidate_002_brick,0.0488487109541893,0.20702208578586578,0.05200999230146408
condition_robust,max_prompt_softmax,old_13,candidate_001_concrete_block,0.05621549114584923,0.28351062536239624,0.05455153435468674
condition_robust,max_prompt_softmax,old_13,candidate_002_concrete_block,0.2122894674539566,0.09029006958007812,0.0426909476518631
condition_robust,max_prompt_softmax,old_14,candidate_001_timber,0.031610261648893356,0.03804578259587288,0.23773740231990814
condition_robust,max_prompt_softmax,old_14,candidate_002_timber,0.11480623483657837,0.20829008519649506,0.03720018267631531
condition_robust,max_prompt_softmax,old_15,candidate_001_concrete_block,0.15999451279640198,0.15440733730793,0.045873306691646576
condition_robust,max_prompt_softmax,old_15,candidate_002_concrete_block,0.027422601357102394,0.021546509116888046,0.2275327742099762
condition_robust,max_prompt_softmax,old_16,candidate_001_brick,0.15446749329566956,0.13841940462589264,0.028975017368793488
condition_robust,max_prompt_softmax,old_16,candidate_003_brick,0.08499188721179962,0.16385303437709808,0.03367948904633522
condition_robust,max_prompt_softmax,old_16,candidate_002_brick,0.019724279642105103,0.06013629585504532,0.40913939476013184
condition_robust,max_prompt_softmax,old_17,candidate_002_timber,0.07159512490034103,0.047623004764318466,0.3013301491737366
condition_robust,max_prompt_softmax,old_17,candidate_003_timber,0.10379082709550858,0.138408824801445,0.03328864648938179
condition_robust,max_prompt_softmax,old_17,candidate_001_timber,0.11829745769500732,0.19704371690750122,0.02829807437956333
condition_robust,max_prompt_softmax,old_18,candidate_002_concrete_block,0.1710856407880783,0.1507394015789032,0.03482717275619507
condition_robust,max_prompt_softmax,old_18,candidate_003_concrete_block,0.14775076508522034,0.11780796945095062,0.05486516281962395
condition_robust,max_prompt_softmax,old_18,candidate_001_concrete_block,0.05880154296755791,0.05384911224246025,0.2695605456829071
condition_robust,max_prompt_softmax,old_19,candidate_001_brick,0.04311035946011543,0.31497785449028015,0.014418473467230797
condition_robust,max_prompt_softmax,old_19,candidate_002_brick,0.010977892205119133,0.046404771506786346,0.4916406571865082
condition_robust,max_prompt_softmax,old_20,candidate_002_timber,0.006975231692194939,0.03655101731419563,0.5458442568778992
condition_robust,max_prompt_softmax,old_20,candidate_001_timber,0.051363505423069,0.26386579871177673,0.018533460795879364
condition_robust,max_prompt_softmax,old_21,candidate_001_brick,0.11765532940626144,0.40069034695625305,0.03215818479657173
condition_robust,max_prompt_softmax,old_21,candidate_002_brick,0.06872910261154175,0.07214724272489548,0.10354602336883545
condition_robust,max_prompt_softmax,old_22,candidate_002_concrete_block,0.05358249321579933,0.11882468312978745,0.06764088571071625
condition_robust,max_prompt_softmax,old_22,candidate_001_concrete_block,0.08335662633180618,0.37475886940956116,0.04847064986824989
condition_robust,max_prompt_softmax,old_23,candidate_001_timber,0.06157194823026657,0.017634065821766853,0.19929498434066772
condition_robust,max_prompt_softmax,old_23,candidate_002_timber,0.12735214829444885,0.1165705993771553,0.13555066287517548
condition_robust,max_prompt_softmax,old_24,candidate_002_concrete_block,0.10793519765138626,0.16708531975746155,0.10647260397672653
condition_robust,max_prompt_softmax,old_24,candidate_001_concrete_block,0.06741916388273239,0.021890636533498764,0.20828844606876373
condition_robust,max_prompt_softmax,old_25,candidate_001_brick,0.0331045463681221,0.4735203981399536,0.010517045855522156
condition_robust,max_prompt_softmax,old_25,candidate_002_brick,0.0833582878112793,0.04167395830154419,0.17608217895030975
condition_robust,max_prompt_softmax,old_25,candidate_003_brick,0.12259657680988312,0.05233855918049812,0.11474783718585968
condition_robust,max_prompt_softmax,old_26,candidate_002_timber,0.06765211373567581,0.03505811467766762,0.17546485364437103
condition_robust,max_prompt_softmax,old_26,candidate_003_timber,0.0974101647734642,0.06165863201022148,0.10627231746912003
condition_robust,max_prompt_softmax,old_26,candidate_001_timber,0.0456400103867054,0.46401751041412354,0.011572310701012611
condition_robust,max_prompt_softmax,old_27,candidate_003_concrete_block,0.13430532813072205,0.059333015233278275,0.1175442710518837
condition_robust,max_prompt_softmax,old_27,candidate_001_concrete_block,0.03719281032681465,0.45738542079925537,0.014413580298423767
condition_robust,max_prompt_softmax,old_27,candidate_002_concrete_block,0.07425682246685028,0.04805632308125496,0.23509544134140015
condition_robust,max_prompt_softmax,case_001_brick,candidate_002_brick,0.17207597196102142,0.07606418430805206,0.009916737675666809
condition_robust,max_prompt_softmax,case_001_brick,candidate_001_brick,0.08882571011781693,0.09675800800323486,0.030436910688877106
condition_robust,max_prompt_softmax,case_001_brick,candidate_003_brick,0.024212965741753578,0.15571412444114685,0.01706046611070633
condition_robust,max_prompt_softmax,case_001_concrete_block,candidate_001_concrete_block,0.08882571011781693,0.09675800800323486,0.030436910688877106
condition_robust,max_prompt_softmax,case_001_concrete_block,candidate_002_concrete_block,0.024212965741753578,0.15571412444114685,0.01706046611070633
condition_robust,max_prompt_softmax,case_001_concrete_block,candidate_003_concrete_block,0.1720753312110901,0.07606375217437744,0.009916738606989384
condition_robust,max_prompt_softmax,case_001_timber,candidate_003_timber,0.024212965741753578,0.15571412444114685,0.01706046611070633
condition_robust,max_prompt_softmax,case_001_timber,candidate_001_timber,0.08882573992013931,0.0967584103345871,0.030436977744102478
condition_robust,max_prompt_softmax,case_001_timber,candidate_002_timber,0.17207597196102142,0.07606418430805206,0.009916737675666809
condition_robust,max_prompt_softmax,case_002_brick,candidate_001_brick,0.17613384127616882,0.13627348840236664,0.010728015564382076
condition_robust,max_prompt_softmax,case_002_brick,candidate_002_brick,0.05340369790792465,0.12507840991020203,0.04703564941883087
condition_robust,max_prompt_softmax,case_002_brick,candidate_003_brick,0.007279271725565195,0.005502726417034864,0.34124842286109924
condition_robust,max_prompt_softmax,case_002_concrete_block,candidate_001_concrete_block,0.17613384127616882,0.13627348840236664,0.010728015564382076
condition_robust,max_prompt_softmax,case_002_concrete_block,candidate_002_concrete_block,0.05340369790792465,0.12507840991020203,0.04703564941883087
condition_robust,max_prompt_softmax,case_002_concrete_block,candidate_003_concrete_block,0.007279271725565195,0.005502726417034864,0.34124842286109924
condition_robust,max_prompt_softmax,case_002_timber,candidate_002_timber,0.007279251702129841,0.005502722226083279,0.3412474989891052
condition_robust,max_prompt_softmax,case_002_timber,candidate_003_timber,0.05340370908379555,0.1250779628753662,0.047035664319992065
condition_robust,max_prompt_softmax,case_002_timber,candidate_001_timber,0.17613384127616882,0.13627348840236664,0.010728015564382076
condition_robust,max_prompt_softmax,case_003_brick,candidate_001_brick,0.12818700075149536,0.1280091255903244,0.016703076660633087
condition_robust,max_prompt_softmax,case_003_concrete_block,candidate_001_concrete_block,0.12818700075149536,0.1280091255903244,0.016703076660633087
condition_robust,max_prompt_softmax,case_003_concrete_block,candidate_002_concrete_block,0.0686270222067833,0.10070976614952087,0.11441203206777573
condition_robust,max_prompt_softmax,case_003_timber,candidate_002_timber,0.0686270222067833,0.10070976614952087,0.11441203206777573
condition_robust,max_prompt_softmax,case_003_timber,candidate_001_timber,0.12818700075149536,0.1280091255903244,0.016703076660633087
condition_robust,max_prompt_softmax,case_004_brick,candidate_001_brick,0.22386333346366882,0.09171680361032486,0.008850748650729656
condition_robust,max_prompt_softmax,case_004_concrete_block,candidate_001_concrete_block,0.014285190030932426,0.2124565839767456,0.010814107023179531
condition_robust,max_prompt_softmax,case_004_concrete_block,candidate_003_concrete_block,0.03561588004231453,0.1428312361240387,0.14267249405384064
condition_robust,max_prompt_softmax,case_004_concrete_block,candidate_002_concrete_block,0.22386197745800018,0.09171624481678009,0.008850797079503536
condition_robust,max_prompt_softmax,case_004_timber,candidate_002_timber,0.03561588004231453,0.1428312361240387,0.14267249405384064
condition_robust,max_prompt_softmax,case_004_timber,candidate_001_timber,0.22386197745800018,0.09171624481678009,0.008850797079503536
condition_robust,max_prompt_softmax,case_005_brick,candidate_001_brick,0.15182414650917053,0.06860579550266266,0.023932430893182755
condition_robust,max_prompt_softmax,case_005_brick,candidate_003_brick,0.19999124109745026,0.2865769863128662,0.04124007374048233
condition_robust,max_prompt_softmax,case_005_brick,candidate_002_brick,0.0077004157938063145,0.029695861041545868,0.30263328552246094
condition_robust,max_prompt_softmax,case_005_concrete_block,candidate_003_concrete_block,0.1999906301498413,0.2865777313709259,0.041240181773900986
condition_robust,max_prompt_softmax,case_005_concrete_block,candidate_001_concrete_block,0.15182414650917053,0.06860579550266266,0.023932430893182755
condition_robust,max_prompt_softmax,case_005_concrete_block,candidate_002_concrete_block,0.00770040787756443,0.02969582937657833,0.3026341199874878
condition_robust,max_prompt_softmax,case_005_timber,candidate_002_timber,0.00770040787756443,0.02969582937657833,0.3026341199874878
condition_robust,max_prompt_softmax,case_005_timber,candidate_003_timber,0.19999124109745026,0.2865769863128662,0.04124007374048233
condition_robust,max_prompt_softmax,case_005_timber,candidate_001_timber,0.15182414650917053,0.06860579550266266,0.023932430893182755
condition_robust,max_prompt_softmax,case_006_brick,candidate_001_brick,0.14853355288505554,0.11764390021562576,0.011515186168253422
condition_robust,max_prompt_softmax,case_006_brick,candidate_002_brick,0.138936385512352,0.0791880339384079,0.20634406805038452
condition_robust,max_prompt_softmax,case_006_concrete_block,candidate_002_concrete_block,0.06853605061769485,0.16800808906555176,0.04935600608587265
condition_robust,max_prompt_softmax,case_006_concrete_block,candidate_001_concrete_block,0.14853355288505554,0.11764390021562576,0.011515186168253422
condition_robust,max_prompt_softmax,case_006_concrete_block,candidate_003_concrete_block,0.13893644511699677,0.07918775826692581,0.20634454488754272
condition_robust,max_prompt_softmax,case_006_timber,candidate_003_timber,0.13893644511699677,0.07918775826692581,0.20634454488754272
condition_robust,max_prompt_softmax,case_006_timber,candidate_002_timber,0.06853605806827545,0.1680087447166443,0.04935581982135773
condition_robust,max_prompt_softmax,case_006_timber,candidate_001_timber,0.14853355288505554,0.11764390021562576,0.011515186168253422
condition_robust,max_prompt_softmax,case_007_brick,candidate_001_brick,0.2673549950122833,0.03683551773428917,0.015341393649578094
condition_robust,max_prompt_softmax,case_007_concrete_block,candidate_001_concrete_block,0.11746184527873993,0.12070166319608688,0.001497891847975552
condition_robust,max_prompt_softmax,case_007_concrete_block,candidate_003_concrete_block,0.28711989521980286,0.02862241305410862,0.024757834151387215
condition_robust,max_prompt_softmax,case_007_concrete_block,candidate_002_concrete_block,0.05559101700782776,0.016371669247746468,0.28997567296028137
condition_robust,max_prompt_softmax,case_007_timber,candidate_001_timber,0.057059284299612045,0.016413118690252304,0.286615788936615
condition_robust,max_prompt_softmax,case_007_timber,candidate_003_timber,0.2652064561843872,0.02315846085548401,0.028822213411331177
condition_robust,max_prompt_softmax,case_007_timber,candidate_002_timber,0.11663897335529327,0.12096744030714035,0.00152818753849715
condition_robust,max_prompt_softmax,case_008_brick,candidate_001_brick,0.16729536652565002,0.32362988591194153,0.030311988666653633
condition_robust,max_prompt_softmax,case_008_brick,candidate_002_brick,0.09025563299655914,0.22786587476730347,0.018066728487610817
condition_robust,max_prompt_softmax,case_008_brick,candidate_003_brick,0.06774894148111343,0.03712378069758415,0.28628289699554443
condition_robust,max_prompt_softmax,case_008_concrete_block,candidate_003_concrete_block,0.09025534242391586,0.2278660088777542,0.0180667731910944
condition_robust,max_prompt_softmax,case_008_concrete_block,candidate_001_concrete_block,0.16729536652565002,0.32362988591194153,0.030311988666653633
condition_robust,max_prompt_softmax,case_008_concrete_block,candidate_002_concrete_block,0.06774886697530746,0.0371236726641655,0.28628313541412354
condition_robust,max_prompt_softmax,case_008_timber,candidate_002_timber,0.06643696129322052,0.0366160124540329,0.2926956117153168
condition_robust,max_prompt_softmax,case_008_timber,candidate_003_timber,0.09369739145040512,0.22052103281021118,0.018839143216609955
condition_robust,max_prompt_softmax,case_008_timber,candidate_001_timber,0.16729536652565002,0.32362988591194153,0.030311988666653633
condition_robust,max_prompt_softmax,case_009_brick,candidate_001_brick,0.1034695953130722,0.09447303414344788,0.00726685393601656
condition_robust,max_prompt_softmax,case_009_brick,candidate_002_brick,0.05137709528207779,0.09435070306062698,0.06201021000742912
condition_robust,max_prompt_softmax,case_009_concrete_block,candidate_001_concrete_block,0.10346964001655579,0.09447271376848221,0.007266898639500141
condition_robust,max_prompt_softmax,case_009_concrete_block,candidate_003_concrete_block,0.051377031952142715,0.09435039758682251,0.06201048195362091
condition_robust,max_prompt_softmax,case_009_concrete_block,candidate_002_concrete_block,0.0013039106270298362,0.0010278645204380155,0.2645292580127716
condition_robust,max_prompt_softmax,case_009_timber,candidate_002_timber,0.0012972904369235039,0.001026133424602449,0.2746948003768921
condition_robust,max_prompt_softmax,case_009_timber,candidate_001_timber,0.10346955806016922,0.09447354078292847,0.007266865111887455
condition_robust,max_prompt_softmax,case_010_brick,candidate_001_brick,0.06525059789419174,0.2062937319278717,0.04041244834661484
condition_robust,max_prompt_softmax,case_010_brick,candidate_002_brick,0.11952550709247589,0.11239095777273178,0.08006308972835541
condition_robust,max_prompt_softmax,case_010_brick,candidate_003_brick,0.02247575670480728,0.26287713646888733,0.020973138511180878
condition_robust,max_prompt_softmax,case_010_concrete_block,candidate_002_concrete_block,0.06525086611509323,0.20629338920116425,0.0404123030602932
condition_robust,max_prompt_softmax,case_010_concrete_block,candidate_001_concrete_block,0.02247571386396885,0.26287713646888733,0.020973218604922295
condition_robust,max_prompt_softmax,case_010_timber,candidate_003_timber,0.11952550709247589,0.11239095777273178,0.08006308972835541
condition_robust,max_prompt_softmax,case_010_timber,candidate_001_timber,0.02247571386396885,0.26287713646888733,0.020973218604922295
condition_robust,max_prompt_softmax,case_010_timber,candidate_002_timber,0.06525059789419174,0.2062937319278717,0.04041244834661484
condition_robust,max_prompt_softmax,case_011_brick,candidate_002_brick,0.17869600653648376,0.23419716954231262,0.05745469778776169
condition_robust,max_prompt_softmax,case_011_brick,candidate_001_brick,0.050857044756412506,0.2048225998878479,0.041680071502923965
condition_robust,max_prompt_softmax,case_011_brick,candidate_003_brick,0.03537328541278839,0.03392355889081955,0.36829590797424316
condition_robust,max_prompt_softmax,case_011_concrete_block,candidate_001_concrete_block,0.05085711181163788,0.2048228681087494,0.04168020561337471
condition_robust,max_prompt_softmax,case_011_concrete_block,candidate_002_concrete_block,0.035373423248529434,0.03392362222075462,0.36829525232315063
condition_robust,max_prompt_softmax,case_011_timber,candidate_001_timber,0.035373423248529434,0.03392362222075462,0.36829525232315063
condition_robust,max_prompt_softmax,case_011_timber,candidate_002_timber,0.050857044756412506,0.2048225998878479,0.041680071502923965
condition_robust,max_prompt_softmax,case_011_timber,candidate_003_timber,0.1767204999923706,0.23176893591880798,0.06362380087375641
condition_robust,max_prompt_softmax,case_012_brick,candidate_001_brick,0.2612277567386627,0.09297003597021103,0.01215066947042942
condition_robust,max_prompt_softmax,case_012_brick,candidate_002_brick,0.037305667996406555,0.0877496749162674,0.08742257952690125
condition_robust,max_prompt_softmax,case_012_concrete_block,candidate_002_concrete_block,0.03730582073330879,0.08775003254413605,0.0874224305152893
condition_robust,max_prompt_softmax,case_012_concrete_block,candidate_001_concrete_block,0.26122787594795227,0.09297008067369461,0.012150721624493599
condition_robust,max_prompt_softmax,case_012_timber,candidate_002_timber,0.036991946399211884,0.06380198150873184,0.3630360960960388
condition_robust,max_prompt_softmax,case_012_timber,candidate_003_timber,0.037305667996406555,0.0877496749162674,0.08742257952690125
condition_robust,max_prompt_softmax,case_012_timber,candidate_001_timber,0.2612277567386627,0.09297003597021103,0.01215066947042942
condition_robust,max_prompt_softmax,TS_F01,candidate_001_concrete_block,0.06032480672001839,0.2918660044670105,0.029625404626131058
condition_robust,max_prompt_softmax,TS_F01,candidate_002_concrete_block,0.07799435406923294,0.0911792442202568,0.14414308965206146
condition_robust,max_prompt_softmax,TS_F02,candidate_001_timber,0.09743845462799072,0.24628043174743652,0.06420015543699265
condition_robust,max_prompt_softmax,TS_F02,candidate_002_timber,0.058176372200250626,0.23725876212120056,0.019387325271964073
condition_robust,max_prompt_softmax,TS_F03,candidate_002_brick,0.02893955074250698,0.01737528294324875,0.2151332050561905
condition_robust,max_prompt_softmax,TS_F03,candidate_001_brick,0.06460443139076233,0.09260566532611847,0.039767030626535416
condition_robust,max_prompt_softmax,TS_F05,candidate_001_concrete_block,0.25311917066574097,0.07445516437292099,0.02944566123187542
condition_robust,max_prompt_softmax,TS_F05,candidate_002_concrete_block,0.04059596732258797,0.02884863317012787,0.28075912594795227
condition_robust,max_prompt_softmax,TS_F06,candidate_002_timber,0.0488487109541893,0.20702208578586578,0.05200999230146408
condition_robust,max_prompt_softmax,TS_F06,candidate_001_timber,0.15989871323108673,0.1248931810259819,0.04641749709844589
condition_robust,max_prompt_softmax,TS_F07,candidate_001_brick,0.11480652540922165,0.20828981697559357,0.03720013424754143
condition_robust,max_prompt_softmax,TS_F07,candidate_002_brick,0.03161019831895828,0.03804563358426094,0.23773783445358276
condition_robust,max_prompt_softmax,TS_F09,candidate_001_concrete_block,0.04311051964759827,0.3149760365486145,0.014418556354939938
condition_robust,max_prompt_softmax,TS_F09,candidate_002_concrete_block,0.010977939702570438,0.04640470817685127,0.4916428029537201
condition_robust,max_prompt_softmax,TS_F10,candidate_002_timber,0.0687292069196701,0.07214721292257309,0.10354598611593246
condition_robust,max_prompt_softmax,TS_F10,candidate_001_timber,0.11765537410974503,0.40069204568862915,0.03215819597244263
condition_robust,max_prompt_softmax,TS_F11,candidate_002_brick,0.12735214829444885,0.1165705993771553,0.13555066287517548
condition_robust,max_prompt_softmax,TS_F11,candidate_001_brick,0.06157194823026657,0.017634065821766853,0.19929498434066772
condition_robust,mean_embedding_class_softmax,old_1,candidate_001_brick,0.1862775683403015,0.7262252569198608,0.08749724924564362
condition_robust,mean_embedding_class_softmax,old_1,candidate_002_brick,0.1148025169968605,0.3573334813117981,0.5278639793395996
condition_robust,mean_embedding_class_softmax,old_2,candidate_002_timber,0.1132173240184784,0.24472881853580475,0.6420538425445557
condition_robust,mean_embedding_class_softmax,old_2,candidate_001_timber,0.13889862596988678,0.7913846969604492,0.06971671432256699
condition_robust,mean_embedding_class_softmax,old_3,candidate_001_brick,0.34458938241004944,0.4407978951931,0.21461272239685059
condition_robust,mean_embedding_class_softmax,old_3,candidate_002_brick,0.11134863644838333,0.8447889089584351,0.043862421065568924
condition_robust,mean_embedding_class_softmax,old_4,candidate_002_concrete_block,0.09442435204982758,0.8730863928794861,0.03248928114771843
condition_robust,mean_embedding_class_softmax,old_4,candidate_001_concrete_block,0.33059161901474,0.3018862009048462,0.36752215027809143
condition_robust,mean_embedding_class_softmax,old_5,candidate_001_timber,0.05736682936549187,0.1062387079000473,0.8363944292068481
condition_robust,mean_embedding_class_softmax,old_5,candidate_002_timber,0.177541121840477,0.721345841884613,0.10111299902200699
condition_robust,mean_embedding_class_softmax,old_6,candidate_001_concrete_block,0.1440756469964981,0.7804478406906128,0.07547652721405029
condition_robust,mean_embedding_class_softmax,old_6,candidate_002_concrete_block,0.07128874957561493,0.08801239728927612,0.8406988382339478
condition_robust,mean_embedding_class_softmax,old_7,candidate_001_brick,0.48987993597984314,0.4792754352092743,0.030844686552882195
condition_robust,mean_embedding_class_softmax,old_7,candidate_003_brick,0.13112406432628632,0.7444584965705872,0.12441742420196533
condition_robust,mean_embedding_class_softmax,old_7,candidate_002_brick,0.04481854289770126,0.12558624148368835,0.8295952081680298
condition_robust,mean_embedding_class_softmax,old_8,candidate_002_timber,0.10786090046167374,0.33037272095680237,0.5617664456367493
condition_robust,mean_embedding_class_softmax,old_8,candidate_003_timber,0.13016043603420258,0.7891833186149597,0.08065629750490189
condition_robust,mean_embedding_class_softmax,old_8,candidate_001_timber,0.5919053554534912,0.3871273696422577,0.02096720226109028
condition_robust,mean_embedding_class_softmax,old_9,candidate_002_concrete_block,0.1336103081703186,0.7992739677429199,0.06711573153734207
condition_robust,mean_embedding_class_softmax,old_9,candidate_003_concrete_block,0.09650739282369614,0.34574344754219055,0.5577491521835327
condition_robust,mean_embedding_class_softmax,old_9,candidate_001_concrete_block,0.512058436870575,0.44488492608070374,0.0430566668510437
condition_robust,mean_embedding_class_softmax,old_10,candidate_001_brick,0.7131380438804626,0.19933336973190308,0.08752857893705368
condition_robust,mean_embedding_class_softmax,old_10,candidate_002_brick,0.0908297449350357,0.10650310665369034,0.8026670813560486
condition_robust,mean_embedding_class_softmax,old_11,candidate_002_timber,0.01604663021862507,0.033502086997032166,0.9504513144493103
condition_robust,mean_embedding_class_softmax,old_11,candidate_001_timber,0.8230371475219727,0.13495580852031708,0.042006947100162506
condition_robust,mean_embedding_class_softmax,old_12,candidate_001_brick,0.6827605366706848,0.208824023604393,0.10841543972492218
condition_robust,mean_embedding_class_softmax,old_12,candidate_002_brick,0.15235258638858795,0.6425426602363586,0.2051047384738922
condition_robust,mean_embedding_class_softmax,old_13,candidate_001_concrete_block,0.17824780941009521,0.6442131996154785,0.17753900587558746
condition_robust,mean_embedding_class_softmax,old_13,candidate_002_concrete_block,0.671880304813385,0.20280680060386658,0.1253129541873932
condition_robust,mean_embedding_class_softmax,old_14,candidate_001_timber,0.028914839029312134,0.025205353274941444,0.9458798170089722
condition_robust,mean_embedding_class_softmax,old_14,candidate_002_timber,0.24641790986061096,0.6453259587287903,0.10825613886117935
condition_robust,mean_embedding_class_softmax,old_15,candidate_001_concrete_block,0.2819353938102722,0.6070374250411987,0.1110270768404007
condition_robust,mean_embedding_class_softmax,old_15,candidate_002_concrete_block,0.023097733035683632,0.018504267558455467,0.9583980441093445
condition_robust,mean_embedding_class_softmax,old_16,candidate_001_brick,0.556574821472168,0.34510961174964905,0.0983155220746994
condition_robust,mean_embedding_class_softmax,old_16,candidate_003_brick,0.24169263243675232,0.6672889590263367,0.09101846069097519
condition_robust,mean_embedding_class_softmax,old_16,candidate_002_brick,0.01714065484702587,0.02679346315562725,0.9560658931732178
condition_robust,mean_embedding_class_softmax,old_17,candidate_002_timber,0.04916085675358772,0.035518139600753784,0.9153210520744324
condition_robust,mean_embedding_class_softmax,old_17,candidate_003_timber,0.23445619642734528,0.6834242939949036,0.08211950212717056
condition_robust,mean_embedding_class_softmax,old_17,candidate_001_timber,0.565889298915863,0.32388126850128174,0.11022952198982239
condition_robust,mean_embedding_class_softmax,old_18,candidate_002_concrete_block,0.31664255261421204,0.598770022392273,0.08458740264177322
condition_robust,mean_embedding_class_softmax,old_18,candidate_003_concrete_block,0.5497727394104004,0.24469181895256042,0.2055353969335556
condition_robust,mean_embedding_class_softmax,old_18,candidate_001_concrete_block,0.04936886578798294,0.05653274431824684,0.8940984010696411
condition_robust,mean_embedding_class_softmax,old_19,candidate_001_brick,0.1662614643573761,0.793485701084137,0.04025285318493843
condition_robust,mean_embedding_class_softmax,old_19,candidate_002_brick,0.010461928322911263,0.007035350427031517,0.9825026988983154
condition_robust,mean_embedding_class_softmax,old_20,candidate_002_timber,0.005112673621624708,0.004255274776369333,0.9906320571899414
condition_robust,mean_embedding_class_softmax,old_20,candidate_001_timber,0.18819668889045715,0.7548694014549255,0.056933898478746414
condition_robust,mean_embedding_class_softmax,old_21,candidate_001_brick,0.2446645200252533,0.6543529629707336,0.10098245739936829
condition_robust,mean_embedding_class_softmax,old_21,candidate_002_brick,0.20549996197223663,0.428119033575058,0.36638104915618896
condition_robust,mean_embedding_class_softmax,old_22,candidate_002_concrete_block,0.14246819913387299,0.6297752857208252,0.22775650024414062
condition_robust,mean_embedding_class_softmax,old_22,candidate_001_concrete_block,0.19892124831676483,0.6424441337585449,0.15863467752933502
condition_robust,mean_embedding_class_softmax,old_23,candidate_001_timber,0.1237274780869484,0.10199951380491257,0.7742730379104614
condition_robust,mean_embedding_class_softmax,old_23,candidate_002_timber,0.23578660190105438,0.44298872351646423,0.3212246596813202
condition_robust,mean_embedding_class_softmax,old_24,candidate_002_concrete_block,0.20634323358535767,0.553895115852356,0.23976169526576996
condition_robust,mean_embedding_class_softmax,old_24,candidate_001_concrete_block,0.10870711505413055,0.09148820489645004,0.7998047471046448
condition_robust,mean_embedding_class_softmax,old_25,candidate_001_brick,0.16662625968456268,0.801749587059021,0.031624194234609604
condition_robust,mean_embedding_class_softmax,old_25,candidate_002_brick,0.17203335464000702,0.25119903683662415,0.57676762342453
condition_robust,mean_embedding_class_softmax,old_25,candidate_003_brick,0.28123876452445984,0.3598271906375885,0.35893404483795166
condition_robust,mean_embedding_class_softmax,old_26,candidate_002_timber,0.13708096742630005,0.1744692176580429,0.6884498000144958
condition_robust,mean_embedding_class_softmax,old_26,candidate_003_timber,0.25795260071754456,0.3818551003932953,0.36019235849380493
condition_robust,mean_embedding_class_softmax,old_26,candidate_001_timber,0.2227829098701477,0.7341365218162537,0.04308057576417923
condition_robust,mean_embedding_class_softmax,old_27,candidate_003_concrete_block,0.29455360770225525,0.3382527232170105,0.36719366908073425
condition_robust,mean_embedding_class_softmax,old_27,candidate_001_concrete_block,0.22912710905075073,0.7095120549201965,0.06136085465550423
condition_robust,mean_embedding_class_softmax,old_27,candidate_002_concrete_block,0.13401950895786285,0.20711944997310638,0.6588611006736755
condition_robust,mean_embedding_class_softmax,case_001_brick,candidate_002_brick,0.5914727449417114,0.3990640640258789,0.009463205933570862
condition_robust,mean_embedding_class_softmax,case_001_brick,candidate_001_brick,0.28196197748184204,0.5825924277305603,0.13544562458992004
condition_robust,mean_embedding_class_softmax,case_001_brick,candidate_003_brick,0.09583181142807007,0.8193557262420654,0.0848124548792839
condition_robust,mean_embedding_class_softmax,case_001_concrete_block,candidate_001_concrete_block,0.28196197748184204,0.5825924277305603,0.13544562458992004
condition_robust,mean_embedding_class_softmax,case_001_concrete_block,candidate_002_concrete_block,0.09583181142807007,0.8193557262420654,0.0848124548792839
condition_robust,mean_embedding_class_softmax,case_001_concrete_block,candidate_003_concrete_block,0.5914736390113831,0.3990631401538849,0.009463203139603138
condition_robust,mean_embedding_class_softmax,case_001_timber,candidate_003_timber,0.09583181142807007,0.8193557262420654,0.0848124548792839
condition_robust,mean_embedding_class_softmax,case_001_timber,candidate_001_timber,0.281962126493454,0.5825927257537842,0.13544517755508423
condition_robust,mean_embedding_class_softmax,case_001_timber,candidate_002_timber,0.5914727449417114,0.3990640640258789,0.009463205933570862
condition_robust,mean_embedding_class_softmax,case_002_brick,candidate_001_brick,0.4421651363372803,0.5511794090270996,0.006655528210103512
condition_robust,mean_embedding_class_softmax,case_002_brick,candidate_002_brick,0.1789071261882782,0.5713639259338379,0.2497289776802063
condition_robust,mean_embedding_class_softmax,case_002_brick,candidate_003_brick,0.012141207233071327,0.004604794085025787,0.9832540154457092
condition_robust,mean_embedding_class_softmax,case_002_concrete_block,candidate_001_concrete_block,0.4421651363372803,0.5511794090270996,0.006655528210103512
condition_robust,mean_embedding_class_softmax,case_002_concrete_block,candidate_002_concrete_block,0.1789071261882782,0.5713639259338379,0.2497289776802063
condition_robust,mean_embedding_class_softmax,case_002_concrete_block,candidate_003_concrete_block,0.012141207233071327,0.004604794085025787,0.9832540154457092
condition_robust,mean_embedding_class_softmax,case_002_timber,candidate_002_timber,0.012141251936554909,0.004604802466928959,0.9832538962364197
condition_robust,mean_embedding_class_softmax,case_002_timber,candidate_003_timber,0.17890715599060059,0.5713629126548767,0.2497299760580063
condition_robust,mean_embedding_class_softmax,case_002_timber,candidate_001_timber,0.4421651363372803,0.5511794090270996,0.006655528210103512
condition_robust,mean_embedding_class_softmax,case_003_brick,candidate_001_brick,0.5383891463279724,0.4390718936920166,0.022539006546139717
condition_robust,mean_embedding_class_softmax,case_003_concrete_block,candidate_001_concrete_block,0.5383891463279724,0.4390718936920166,0.022539006546139717
condition_robust,mean_embedding_class_softmax,case_003_concrete_block,candidate_002_concrete_block,0.14238443970680237,0.2964406907558441,0.5611749291419983
condition_robust,mean_embedding_class_softmax,case_003_timber,candidate_002_timber,0.14238443970680237,0.2964406907558441,0.5611749291419983
condition_robust,mean_embedding_class_softmax,case_003_timber,candidate_001_timber,0.5383891463279724,0.4390718936920166,0.022539006546139717
condition_robust,mean_embedding_class_softmax,case_004_brick,candidate_001_brick,0.8119133114814758,0.1494806855916977,0.03860598802566528
condition_robust,mean_embedding_class_softmax,case_004_concrete_block,candidate_001_concrete_block,0.04767569527029991,0.9237323999404907,0.028591874986886978
condition_robust,mean_embedding_class_softmax,case_004_concrete_block,candidate_003_concrete_block,0.10867089778184891,0.5639387965202332,0.32739028334617615
condition_robust,mean_embedding_class_softmax,case_004_concrete_block,candidate_002_concrete_block,0.811913251876831,0.1494806706905365,0.038606058806180954
condition_robust,mean_embedding_class_softmax,case_004_timber,candidate_002_timber,0.10867089778184891,0.5639387965202332,0.32739028334617615
condition_robust,mean_embedding_class_softmax,case_004_timber,candidate_001_timber,0.811913251876831,0.1494806706905365,0.038606058806180954
condition_robust,mean_embedding_class_softmax,case_005_brick,candidate_001_brick,0.6962918639183044,0.2037781924009323,0.09992995858192444
condition_robust,mean_embedding_class_softmax,case_005_brick,candidate_003_brick,0.3832630515098572,0.532103955745697,0.08463302254676819
condition_robust,mean_embedding_class_softmax,case_005_brick,candidate_002_brick,0.007273477967828512,0.013852640986442566,0.9788739085197449
condition_robust,mean_embedding_class_softmax,case_005_concrete_block,candidate_003_concrete_block,0.3832639455795288,0.5321031808853149,0.08463289588689804
condition_robust,mean_embedding_class_softmax,case_005_concrete_block,candidate_001_concrete_block,0.6962918639183044,0.2037781924009323,0.09992995858192444
condition_robust,mean_embedding_class_softmax,case_005_concrete_block,candidate_002_concrete_block,0.007273518946021795,0.01385269220918417,0.9788738489151001
condition_robust,mean_embedding_class_softmax,case_005_timber,candidate_002_timber,0.007273518946021795,0.01385269220918417,0.9788738489151001
condition_robust,mean_embedding_class_softmax,case_005_timber,candidate_003_timber,0.3832630515098572,0.532103955745697,0.08463302254676819
condition_robust,mean_embedding_class_softmax,case_005_timber,candidate_001_timber,0.6962918639183044,0.2037781924009323,0.09992995858192444
condition_robust,mean_embedding_class_softmax,case_006_brick,candidate_001_brick,0.5966436266899109,0.3890610337257385,0.014295398257672787
condition_robust,mean_embedding_class_softmax,case_006_brick,candidate_002_brick,0.32424354553222656,0.1568363904953003,0.5189200043678284
condition_robust,mean_embedding_class_softmax,case_006_concrete_block,candidate_002_concrete_block,0.21687176823616028,0.6056006550788879,0.17752760648727417
condition_robust,mean_embedding_class_softmax,case_006_concrete_block,candidate_001_concrete_block,0.5966436266899109,0.3890610337257385,0.014295398257672787
condition_robust,mean_embedding_class_softmax,case_006_concrete_block,candidate_003_concrete_block,0.32424396276474,0.15683630108833313,0.5189197063446045
condition_robust,mean_embedding_class_softmax,case_006_timber,candidate_003_timber,0.32424396276474,0.15683630108833313,0.5189197063446045
condition_robust,mean_embedding_class_softmax,case_006_timber,candidate_002_timber,0.21687133610248566,0.6056017875671387,0.17752693593502045
condition_robust,mean_embedding_class_softmax,case_006_timber,candidate_001_timber,0.5966436266899109,0.3890610337257385,0.014295398257672787
condition_robust,mean_embedding_class_softmax,case_007_brick,candidate_001_brick,0.7773467898368835,0.16181246936321259,0.06084077060222626
condition_robust,mean_embedding_class_softmax,case_007_concrete_block,candidate_001_concrete_block,0.35437700152397156,0.6412680149078369,0.0043549928814172745
condition_robust,mean_embedding_class_softmax,case_007_concrete_block,candidate_003_concrete_block,0.7621052265167236,0.1466023027896881,0.09129241853952408
condition_robust,mean_embedding_class_softmax,case_007_concrete_block,candidate_002_concrete_block,0.1094750240445137,0.03703737631440163,0.8534876108169556
condition_robust,mean_embedding_class_softmax,case_007_timber,candidate_001_timber,0.10943151265382767,0.03516169264912605,0.8554067611694336
condition_robust,mean_embedding_class_softmax,case_007_timber,candidate_003_timber,0.767119288444519,0.12924636900424957,0.103634312748909
condition_robust,mean_embedding_class_softmax,case_007_timber,candidate_002_timber,0.3504779040813446,0.6451219916343689,0.004400108940899372
condition_robust,mean_embedding_class_softmax,case_008_brick,candidate_001_brick,0.5630964040756226,0.3472638428211212,0.08963973820209503
condition_robust,mean_embedding_class_softmax,case_008_brick,candidate_002_brick,0.32779237627983093,0.594344973564148,0.07786271721124649
condition_robust,mean_embedding_class_softmax,case_008_brick,candidate_003_brick,0.16463546454906464,0.0789724811911583,0.7563920617103577
condition_robust,mean_embedding_class_softmax,case_008_concrete_block,candidate_003_concrete_block,0.32779237627983093,0.594344973564148,0.07786271721124649
condition_robust,mean_embedding_class_softmax,case_008_concrete_block,candidate_001_concrete_block,0.5630964040756226,0.3472638428211212,0.08963973820209503
condition_robust,mean_embedding_class_softmax,case_008_concrete_block,candidate_002_concrete_block,0.16463600099086761,0.07897242903709412,0.7563915848731995
condition_robust,mean_embedding_class_softmax,case_008_timber,candidate_002_timber,0.16174528002738953,0.07765080034732819,0.7606039047241211
condition_robust,mean_embedding_class_softmax,case_008_timber,candidate_003_timber,0.3340407907962799,0.5859311819076538,0.08002801239490509
condition_robust,mean_embedding_class_softmax,case_008_timber,candidate_001_timber,0.5630964040756226,0.3472638428211212,0.08963973820209503
condition_robust,mean_embedding_class_softmax,case_009_brick,candidate_001_brick,0.27248281240463257,0.7174011468887329,0.010116041637957096
condition_robust,mean_embedding_class_softmax,case_009_brick,candidate_002_brick,0.16800010204315186,0.4504576623439789,0.3815423250198364
condition_robust,mean_embedding_class_softmax,case_009_concrete_block,candidate_001_concrete_block,0.2724820673465729,0.7174018621444702,0.010116012766957283
condition_robust,mean_embedding_class_softmax,case_009_concrete_block,candidate_003_concrete_block,0.16800010204315186,0.4504576623439789,0.3815423250198364
condition_robust,mean_embedding_class_softmax,case_009_concrete_block,candidate_002_concrete_block,0.0022709560580551624,0.003553733229637146,0.994175374507904
condition_robust,mean_embedding_class_softmax,case_009_timber,candidate_002_timber,0.002354461932554841,0.0037266022991389036,0.9939188957214355
condition_robust,mean_embedding_class_softmax,case_009_timber,candidate_001_timber,0.27248281240463257,0.7174011468887329,0.010116041637957096
condition_robust,mean_embedding_class_softmax,case_010_brick,candidate_001_brick,0.2809300422668457,0.6316960453987122,0.0873740091919899
condition_robust,mean_embedding_class_softmax,case_010_brick,candidate_002_brick,0.2681284546852112,0.30950936675071716,0.42236223816871643
condition_robust,mean_embedding_class_softmax,case_010_brick,candidate_003_brick,0.06752953678369522,0.8643789291381836,0.06809163838624954
condition_robust,mean_embedding_class_softmax,case_010_concrete_block,candidate_002_concrete_block,0.2809291481971741,0.6316964626312256,0.08737439662218094
condition_robust,mean_embedding_class_softmax,case_010_concrete_block,candidate_001_concrete_block,0.06752931326627731,0.864379346370697,0.06809128820896149
condition_robust,mean_embedding_class_softmax,case_010_timber,candidate_003_timber,0.2681284546852112,0.30950936675071716,0.42236223816871643
condition_robust,mean_embedding_class_softmax,case_010_timber,candidate_001_timber,0.06752931326627731,0.864379346370697,0.06809128820896149
condition_robust,mean_embedding_class_softmax,case_010_timber,candidate_002_timber,0.2809300422668457,0.6316960453987122,0.0873740091919899
condition_robust,mean_embedding_class_softmax,case_011_brick,candidate_002_brick,0.6990722417831421,0.2065110057592392,0.0944167897105217
condition_robust,mean_embedding_class_softmax,case_011_brick,candidate_001_brick,0.16962787508964539,0.6746330261230469,0.1557391732931137
condition_robust,mean_embedding_class_softmax,case_011_brick,candidate_003_brick,0.03107122890651226,0.014887027442455292,0.9540417790412903
condition_robust,mean_embedding_class_softmax,case_011_concrete_block,candidate_001_concrete_block,0.16962818801403046,0.6746330261230469,0.15573887526988983
condition_robust,mean_embedding_class_softmax,case_011_concrete_block,candidate_002_concrete_block,0.031071286648511887,0.014887054450809956,0.9540416598320007
condition_robust,mean_embedding_class_softmax,case_011_timber,candidate_001_timber,0.031071286648511887,0.014887054450809956,0.9540416598320007
condition_robust,mean_embedding_class_softmax,case_011_timber,candidate_002_timber,0.16962787508964539,0.6746330261230469,0.1557391732931137
condition_robust,mean_embedding_class_softmax,case_011_timber,candidate_003_timber,0.6961520314216614,0.20054225623607635,0.10330574959516525
condition_robust,mean_embedding_class_softmax,case_012_brick,candidate_001_brick,0.8432384729385376,0.12180576473474503,0.03495575860142708
condition_robust,mean_embedding_class_softmax,case_012_brick,candidate_002_brick,0.11626702547073364,0.5693967342376709,0.31433621048927307
condition_robust,mean_embedding_class_softmax,case_012_concrete_block,candidate_002_concrete_block,0.11626652628183365,0.569397509098053,0.31433603167533875
condition_robust,mean_embedding_class_softmax,case_012_concrete_block,candidate_001_concrete_block,0.8432385325431824,0.12180554866790771,0.03495583310723305
condition_robust,mean_embedding_class_softmax,case_012_timber,candidate_002_timber,0.06941406428813934,0.07553935050964355,0.8550465703010559
condition_robust,mean_embedding_class_softmax,case_012_timber,candidate_003_timber,0.11626702547073364,0.5693967342376709,0.31433621048927307
condition_robust,mean_embedding_class_softmax,case_012_timber,candidate_001_timber,0.8432384729385376,0.12180576473474503,0.03495575860142708
condition_robust,mean_embedding_class_softmax,TS_F01,candidate_001_concrete_block,0.1862775683403015,0.7262252569198608,0.08749724924564362
condition_robust,mean_embedding_class_softmax,TS_F01,candidate_002_concrete_block,0.1148025169968605,0.3573334813117981,0.5278639793395996
condition_robust,mean_embedding_class_softmax,TS_F02,candidate_001_timber,0.34458938241004944,0.4407978951931,0.21461272239685059
condition_robust,mean_embedding_class_softmax,TS_F02,candidate_002_timber,0.11134882271289825,0.844788670539856,0.04386249557137489
condition_robust,mean_embedding_class_softmax,TS_F03,candidate_002_brick,0.05736691877245903,0.10623889416456223,0.836394190788269
condition_robust,mean_embedding_class_softmax,TS_F03,candidate_001_brick,0.177541121840477,0.721345841884613,0.10111299902200699
condition_robust,mean_embedding_class_softmax,TS_F05,candidate_001_concrete_block,0.7131380438804626,0.19933336973190308,0.08752857893705368
condition_robust,mean_embedding_class_softmax,TS_F05,candidate_002_concrete_block,0.09082993119955063,0.10650292038917542,0.8026672005653381
condition_robust,mean_embedding_class_softmax,TS_F06,candidate_002_timber,0.15235258638858795,0.6425426602363586,0.2051047384738922
condition_robust,mean_embedding_class_softmax,TS_F06,candidate_001_timber,0.6827605366706848,0.208824023604393,0.10841543972492218
condition_robust,mean_embedding_class_softmax,TS_F07,candidate_001_brick,0.24641720950603485,0.645326554775238,0.10825624316930771
condition_robust,mean_embedding_class_softmax,TS_F07,candidate_002_brick,0.02891494706273079,0.025205396115779877,0.9458796977996826
condition_robust,mean_embedding_class_softmax,TS_F09,candidate_001_concrete_block,0.1662617176771164,0.7934853434562683,0.040252912789583206
condition_robust,mean_embedding_class_softmax,TS_F09,candidate_002_concrete_block,0.010461928322911263,0.007035363931208849,0.9825026988983154
condition_robust,mean_embedding_class_softmax,TS_F10,candidate_002_timber,0.20549966394901276,0.42811840772628784,0.3663819134235382
condition_robust,mean_embedding_class_softmax,TS_F10,candidate_001_timber,0.2446642369031906,0.6543534398078918,0.10098234564065933
condition_robust,mean_embedding_class_softmax,TS_F11,candidate_002_brick,0.23578660190105438,0.44298872351646423,0.3212246596813202
condition_robust,mean_embedding_class_softmax,TS_F11,candidate_001_brick,0.1237274780869484,0.10199951380491257,0.7742730379104614
