source_table,source_row,session_id,cycle_index,specimen_id,material,condition_label,repeat_index,axis_mode,timestamp_start,timestamp_end,pipeline_session_path,pipeline_success,failure_reason,selected_object_class,selected_candidate_id,selected_anchor_id,qwen_selected_anchor,anchor_score,anchor_backend,mask_path_length_mm,depth_path_length_mm,upv_path_length_mm,clamp_opening_mm,depth_valid,depth_mask_disagreement_percent,robot_moved,motion_success,clamp_moved,arduino_available,clamp_attempted,clamp_success,clamp_failure_reason,release_attempted,release_success,home_returned,home_success,home_success_after_execution,execution_success,total_pipeline_timing_ms,target_selection_timing_ms,geometry_timing_ms,anchor_selection_timing_ms,path_length_timing_ms,robot_plan_timing_ms,execution_timing_ms,approach_final_target_pose,approach_final_actual_before,approach_final_actual_after,home_target_pose,final_robot_pose_if_available,tcp_position_error_mm,tcp_orientation_error_deg,time_of_flight_us,manual_width_mm,signal_quality,operator_note,photo_path,upv_device_reading_id,computed_velocity_m_s,valid_signal,failed_signal,velocity_error_vs_depth_percent,width_error_depth_vs_manual_mm,width_error_depth_vs_manual_percent,cycle_dir,reading_index,requested_material,anchor_count_generated,anchor_count_metadata,stage_names,stage_success_flags,reading_dir,attempt_count,precheck_attempts,pre_capture_ready_for_capture,ur_rtde_available,arduino_available_pre_capture,pre_capture_home_success,precheck_attempt_count,reading_source,imported_from_session,source_specimen_id,source_reading_index,target_specimen_id,target_reading_index,skipped_robot_execution_due_to_import
outputs/v2_experiments/e45_robot_upv_repeatability/session_20260527_164956/02_tables/e45_all_cycles_master.csv,2,session_20260527_164956,1,brick_01,brick,proposed_contact_usable,1,major,2026-05-27T16:49:56-04:00,2026-05-27T16:52:52-04:00,outputs/v2_experiments/e45_robot_upv_repeatability/session_20260527_164956/01_cycles/cycle_001/pipeline_full_session,True,,brick,candidate_001_brick,A3,A3,94.235,v2a_qwen32_single_anchor_contact_scoring,94.49650407261434,94.60286163671736,94.60286163671736,99.60286163671736,True,0.11255185061797887,True,True,True,True,True,True,,True,True,True,True,True,True,115217.344,9424.565,224.6,39579.349,871.227,6.982,62780.694,"[-0.007563391635850231, -0.37126438161465747, 0.17067820050942145, -0.7911556527197705, -3.0399926215158, -0.00021328148636359177]","[-0.007580672399100907, -0.371270676842385, 0.2007261781538931, -0.7911544053625514, -3.0399641163455025, -7.511728402563567e-05]","[-0.007567982835147384, -0.3712796995448633, 0.17070194971942204, -0.7911530651867209, -3.039941213191325, -0.00010883236721288219]","[-0.04451708887209529, -0.30996360185460287, 0.44493861019776015, 1.6641551719613543e-05, -3.1411789271540913, -8.944466236178852e-05]","[-0.044476873630312296, -0.3099534232565086, 0.444925406635969, 2.5868533253577807e-05, -3.1411957727256374, -0.0001607445449819173]",0.028631,0.006672,,96.3,stable,time of flight forgot to record,,,,False,True,,-1.6971383632826331,-1.762345133211457,outputs/v2_experiments/e45_robot_upv_repeatability/session_20260527_164956/01_cycles/cycle_001,,,,,,,,,,,,,,,,,,,,,
outputs/v2_experiments/e45_robot_upv_repeatability/session_20260527_164956/02_tables/e45_all_cycles_master.csv,3,session_20260527_164956,2,brick_01,brick,proposed_contact_usable,2,major,2026-05-27T16:52:53-04:00,2026-05-27T16:55:46-04:00,outputs/v2_experiments/e45_robot_upv_repeatability/session_20260527_164956/01_cycles/cycle_002/pipeline_full_session,True,,brick,candidate_001_brick,A3,A3,94.366,v2a_qwen32_single_anchor_contact_scoring,94.84657646479563,94.94438424972626,94.94438424972626,99.94438424972626,True,0.10312210369229997,True,True,True,True,True,True,,True,True,True,True,True,True,106165.015,8745.953,237.186,30873.314,881.324,6.543,63269.653,"[-0.007082132525359559, -0.3717124579832958, 0.17065577981577845, -0.7784724027190109, -3.043256775102037, -0.00026989212146175535]","[-0.007067865679347009, -0.37170850353895507, 0.20065363216958818, -0.7783969193923121, -3.043273930076859, -0.0003392988245637494]","[-0.007105630471464084, -0.37173137476815893, 0.1706968093139693, -0.7785680166315042, -3.043218045187739, -8.125013894583919e-05]","[-0.04451708887209529, -0.30996360185460287, 0.44493861019776015, 1.6641551719613543e-05, -3.1411789271540913, -8.944466236178852e-05]","[-0.04446637672561123, -0.3099687121838327, 0.44490811883323717, 3.8352090815305296e-05, -3.141250782852892, -0.000223940874743259]",0.050926,0.012319,,95.9,stable,tof forgot to enter similarly like 1st reading but saved in pl 200,,,,False,True,,-0.9556157502737506,-0.996471063893379,outputs/v2_experiments/e45_robot_upv_repeatability/session_20260527_164956/01_cycles/cycle_002,,,,,,,,,,,,,,,,,,,,,
outputs/v2_experiments/e45_robot_upv_repeatability/session_20260527_164956/02_tables/e45_all_cycles_master.csv,4,session_20260527_164956,3,brick_01,brick,proposed_contact_usable,3,major,2026-05-27T16:55:47-04:00,2026-05-27T16:57:57-04:00,outputs/v2_experiments/e45_robot_upv_repeatability/session_20260527_164956/01_cycles/cycle_003/pipeline_full_session,True,,brick,candidate_001_brick,A1,A1,63.301,v2a_qwen32_single_anchor_contact_scoring,95.89662434505222,94.85123557982043,94.85123557982043,99.85123557982043,True,1.0901205046283033,True,True,True,True,True,True,,True,True,True,True,True,True,106788.957,8683.343,235.279,30138.097,888.849,7.244,64785.58,"[-0.039144835623604816, -0.4294760637102528, 0.17231396583648795, -0.7657014807016015, -3.046432333006669, -0.00023180652255843292]","[-0.03913680464529519, -0.4294872680767815, 0.2023620474576095, -0.7656384051545538, -3.0464609349039677, -8.68035458477918e-05]","[-0.039145310652942085, -0.42946884110725037, 0.17233433617012323, -0.7657301030630687, -3.046402552137219, -0.000229300742860016]","[-0.04451708887209529, -0.30996360185460287, 0.44493861019776015, 1.6641551719613543e-05, -3.1411789271540913, -8.944466236178852e-05]","[-0.044453025605216655, -0.3099588874762673, 0.4449147503583953, 0.00012816117104539156, -3.141247022457112, -0.00025102536825374135]",0.021618,0.002371,43.6,96.3,,,,,2208.7155963302753,False,False,1.5274070088000036,-1.4487644201795717,-1.5044282660224007,outputs/v2_experiments/e45_robot_upv_repeatability/session_20260527_164956/01_cycles/cycle_003,,,,,,,,,,,,,,,,,,,,,
outputs/v2_experiments/e45_robot_upv_repeatability/session_20260527_164956/02_tables/e45_all_cycles_master.csv,5,session_20260527_164956,4,brick_01,brick,proposed_contact_usable,4,major,2026-05-27T16:57:58-04:00,2026-05-27T17:00:31-04:00,outputs/v2_experiments/e45_robot_upv_repeatability/session_20260527_164956/01_cycles/cycle_004/pipeline_full_session,True,,brick,candidate_001_brick,A3,A3,94.249,v2a_qwen32_single_anchor_contact_scoring,94.4966736253621,94.58618876491609,94.58618876491609,99.58618876491609,True,0.09472834981352843,True,True,True,True,True,True,,True,True,True,True,True,True,103408.312,8595.2,222.014,28266.416,868.368,6.584,62881.376,"[-0.006822800864250593, -0.37197373033232717, 0.17065221133125746, -0.7657117160509419, -3.046473452414362, -0.0002685717129013889]","[-0.006818545959612099, -0.3719844965766429, 0.2006946970813957, -0.7656953087391781, -3.046493734141997, -0.0001703421462784193]","[-0.00683213311346374, -0.371978958083595, 0.17068728374988779, -0.7657215321718001, -3.0464562328356384, -0.00013756919851641084]","[-0.04451708887209529, -0.30996360185460287, 0.44493861019776015, 1.6641551719613543e-05, -3.1411789271540913, -8.944466236178852e-05]","[-0.04448578245343693, -0.30995964765946477, 0.444905145121908, 6.393270459522368e-05, -3.1412066771122085, -0.0003152039634451888]",0.036667,0.007591,,95.7,,data saved in pl200,,,,False,True,,-1.113811235083915,-1.1638570899518443,outputs/v2_experiments/e45_robot_upv_repeatability/session_20260527_164956/01_cycles/cycle_004,,,,,,,,,,,,,,,,,,,,,
outputs/v2_experiments/e45_robot_upv_repeatability/session_20260527_164956/02_tables/e45_all_cycles_master.csv,6,session_20260527_164956,5,brick_01,brick,proposed_contact_usable,5,major,2026-05-27T17:00:31-04:00,2026-05-27T17:02:32-04:00,outputs/v2_experiments/e45_robot_upv_repeatability/session_20260527_164956/01_cycles/cycle_005/pipeline_full_session,True,,brick,candidate_001_brick,A3,A3,94.092,v2a_qwen32_single_anchor_contact_scoring,94.14673032191493,94.23240479902297,94.23240479902297,99.23240479902297,True,0.09100101173465827,True,True,True,True,True,True,,True,True,True,True,True,True,105803.588,8860.231,223.162,30126.244,864.195,6.779,63190.326,"[-0.0064694168821823675, -0.37218905797206453, 0.1706485048449306, -0.7589205447947229, -3.048143681704857, -0.0002876870823920082]","[-0.006470474972506529, -0.37220568341083454, 0.2006899930700486, -0.7588948467164806, -3.0481535870158036, -0.00017992205535202922]","[-0.00646253217559311, -0.37218876011609026, 0.17067560580169494, -0.7589173297426018, -3.048129754762569, -0.00022997417852768786]","[-0.04451708887209529, -0.30996360185460287, 0.44493861019776015, 1.6641551719613543e-05, -3.1411789271540913, -8.944466236178852e-05]","[-0.04448067855302432, -0.3099654748348829, 0.4449014639260579, 3.809932722967357e-05, -3.1412655164239176, -0.000294172319494]",0.027963,0.003407,48.1,95.7,,,,,1989.6049896049897,False,False,1.5574209361493985,-1.46759520097703,-1.533537305096165,outputs/v2_experiments/e45_robot_upv_repeatability/session_20260527_164956/01_cycles/cycle_005,,,,,,,,,,,,,,,,,,,,,
outputs/v2_experiments/e45_robot_upv_repeatability/session_20260527_171611/02_tables/e45_all_cycles_master.csv,2,session_20260527_171611,1,brick_01,brick,proposed_contact_usable,1,major,2026-05-27T17:16:11-04:00,2026-05-27T17:18:18-04:00,outputs/v2_experiments/e45_robot_upv_repeatability/session_20260527_171611/01_cycles/cycle_001/pipeline_full_session,True,,brick,candidate_001_brick,A2,A2,79.081,v2a_qwen32_single_anchor_contact_scoring,94.20062983275557,93.79784475987842,93.79784475987842,98.79784475987842,True,0.4275821441876328,True,True,True,True,True,True,,True,True,True,True,True,True,102392.114,8571.586,220.454,26678.652,874.266,6.757,63497.702,"[-0.022226779380813973, -0.40145658191600914, 0.17195135925685662, -0.7372890530959318, -3.0534531816213146, -0.00030992940109570745]","[-0.022253382795343394, -0.40145869593693495, 0.2019619861310548, -0.7374588064133906, -3.0534681400871966, -0.0003195191839465441]","[-0.0222440735720968, -0.4014620651341981, 0.17199478479131125, -0.7373911689305443, -3.053390208399641, -0.0001713628325300131]","[-0.04451708887209529, -0.30996360185460287, 0.44493861019776015, 1.6641551719613543e-05, -3.1411789271540913, -8.944466236178852e-05]","[-0.04447730670219956, -0.3099687878189422, 0.44490369369296046, 9.543823935981379e-05, -3.1412215627663547, -0.00029241109448134036]",0.047063,0.010502,,96.2,,,,,,False,True,,-2.402155240121587,-2.4970428691492588,outputs/v2_experiments/e45_robot_upv_repeatability/session_20260527_171611/01_cycles/cycle_001,,,,,,,,,,,,,,,,,,,,,
outputs/v2_experiments/e45_robot_upv_repeatability/session_20260527_211019/02_tables/e45_all_cycles_master.csv,2,session_20260527_211019,1,brick_01,brick,proposed_contact_usable,1,major,2026-05-27T21:10:19-04:00,2026-05-27T21:12:33-04:00,outputs/v2_experiments/e45_robot_upv_repeatability/session_20260527_211019/01_cycles/cycle_001/pipeline_full_session,True,,brick,candidate_001_brick,A3,A3,86.357,v2a_qwen32_single_anchor_contact_scoring,100.65992158545608,100.61623861524147,100.61623861524147,105.61623861524147,True,0.043396586771150214,True,True,True,True,True,True,,True,True,True,True,True,True,97981.007,9047.634,233.815,24695.159,894.766,6.701,57399.493,"[-0.04444781528917583, -0.36989083141466156, 0.17863815336283848, 0.00011043060549281933, -3.1412314781927115, -0.00015593755464187633]","[-0.04444447983880242, -0.36990913915488577, 0.20869903267963927, 0.00022413493856018876, -3.1411556726252337, 1.1523734634622081e-05]","[-0.04444434983348186, -0.369891215500197, 0.17865850800536337, 0.0001486287650195011, -3.141197545364226, -0.0001492682150555082]","[-0.04451708887209529, -0.30996360185460287, 0.44493861019776015, 1.6641551719613543e-05, -3.1411789271540913, -8.944466236178852e-05]","[-0.04446558753599661, -0.3099603653315721, 0.44492814463177155, 0.00016417324564040785, -3.141199392536448, -0.00011053258919431747]",0.020651,0.002952,43.9,102,,,,,2323.4624145785874,False,False,1.3752863392658294,-1.3837613847585288,-1.356628808586793,outputs/v2_experiments/e45_robot_upv_repeatability/session_20260527_211019/01_cycles/cycle_001,,,,,,,,,,,,,,,,,,,,,
outputs/v2_experiments/e45_robot_upv_repeatability/session_20260527_211019/02_tables/e45_all_cycles_master.csv,3,session_20260527_211019,2,brick_01,brick,proposed_contact_usable,2,major,2026-05-27T21:12:34-04:00,2026-05-27T21:14:17-04:00,outputs/v2_experiments/e45_robot_upv_repeatability/session_20260527_211019/01_cycles/cycle_002/pipeline_full_session,True,,brick,candidate_001_brick,A2,A2,72.474,v2a_qwen32_single_anchor_contact_scoring,100.31872375619064,99.84266829348117,99.84266829348117,104.84266829348117,True,0.47454298149411067,True,True,True,True,True,True,,True,True,True,True,True,True,94509.282,8538.004,229.747,23263.319,884.038,6.57,59197.195,"[-0.04694488380590484, -0.40378290959786234, 0.17885268834782317, -1.614986762390568e-05, -3.1411509230661068, -0.0001471492429874473]","[-0.04696781293297105, -0.4038009351349574, 0.20890128466943392, -4.3173110210919765e-05, -3.141099086214717, 6.6483002680811916e-06]","[-0.046948369038020896, -0.4037740488330327, 0.17887122729076277, -1.988250116079752e-05, -3.141130539569131, -0.00016396087725251637]","[-0.04451708887209529, -0.30996360185460287, 0.44493861019776015, 1.6641551719613543e-05, -3.1411789271540913, -8.944466236178852e-05]","[-0.04444545212385352, -0.3099504083781838, 0.444931073579687, 0.0001462434018940399, -3.141214466125277, -0.0001470587409121496]",0.020841,0.001529,,,,,,,,False,True,,,,outputs/v2_experiments/e45_robot_upv_repeatability/session_20260527_211019/01_cycles/cycle_002,,,,,,,,,,,,,,,,,,,,,
outputs/v2_experiments/e45_robot_upv_repeatability/session_20260527_211019/02_tables/e45_all_cycles_master.csv,4,session_20260527_211019,3,brick_01,brick,proposed_contact_usable,3,major,2026-05-27T21:14:17-04:00,2026-05-27T21:15:58-04:00,outputs/v2_experiments/e45_robot_upv_repeatability/session_20260527_211019/01_cycles/cycle_003/pipeline_full_session,True,,brick,candidate_001_brick,A3,A3,86.291,v2a_qwen32_single_anchor_contact_scoring,100.31872232366906,100.96385880163479,100.96385880163479,105.96385880163479,True,0.6430868167202609,True,True,True,True,True,True,,True,True,True,True,True,True,96605.865,8598.941,228.094,26123.783,881.2,6.667,57361.961,"[-0.04397406450193322, -0.37001176419675214, 0.17864916565482158, 9.750160549015078e-05, -3.1411803866556363, -7.908334933411434e-05]","[-0.04398521701054439, -0.3700215874052484, 0.20870700595755007, 0.00011201022761078564, -3.141147502674795, 0.00010555216322026771]","[-0.043948215375755086, -0.3699988331089307, 0.178654701463747, 0.00011927384552259608, -3.14120124743151, -0.00016266249768315033]","[-0.04451708887209529, -0.30996360185460287, 0.44493861019776015, 1.6641551719613543e-05, -3.1411789271540913, -8.944466236178852e-05]","[-0.04448891410949972, -0.30995868197999277, 0.4449214801814738, 0.00014618994793464099, -3.141192787453638, -0.00016320463059357065]",0.029428,0.005091,,,,,,,,False,True,,,,outputs/v2_experiments/e45_robot_upv_repeatability/session_20260527_211019/01_cycles/cycle_003,,,,,,,,,,,,,,,,,,,,,
outputs/v2_experiments/e45_robot_upv_repeatability/session_20260527_211019/02_tables/e45_all_cycles_master.csv,5,session_20260527_211019,4,brick_01,brick,proposed_contact_usable,4,major,2026-05-27T21:15:59-04:00,2026-05-27T21:17:58-04:00,outputs/v2_experiments/e45_robot_upv_repeatability/session_20260527_211019/01_cycles/cycle_004/pipeline_full_session,True,,brick,candidate_001_brick,A2,A2,72.406,v2a_qwen32_single_anchor_contact_scoring,100.31872704350792,99.94420644626524,99.94420644626524,104.94420644626524,True,0.3733306913675753,True,True,True,True,True,True,,True,True,True,True,True,True,97387.626,8833.239,234.643,26079.5,887.366,6.681,59258.606,"[-0.0459915700684676, -0.40413408769859044, 0.178840221063101, 2.786654173780593e-05, -3.14119252369623, -9.607370102408702e-05]","[-0.04600919791047061, -0.4041405194540181, 0.20888903245409807, -8.716724540758045e-05, -3.1411341336055583, 9.051536651001405e-06]","[-0.04599575934478393, -0.404147394406383, 0.17887732044867855, -3.991111817749669e-05, -3.141135243807958, 5.6744291576942974e-05]","[-0.04451708887209529, -0.30996360185460287, 0.44493861019776015, 1.6641551719613543e-05, -3.1411789271540913, -8.944466236178852e-05]","[-0.044467261023608574, -0.3099613339826543, 0.444909318607077, 0.00024825989519595146, -3.1412139558994183, -0.00028487856598563365]",0.039636,0.010125,,,,,,,,False,True,,,,outputs/v2_experiments/e45_robot_upv_repeatability/session_20260527_211019/01_cycles/cycle_004,,,,,,,,,,,,,,,,,,,,,
outputs/v2_experiments/e45_robot_upv_repeatability/session_20260527_211019/02_tables/e45_all_cycles_master.csv,6,session_20260527_211019,5,brick_01,brick,proposed_contact_usable,5,major,2026-05-27T21:17:59-04:00,2026-05-27T21:19:44-04:00,outputs/v2_experiments/e45_robot_upv_repeatability/session_20260527_211019/01_cycles/cycle_005/pipeline_full_session,True,,brick,candidate_001_brick,A2,A2,72.598,v2a_qwen32_single_anchor_contact_scoring,100.65995503463361,100.18434540976325,100.18434540976325,105.18434540976325,True,0.47249139412660945,True,True,True,True,True,True,,True,True,True,True,True,True,98351.22,8694.372,235.708,27025.379,881.301,6.584,59196.989,"[-0.04584556909915526, -0.40418983112454576, 0.17884945322195664, -1.076325495953187e-05, -3.141213819753349, -9.164592627851943e-05]","[-0.04584628580357248, -0.4041932603421973, 0.20888961215050117, 6.575595166136154e-06, -3.141190009903813, 1.623249550772291e-05]","[-0.04585410683097029, -0.4041976485916391, 0.17888508019886773, -8.864347428407023e-06, -3.1412021678619926, 1.0817434509301974e-05]","[-0.04451708887209529, -0.30996360185460287, 0.44493861019776015, 1.6641551719613543e-05, -3.1411789271540913, -8.944466236178852e-05]","[-0.044465417766563334, -0.3099636332822479, 0.44491301562563795, 0.00011333135917172725, -3.1412286984552225, -0.00019337454257909955]",0.03746,0.00591,,,,,,,,False,True,,,,outputs/v2_experiments/e45_robot_upv_repeatability/session_20260527_211019/01_cycles/cycle_005,,,,,,,,,,,,,,,,,,,,,
outputs/v2_experiments/e45_robot_upv_repeatability/session_20260528_004926/02_tables/e45_all_cycles_master.csv,2,session_20260528_004926,1,brick_01,brick,proposed_contact_usable,1,major,2026-05-28T00:49:26-04:00,2026-05-28T00:51:22-04:00,outputs/v2_experiments/e45_robot_upv_repeatability/session_20260528_004926/01_cycles/cycle_001/pipeline_full_session,True,,brick,candidate_001_brick,A2,A2,72.461,v2a_qwen32_single_anchor_contact_scoring,100.31874885270898,99.84128557529831,99.84128557529831,104.84128557529831,True,0.47594620434480256,True,True,True,True,True,True,,True,True,True,True,True,True,96480.639,8403.697,222.903,25833.246,842.381,7.108,58862.181,"[-0.04628338985223691, -0.40382266233159075, 0.17884605934945005, 8.940829908640359e-06, -3.1411678025733427, -0.00012977943652092553]","[-0.04628863631928111, -0.40382881365064033, 0.20888185186524422, 6.0889369714581784e-05, -3.1410991243950344, -1.952340408214371e-05]","[-0.046297350041771726, -0.40382324187538515, 0.1788909702611956, -7.576262932133639e-05, -3.141092835790445, 2.2622415368330732e-05]","[-0.04451708887209529, -0.30996360185460287, 0.44493861019776015, 1.6641551719613543e-05, -3.1411789271540913, -8.944466236178852e-05]","[-0.044490105786245224, -0.3099780581161918, 0.4448857044556938, 2.6102206431988367e-05, -3.1412879330354335, -0.00038337779406222137]",0.047034,0.010874,,102.5,,,,,,False,True,,-2.658714424701685,-2.593867731416278,outputs/v2_experiments/e45_robot_upv_repeatability/session_20260528_004926/01_cycles/cycle_001,,,,,,,,,,,,,,,,,,,,,
outputs/v2_experiments/e45_robot_upv_repeatability/session_20260528_004926/02_tables/e45_all_cycles_master.csv,3,session_20260528_004926,2,brick_01,brick,proposed_contact_usable,2,major,2026-05-28T00:51:23-04:00,2026-05-28T00:55:08-04:00,outputs/v2_experiments/e45_robot_upv_repeatability/session_20260528_004926/01_cycles/cycle_002/pipeline_full_session,True,,brick,candidate_001_brick,A2,A2,72.309,v2a_qwen32_single_anchor_contact_scoring,100.6413121506919,99.61984995792312,99.61984995792312,104.61984995792312,True,1.0149531747353688,True,True,True,True,True,True,,True,True,True,True,True,True,96516.467,8371.921,234.507,25560.2,887.515,6.585,58986.314,"[-0.04585557825407546, -0.40395879380243305, 0.17983229593915057, -7.968107328314446e-05, -3.141246194394324, -0.0001575027901811599]","[-0.04585060387474421, -0.403951242502635, 0.2098401563499121, -1.0660299826176866e-05, -3.1412487406908327, -0.0002023358019996216]","[-0.04584517744386873, -0.4039759732340133, 0.17988717907896873, -8.560899835532297e-05, -3.1412357943022813, 2.6579058228948936e-05]","[-0.04451708887209529, -0.30996360185460287, 0.44493861019776015, 1.6641551719613543e-05, -3.1411789271540913, -8.944466236178852e-05]","[-0.04446618899827902, -0.30996716524070894, 0.4448987295819724, 0.00010845947282131749, -3.1412812578590836, -0.00032145152331524535]",0.058442,0.010569,,,,,,,,False,True,,,,outputs/v2_experiments/e45_robot_upv_repeatability/session_20260528_004926/01_cycles/cycle_002,,,,,,,,,,,,,,,,,,,,,
outputs/v2_experiments/e45_robot_upv_repeatability/session_20260528_004926/02_tables/e45_all_cycles_master.csv,4,session_20260528_004926,3,brick_01,brick,proposed_contact_usable,3,major,2026-05-28T00:55:08-04:00,2026-05-28T00:57:07-04:00,outputs/v2_experiments/e45_robot_upv_repeatability/session_20260528_004926/01_cycles/cycle_003/pipeline_full_session,True,,brick,candidate_001_brick,A4,A4,70.524,v2a_qwen32_single_anchor_contact_scoring,100.65995959982718,101.63095599468083,101.63095599468083,106.63095599468083,True,0.9646302250804043,True,True,True,True,True,True,,True,True,True,True,True,True,95092.393,8369.398,224.116,26769.764,854.863,6.536,56343.999,"[-0.041645991391484956, -0.3361236551712485, 0.1794461159904116, -8.743018951326606e-05, -3.141216144616914, -0.00011783043856200571]","[-0.041636482785157906, -0.33612725880831457, 0.20946791133568088, -1.6591339224882828e-05, -3.1412507594567556, -8.515074146454004e-05]","[-0.04167292706571262, -0.3361413546722001, 0.1794926358803936, -0.00011635091796674095, -3.1411090560740553, 1.561441550202187e-05]","[-0.04451708887209529, -0.30996360185460287, 0.44493861019776015, 1.6641551719613543e-05, -3.1411789271540913, -8.944466236178852e-05]","[-0.044498227388592056, -0.3099706055941164, 0.4448872575771804, 0.00017327067128091188, -3.141262905804695, -0.0003798274753535773]",0.056594,0.009942,,102.5,,,,,,False,True,,-0.8690440053191679,-0.8478478100674809,outputs/v2_experiments/e45_robot_upv_repeatability/session_20260528_004926/01_cycles/cycle_003,,,,,,,,,,,,,,,,,,,,,
outputs/v2_experiments/e45_robot_upv_repeatability/session_20260528_004926/02_tables/e45_all_cycles_master.csv,5,session_20260528_004926,4,brick_01,brick,proposed_contact_usable,4,major,2026-05-28T00:57:08-04:00,2026-05-28T00:58:53-04:00,outputs/v2_experiments/e45_robot_upv_repeatability/session_20260528_004926/01_cycles/cycle_004/pipeline_full_session,True,,brick,candidate_001_brick,A2,A2,72.53,v2a_qwen32_single_anchor_contact_scoring,100.31872985209912,99.95301727593325,99.95301727593325,104.95301727593325,True,0.36455064443603874,True,True,True,True,True,True,,True,True,True,True,True,True,94111.858,8317.2,225.1,23664.303,853.755,6.733,59029.602,"[-0.045036483038305236, -0.40429701804668616, 0.17882650327394256, -0.00010716853370863588, -3.1411863069191113, -0.0001499027436334525]","[-0.04505564671879261, -0.40430510551967574, 0.20886418686905583, -0.00017620414795203036, -3.1411343380656027, -2.2523353874158117e-05]","[-0.04502865264124908, -0.404300995815209, 0.17885481131673853, -7.64142225516325e-05, -3.141151762926656, -0.00011726678591776584]","[-0.04451708887209529, -0.30996360185460287, 0.44493861019776015, 1.6641551719613543e-05, -3.1411789271540913, -8.944466236178852e-05]","[-0.044483162184710226, -0.30997232452236695, 0.44488085594855853, 9.509847824936874e-05, -3.1412734934207194, -0.00044130565021018893]",0.029639,0.003243,,102.5,,,,,,False,True,,-2.5469827240667513,-2.4848611942114647,outputs/v2_experiments/e45_robot_upv_repeatability/session_20260528_004926/01_cycles/cycle_004,,,,,,,,,,,,,,,,,,,,,
outputs/v2_experiments/e45_robot_upv_repeatability/session_20260528_004926/02_tables/e45_all_cycles_master.csv,6,session_20260528_004926,5,brick_01,brick,proposed_contact_usable,5,major,2026-05-28T00:58:54-04:00,2026-05-28T01:00:39-04:00,outputs/v2_experiments/e45_robot_upv_repeatability/session_20260528_004926/01_cycles/cycle_005/pipeline_full_session,True,,brick,candidate_001_brick,A2,A2,72.485,v2a_qwen32_single_anchor_contact_scoring,100.31872985203988,99.95383458127364,99.95383458127364,104.95383458127364,True,0.3637359357563881,True,True,True,True,True,True,,True,True,True,True,True,True,94467.635,8384.315,217.897,23354.461,843.993,6.583,58924.954,"[-0.04491761539389007, -0.40427401688304354, 0.17879887903628228, 2.193846415618073e-05, -3.1412339384137233, -0.0003125474913124103]","[-0.044933222381938885, -0.4042827029588595, 0.20881503832561962, -8.373353275147464e-05, -3.1412108873528397, -0.0002934934508731233]","[-0.04490896911741872, -0.40428352487508906, 0.1788403748226926, 0.00019360957702266868, -3.1411586338048902, -0.00016571456187780336]","[-0.04451708887209529, -0.30996360185460287, 0.44493861019776015, 1.6641551719613543e-05, -3.1411789271540913, -8.944466236178852e-05]","[-0.04449010652384645, -0.3099626840721719, 0.44489698621702345, 2.507827117447038e-05, -3.1412420502128864, -0.00035275070356076524]",0.04344,0.013643,,102.5,,,,,,False,True,,-2.5461654187263605,-2.4840638231476686,outputs/v2_experiments/e45_robot_upv_repeatability/session_20260528_004926/01_cycles/cycle_005,,,,,,,,,,,,,,,,,,,,,
outputs/v2_experiments/e45_robot_upv_repeatability/session_20260528_013212/02_tables/e45_all_cycles_master.csv,2,session_20260528_013212,1,brick_01,brick,proposed_contact_usable,1,major,2026-05-28T01:32:12-04:00,2026-05-28T01:34:40-04:00,outputs/v2_experiments/e45_robot_upv_repeatability/session_20260528_013212/01_cycles/cycle_001/pipeline_full_session,True,,brick,candidate_001_brick,A3,A3,77.924,v2a_qwen32_single_anchor_contact_scoring,101.9976060373029,102.38584713102492,102.38584713102492,107.38584713102492,True,0.38063745690269135,True,True,True,True,True,True,,True,True,True,True,True,True,104966.773,8447.842,238.518,24551.235,884.026,6.628,68272.006,"[-0.07784305678374653, -0.40341070603563345, 0.1783795423705915, 2.201488489128894, -2.2407102330974413, 0.0002783401768631739]","[-0.07785803110152133, -0.4034202614960064, 0.20843021398006642, 2.201394297235539, -2.2407213371941865, 0.00033274551502811034]","[-0.07783590734014217, -0.4034113530697595, 0.178409711381491, 2.201516902228509, -2.240627004373844, 0.0003277561513415572]","[-0.04451708887209529, -0.30996360185460287, 0.44493861019776015, 1.6641551719613543e-05, -3.1411789271540913, -8.944466236178852e-05]","[-0.044489870055999844, -0.30994604759408545, 0.4449185102449651, 0.00015848495456672893, -3.1412482524170797, -0.00021897288033396746]",0.031011,0.00578,,,,,,,,False,True,,,,outputs/v2_experiments/e45_robot_upv_repeatability/session_20260528_013212/01_cycles/cycle_001,,,,,,,,,,,,,,,,,,,,,
outputs/v2_experiments/e45_robot_upv_repeatability/session_20260528_015454/02_tables/e45_all_readings_master.csv,2,session_20260528_015454,,brick_01,brick,proposed_contact_usable,,major,2026-05-28T01:55:13-04:00,2026-05-28T01:56:44-04:00,outputs/v2_experiments/e45_robot_upv_repeatability/session_20260528_015454/cases/brick_01/reading_001/pipeline_full_session,True,,brick,candidate_001_brick,A4,A4,56.922,v2a_qwen32_single_anchor_contact_scoring,101.66828222300387,102.39012073852828,102.39012073852828,107.39012073852828,True,0.7099938149255802,True,True,True,True,True,True,,True,True,True,True,True,True,90035.603,8978.099,263.15,22210.929,953.26,6.42,55609.818,"[-0.04641093914463135, -0.3097696667924264, 0.1750654794510978, 1.4736192108516531e-05, -3.141174447117317, -0.00019134620308323597]","[-0.04641130108109172, -0.30977031002872013, 0.20508084097184295, 2.449550742188191e-05, -3.1411870246961726, -0.0002211717653819765]","[-0.04642626263371541, -0.30978738071439105, 0.17509497167279153, 2.469009925272541e-05, -3.141102452647198, -0.00013433901159395318]",,"[-0.04451795287392434, -0.30995776141580667, 0.4449121952350581, 4.5910522233831143e-05, -3.1411705615711054, -0.00025248869194116695]",0.037661,0.005292,,,,,,,,,,,,,,1,brick,4,"{""requested_num_anchors"": 5, ""axis_mode"": ""major"", ""candidate_count_mode"": ""transducer_diameter_floor"", ""physical_axis_length_mm"": 211.63946731773942, ""physical_axis_length_source_key"": ""global_major_dimension_mm"", ""transducer_diameter_mm"": 50.0, ""raw_floor_count"": 4, ""min_anchor_samples"": 0, ""max_anchor_samples"": 20, ""anchor_count_generated"": 4, ""anchor_count_rule_name"": ""physical_axis_length_floor_transducer_diameter"", ""fallback_used"": false, ""center_anchor_fallback_used"": false, ""raw_major_length_px"": 618.3337619287922, ""raw_minor_length_px"": 306.06940766112734}","[""arduino_check"", ""move_midhover"", ""orient"", ""xy"", ""approach_preview"", ""approach_final"", ""clamp_to_planned_width"", ""clamp_hold"", ""clamp_release"", ""home""]","[true, true, true, true, true, true, true, true, true, true]",outputs/v2_experiments/e45_robot_upv_repeatability/session_20260528_015454/cases/brick_01/reading_001,,,,,,,,,,,,,,
outputs/v2_experiments/e45_robot_upv_repeatability/session_20260528_015454/02_tables/e45_all_readings_master.csv,3,session_20260528_015454,,brick_01,brick,proposed_contact_usable,,major,2026-05-28T01:56:44-04:00,2026-05-28T01:58:16-04:00,outputs/v2_experiments/e45_robot_upv_repeatability/session_20260528_015454/cases/brick_01/reading_002/pipeline_full_session,True,,brick,candidate_001_brick,A4,A4,56.595,v2a_qwen32_single_anchor_contact_scoring,101.66828220985697,102.47047716849016,102.47047716849016,107.47047716849016,True,0.7890316834284228,True,True,True,True,True,True,,True,True,True,True,True,True,91765.773,8619.265,256.192,23739.515,958.384,6.464,56020.636,"[-0.04671014936140405, -0.30976253416793825, 0.17506558655846938, -1.1005981349670141e-05, -3.1412174351956925, -0.00016895631225314532]","[-0.046702870950919004, -0.30975679980836246, 0.20507499042705324, 1.6646935267436617e-05, -3.1411876953962694, -0.00021443179573535443]","[-0.04672058751765559, -0.3097878193373214, 0.17511380425165804, -3.832627201766759e-05, -3.14113882926907, 5.2308924979880296e-05]",,"[-0.04451609737800355, -0.3099500486068594, 0.44493106285167294, -5.227346488035477e-06, -3.1411524168110883, -0.00014985786743259717]",0.055437,0.013545,,,,,,,,,,,,,,2,brick,4,"{""requested_num_anchors"": 5, ""axis_mode"": ""major"", ""candidate_count_mode"": ""transducer_diameter_floor"", ""physical_axis_length_mm"": 211.63209571127385, ""physical_axis_length_source_key"": ""global_major_dimension_mm"", ""transducer_diameter_mm"": 50.0, ""raw_floor_count"": 4, ""min_anchor_samples"": 0, ""max_anchor_samples"": 20, ""anchor_count_generated"": 4, ""anchor_count_rule_name"": ""physical_axis_length_floor_transducer_diameter"", ""fallback_used"": false, ""center_anchor_fallback_used"": false, ""raw_major_length_px"": 618.3122246884041, ""raw_minor_length_px"": 308.210353684064}","[""arduino_check"", ""move_midhover"", ""orient"", ""xy"", ""approach_preview"", ""approach_final"", ""clamp_to_planned_width"", ""clamp_hold"", ""clamp_release"", ""home""]","[true, true, true, true, true, true, true, true, true, true]",outputs/v2_experiments/e45_robot_upv_repeatability/session_20260528_015454/cases/brick_01/reading_002,,,,,,,,,,,,,,
outputs/v2_experiments/e45_robot_upv_repeatability/session_20260528_015454/02_tables/e45_all_readings_master.csv,4,session_20260528_015454,,brick_01,brick,proposed_contact_usable,,major,2026-05-28T01:58:16-04:00,2026-05-28T01:59:48-04:00,outputs/v2_experiments/e45_robot_upv_repeatability/session_20260528_015454/cases/brick_01/reading_003/pipeline_full_session,True,,brick,candidate_001_brick,A4,A4,56.966,v2a_qwen32_single_anchor_contact_scoring,101.66828254521667,102.47178277394052,102.47178277394052,107.47178277394052,True,0.790315532640668,True,True,True,True,True,True,,True,True,True,True,True,True,91241.95,8831.414,260.474,23108.679,976.21,6.644,55634.219,"[-0.04666738204629227, -0.3093869960779012, 0.17507242417171368, 8.53689293135213e-06, -3.141152012767643, -0.00020565568742414477]","[-0.04668480018407225, -0.30940072265358415, 0.2051241626160619, -1.2647169927627e-05, -3.1410841639842633, -4.405811838456759e-05]","[-0.046655538888204416, -0.3093785286877439, 0.1750857014534101, -3.2947099643388316e-05, -3.141129454728709, -0.00021410553355387334]",,"[-0.04451435097600642, -0.3099647640158404, 0.44491863731512826, 4.6309464857798976e-05, -3.1411943386910255, -0.00013253712425639687]",0.019704,0.002749,,,,,,,,,,,,,,3,brick,4,"{""requested_num_anchors"": 5, ""axis_mode"": ""major"", ""candidate_count_mode"": ""transducer_diameter_floor"", ""physical_axis_length_mm"": 211.89746916944407, ""physical_axis_length_source_key"": ""global_major_dimension_mm"", ""transducer_diameter_mm"": 50.0, ""raw_floor_count"": 4, ""min_anchor_samples"": 0, ""max_anchor_samples"": 20, ""anchor_count_generated"": 4, ""anchor_count_rule_name"": ""physical_axis_length_floor_transducer_diameter"", ""fallback_used"": false, ""center_anchor_fallback_used"": false, ""raw_major_length_px"": 619.0875517248231, ""raw_minor_length_px"": 306.05144071192063}","[""arduino_check"", ""move_midhover"", ""orient"", ""xy"", ""approach_preview"", ""approach_final"", ""clamp_to_planned_width"", ""clamp_hold"", ""clamp_release"", ""home""]","[true, true, true, true, true, true, true, true, true, true]",outputs/v2_experiments/e45_robot_upv_repeatability/session_20260528_015454/cases/brick_01/reading_003,,,,,,,,,,,,,,
outputs/v2_experiments/e45_robot_upv_repeatability/session_20260528_015454/02_tables/e45_all_readings_master.csv,5,session_20260528_015454,,brick_01,brick,proposed_contact_usable,,major,2026-05-28T01:59:48-04:00,2026-05-28T02:01:20-04:00,outputs/v2_experiments/e45_robot_upv_repeatability/session_20260528_015454/cases/brick_01/reading_004/pipeline_full_session,True,,brick,candidate_001_brick,A4,A4,57.067,v2a_qwen32_single_anchor_contact_scoring,101.66828260145243,102.47276722185212,102.47276722185212,107.47276722185212,True,0.7912837709212944,True,True,True,True,True,True,,True,True,True,True,True,True,91843.349,8473.676,265.967,23954.746,977.004,8.303,55780.984,"[-0.046421195972189855, -0.3095806088768118, 0.1760814102770546, 2.805911950060508e-05, -3.141181813959362, -9.282109826434737e-05]","[-0.0464163199383682, -0.30958020955074306, 0.20610328521462323, 7.604662983426616e-05, -3.141191581777359, -0.0001284474832263225]","[-0.04642675284121239, -0.309574356780753, 0.17609530267207785, 9.091909596855282e-05, -3.141150594455609, -5.414108476408853e-05]",,"[-0.044523616091428485, -0.3099572848096984, 0.4449057985320304, -5.527231233235851e-05, -3.1412034811337994, -0.00027130940994815676]",0.016216,0.004592,,,,,,,,,,,,,,4,brick,4,"{""requested_num_anchors"": 5, ""axis_mode"": ""major"", ""candidate_count_mode"": ""transducer_diameter_floor"", ""physical_axis_length_mm"": 211.89057471468558, ""physical_axis_length_source_key"": ""global_major_dimension_mm"", ""transducer_diameter_mm"": 50.0, ""raw_floor_count"": 4, ""min_anchor_samples"": 0, ""max_anchor_samples"": 20, ""anchor_count_generated"": 4, ""anchor_count_rule_name"": ""physical_axis_length_floor_transducer_diameter"", ""fallback_used"": false, ""center_anchor_fallback_used"": false, ""raw_major_length_px"": 619.0674089710838, ""raw_minor_length_px"": 305.10765624804554}","[""arduino_check"", ""move_midhover"", ""orient"", ""xy"", ""approach_preview"", ""approach_final"", ""clamp_to_planned_width"", ""clamp_hold"", ""clamp_release"", ""home""]","[true, true, true, true, true, true, true, true, true, true]",outputs/v2_experiments/e45_robot_upv_repeatability/session_20260528_015454/cases/brick_01/reading_004,,,,,,,,,,,,,,
outputs/v2_experiments/e45_robot_upv_repeatability/session_20260528_015454/02_tables/e45_all_readings_master.csv,6,session_20260528_015454,,brick_01,brick,proposed_contact_usable,,major,2026-05-28T02:01:21-04:00,2026-05-28T02:02:53-04:00,outputs/v2_experiments/e45_robot_upv_repeatability/session_20260528_015454/cases/brick_01/reading_005/pipeline_full_session,True,,brick,candidate_001_brick,A4,A4,54.938,v2a_qwen32_single_anchor_contact_scoring,101.66828254226498,102.2380224290365,102.2380224290365,107.2380224290365,True,0.560390981852851,True,True,True,True,True,True,,True,True,True,True,True,True,92231.336,8549.509,259.729,24159.295,965.623,6.702,55741.438,"[-0.04920500117631201, -0.30952469015380496, 0.17607727418245192, -4.149943660144818e-05, -3.1412061446349937, -0.00018906124257194362]","[-0.04921132421875356, -0.30952469791517834, 0.2060905935588196, -0.0001064009229967707, -3.141245699838829, -0.0002717640656159149]","[-0.049224928881826516, -0.30953353167413267, 0.1761013250093314, -3.2422593990192924e-05, -3.141169022090656, -0.00012380395070152303]",,"[-0.04451544454952022, -0.30995817919045693, 0.4449022804119399, 3.9626013759078075e-05, -3.141212354018794, -0.00031644756595837454]",0.032461,0.004333,,,,,,,,,,,,,,5,brick,4,"{""requested_num_anchors"": 5, ""axis_mode"": ""major"", ""candidate_count_mode"": ""transducer_diameter_floor"", ""physical_axis_length_mm"": 211.89498641052896, ""physical_axis_length_source_key"": ""global_major_dimension_mm"", ""transducer_diameter_mm"": 50.0, ""raw_floor_count"": 4, ""min_anchor_samples"": 0, ""max_anchor_samples"": 20, ""anchor_count_generated"": 4, ""anchor_count_rule_name"": ""physical_axis_length_floor_transducer_diameter"", ""fallback_used"": false, ""center_anchor_fallback_used"": false, ""raw_major_length_px"": 619.0802979857682, ""raw_minor_length_px"": 321.45710797061713}","[""arduino_check"", ""move_midhover"", ""orient"", ""xy"", ""approach_preview"", ""approach_final"", ""clamp_to_planned_width"", ""clamp_hold"", ""clamp_release"", ""home""]","[true, true, true, true, true, true, true, true, true, true]",outputs/v2_experiments/e45_robot_upv_repeatability/session_20260528_015454/cases/brick_01/reading_005,,,,,,,,,,,,,,
outputs/v2_experiments/e45_robot_upv_repeatability/session_20260528_015454/02_tables/e45_all_readings_master.csv,7,session_20260528_015454,,brick_02,brick,proposed_contact_usable,,major,2026-05-28T02:23:39-04:00,2026-05-28T02:25:09-04:00,outputs/v2_experiments/e45_robot_upv_repeatability/session_20260528_015454/cases/brick_02/reading_001/pipeline_full_session,True,,brick,candidate_001_brick,A4,A4,57.12,v2a_qwen32_single_anchor_contact_scoring,101.66828111844767,102.45912729676775,102.45912729676775,107.45912729676775,True,0.7778691344242485,True,True,True,True,True,True,,True,True,True,True,True,True,89595.496,8594.736,259.334,22011.617,958.239,6.595,55468.546,"[-0.048712761688931905, -0.30956924144341275, 0.17606843151375168, -3.5868767146436825e-05, -3.141174501726462, -0.00019150010802473024]","[-0.04869866463428678, -0.3095641095479768, 0.20607766504157446, 2.196760923083604e-05, -3.1412081081927505, -0.00025942262568429846]","[-0.04872214902964405, -0.3095881851765057, 0.1760939958555549, -6.816592226002383e-05, -3.1411488246986377, -0.00010852659379820803]",,"[-0.04451194227344999, -0.30997081533110654, 0.4449104034764755, 3.289156599231604e-05, -3.14119833989997, -0.0001891774208254432]",0.033174,0.005309,,,,,,,,,,,,,,6,brick,4,"{""requested_num_anchors"": 5, ""axis_mode"": ""major"", ""candidate_count_mode"": ""transducer_diameter_floor"", ""physical_axis_length_mm"": 211.5961663316413, ""physical_axis_length_source_key"": ""global_major_dimension_mm"", ""transducer_diameter_mm"": 50.0, ""raw_floor_count"": 4, ""min_anchor_samples"": 0, ""max_anchor_samples"": 20, ""anchor_count_generated"": 4, ""anchor_count_rule_name"": ""physical_axis_length_floor_transducer_diameter"", ""fallback_used"": false, ""center_anchor_fallback_used"": false, ""raw_major_length_px"": 618.2072454345589, ""raw_minor_length_px"": 304.61227409743003}","[""arduino_check"", ""move_midhover"", ""orient"", ""xy"", ""approach_preview"", ""approach_final"", ""clamp_to_planned_width"", ""clamp_hold"", ""clamp_release"", ""home""]","[true, true, true, true, true, true, true, true, true, true]",outputs/v2_experiments/e45_robot_upv_repeatability/session_20260528_015454/cases/brick_02/reading_001,,,,,,,,,,,,,,
outputs/v2_experiments/e45_robot_upv_repeatability/session_20260528_015454/02_tables/e45_all_readings_master.csv,8,session_20260528_015454,,brick_02,brick,proposed_contact_usable,,major,2026-05-28T02:25:09-04:00,2026-05-28T02:26:41-04:00,outputs/v2_experiments/e45_robot_upv_repeatability/session_20260528_015454/cases/brick_02/reading_002/pipeline_full_session,True,,brick,candidate_001_brick,A4,A4,57.057,v2a_qwen32_single_anchor_contact_scoring,101.66828179720243,102.45868779571944,102.45868779571944,107.45868779571944,True,0.777436172368525,True,True,True,True,True,True,,True,True,True,True,True,True,91985.282,8463.589,265.665,23857.494,972.135,6.858,56042.254,"[-0.04827419917756338, -0.3094663292988816, 0.17608811309771044, -4.229435824997362e-05, -3.141163368304021, -0.00010651563706776069]","[-0.04826171418715871, -0.30945564764079847, 0.206085494278189, -4.340509055594734e-05, -3.141203258549396, -0.0001912521006384501]","[-0.04828378920930093, -0.30947570577132344, 0.1761151641952688, -1.4385754099893063e-05, -3.1410983092533376, -2.4362068378156556e-07]",,"[-0.04450054375260404, -0.3099579739201773, 0.4449168112385628, 5.1875191004457626e-05, -3.1412237997250183, -0.00016926793356095705]",0.030194,0.007316,,,,,,,,,,,,,,7,brick,4,"{""requested_num_anchors"": 5, ""axis_mode"": ""major"", ""candidate_count_mode"": ""transducer_diameter_floor"", ""physical_axis_length_mm"": 211.85687570940513, ""physical_axis_length_source_key"": ""global_major_dimension_mm"", ""transducer_diameter_mm"": 50.0, ""raw_floor_count"": 4, ""min_anchor_samples"": 0, ""max_anchor_samples"": 20, ""anchor_count_generated"": 4, ""anchor_count_rule_name"": ""physical_axis_length_floor_transducer_diameter"", ""fallback_used"": false, ""center_anchor_fallback_used"": false, ""raw_major_length_px"": 618.9689478022868, ""raw_minor_length_px"": 304.52079322530255}","[""arduino_check"", ""move_midhover"", ""orient"", ""xy"", ""approach_preview"", ""approach_final"", ""clamp_to_planned_width"", ""clamp_hold"", ""clamp_release"", ""home""]","[true, true, true, true, true, true, true, true, true, true]",outputs/v2_experiments/e45_robot_upv_repeatability/session_20260528_015454/cases/brick_02/reading_002,,,,,,,,,,,,,,
outputs/v2_experiments/e45_robot_upv_repeatability/session_20260528_015454/02_tables/e45_all_readings_master.csv,9,session_20260528_015454,,brick_02,brick,proposed_contact_usable,,major,2026-05-28T02:26:42-04:00,2026-05-28T02:28:10-04:00,outputs/v2_experiments/e45_robot_upv_repeatability/session_20260528_015454/cases/brick_02/reading_003/pipeline_full_session,True,,brick,candidate_001_brick,A4,A4,57.088,v2a_qwen32_single_anchor_contact_scoring,101.66828214400442,102.71059202355909,102.71059202355909,107.71059202355909,True,1.02520654187736,True,True,True,True,True,True,,True,True,True,True,True,True,88089.668,8422.742,264.036,19903.407,974.517,6.642,56154.942,"[-0.04813009877615731, -0.30948656353406134, 0.17507528987510895, 6.568489230810317e-05, -3.1411827052415116, -0.0001531270617711806]","[-0.048122302932764045, -0.30948651178885406, 0.20508595004250957, 7.241173553862574e-05, -3.1411689283747677, -0.00015537956002713153]","[-0.04813209475584725, -0.3095001200406351, 0.17510995460252232, 0.0001567010385826413, -3.1411497124482217, -4.081859650212896e-05]",,"[-0.04451293671479508, -0.30996387894279487, 0.4449064054370264, 0.0001229367138096376, -3.141213373389186, -0.00022502455924123228]",0.037275,0.008496,,,,,,,,,,,,,,8,brick,4,"{""requested_num_anchors"": 5, ""axis_mode"": ""major"", ""candidate_count_mode"": ""transducer_diameter_floor"", ""physical_axis_length_mm"": 211.670739379532, ""physical_axis_length_source_key"": ""global_major_dimension_mm"", ""transducer_diameter_mm"": 50.0, ""raw_floor_count"": 4, ""min_anchor_samples"": 0, ""max_anchor_samples"": 20, ""anchor_count_generated"": 4, ""anchor_count_rule_name"": ""physical_axis_length_floor_transducer_diameter"", ""fallback_used"": false, ""center_anchor_fallback_used"": false, ""raw_major_length_px"": 618.4251270703242, ""raw_minor_length_px"": 304.2093364795218}","[""arduino_check"", ""move_midhover"", ""orient"", ""xy"", ""approach_preview"", ""approach_final"", ""clamp_to_planned_width"", ""clamp_hold"", ""clamp_release"", ""home""]","[true, true, true, true, true, true, true, true, true, true]",outputs/v2_experiments/e45_robot_upv_repeatability/session_20260528_015454/cases/brick_02/reading_003,,,,,,,,,,,,,,
outputs/v2_experiments/e45_robot_upv_repeatability/session_20260528_015454/02_tables/e45_all_readings_master.csv,10,session_20260528_015454,,brick_02,brick,proposed_contact_usable,,major,2026-05-28T02:28:10-04:00,2026-05-28T02:29:42-04:00,outputs/v2_experiments/e45_robot_upv_repeatability/session_20260528_015454/cases/brick_02/reading_004/pipeline_full_session,True,,brick,candidate_001_brick,A4,A4,57.027,v2a_qwen32_single_anchor_contact_scoring,101.6682821596692,102.71127417492495,102.71127417492495,107.71127417492495,True,1.0258774842066656,True,True,True,True,True,True,,True,True,True,True,True,True,91233.022,8415.414,258.344,22992.941,990.815,7.42,56242.871,"[-0.04824243325767627, -0.30929128777769016, 0.17508220814858674, 9.602818466054773e-05, -3.1411912060718743, -0.00017474158826751674]","[-0.048234154504690756, -0.30929070028707856, 0.20510925863875576, 0.000115233143890387, -3.1411595629479585, -0.0001532602094328219]","[-0.04824699116062662, -0.3092931019000351, 0.17510211000218956, 7.011084919969663e-06, -3.141201711618699, -0.00013046565449172627]",,"[-0.044498964614167254, -0.3099558635151715, 0.4449161506106464, 1.4335495836542808e-05, -3.1411930320046193, -0.0001991218659040153]",0.020498,0.005728,,,,,,,,,,,,,,9,brick,4,"{""requested_num_anchors"": 5, ""axis_mode"": ""major"", ""candidate_count_mode"": ""transducer_diameter_floor"", ""physical_axis_length_mm"": 211.57300766396673, ""physical_axis_length_source_key"": ""global_major_dimension_mm"", ""transducer_diameter_mm"": 50.0, ""raw_floor_count"": 4, ""min_anchor_samples"": 0, ""max_anchor_samples"": 20, ""anchor_count_generated"": 4, ""anchor_count_rule_name"": ""physical_axis_length_floor_transducer_diameter"", ""fallback_used"": false, ""center_anchor_fallback_used"": false, ""raw_major_length_px"": 618.1395905401951, ""raw_minor_length_px"": 305.0065335130188}","[""arduino_check"", ""move_midhover"", ""orient"", ""xy"", ""approach_preview"", ""approach_final"", ""clamp_to_planned_width"", ""clamp_hold"", ""clamp_release"", ""home""]","[true, true, true, true, true, true, true, true, true, true]",outputs/v2_experiments/e45_robot_upv_repeatability/session_20260528_015454/cases/brick_02/reading_004,,,,,,,,,,,,,,
outputs/v2_experiments/e45_robot_upv_repeatability/session_20260528_015454/02_tables/e45_all_readings_master.csv,11,session_20260528_015454,,brick_02,brick,proposed_contact_usable,,major,2026-05-28T02:29:42-04:00,2026-05-28T02:31:12-04:00,outputs/v2_experiments/e45_robot_upv_repeatability/session_20260528_015454/cases/brick_02/reading_005/pipeline_full_session,True,,brick,candidate_001_brick,A3,A3,76.896,v2a_qwen32_single_anchor_contact_scoring,102.01059925226575,102.99147039892213,102.99147039892213,107.99147039892213,True,0.961538461538444,True,True,True,True,True,True,,True,True,True,True,True,True,90045.916,8395.857,262.243,21091.646,973.168,6.692,57019.67,"[-0.04858940758195896, -0.35508529160339375, 0.17700653220541013, -2.286150194438436e-05, -3.141215273037124, -5.907557190918351e-05]","[-0.04860118248656758, -0.35509105140770486, 0.20704313046590775, -8.845758993831881e-05, -3.1411801750083104, 5.3315688612133725e-05]","[-0.04860357311909879, -0.3551134265299869, 0.17705920196013364, 1.1159270643290403e-05, -3.1411337770834753, 0.0001437055919587282]",,"[-0.04451397736769246, -0.3099796958937377, 0.44488761209869976, 0.00013504542928367526, -3.141237384272938, -0.00036684741856327823]",0.061371,0.012673,,,,,,,,,,,,,,10,brick,4,"{""requested_num_anchors"": 5, ""axis_mode"": ""major"", ""candidate_count_mode"": ""transducer_diameter_floor"", ""physical_axis_length_mm"": 211.65105076383088, ""physical_axis_length_source_key"": ""global_major_dimension_mm"", ""transducer_diameter_mm"": 50.0, ""raw_floor_count"": 4, ""min_anchor_samples"": 0, ""max_anchor_samples"": 20, ""anchor_count_generated"": 4, ""anchor_count_rule_name"": ""physical_axis_length_floor_transducer_diameter"", ""fallback_used"": false, ""center_anchor_fallback_used"": false, ""raw_major_length_px"": 618.3676020145966, ""raw_minor_length_px"": 304.52289711362994}","[""arduino_check"", ""move_midhover"", ""orient"", ""xy"", ""approach_preview"", ""approach_final"", ""clamp_to_planned_width"", ""clamp_hold"", ""clamp_release"", ""home""]","[true, true, true, true, true, true, true, true, true, true]",outputs/v2_experiments/e45_robot_upv_repeatability/session_20260528_015454/cases/brick_02/reading_005,,,,,,,,,,,,,,
outputs/v2_experiments/e45_robot_upv_repeatability/session_20260528_023509/02_tables/e45_all_readings_master.csv,2,session_20260528_023509,,brick_01,brick,proposed_contact_usable,,major,2026-05-28T02:35:11-04:00,2026-05-28T02:35:12-04:00,outputs/v2_experiments/e45_robot_upv_repeatability/session_20260528_023509/cases/brick_01/reading_001/pipeline_full_session,False,pre_capture_home_failed: ur_rtde: Please enable remote control on the robot!,,,,,,,,,,,,,,,,,,,,,,,,,,1230.025,,,,,,,"""""","""""","""""",,"""""",,,,,,,,,,,,,,,,1,brick,,{},[],[],outputs/v2_experiments/e45_robot_upv_repeatability/session_20260528_023509/cases/brick_01/reading_001,,,,,,,,,,,,,,
outputs/v2_experiments/e45_robot_upv_repeatability/session_20260528_023509/02_tables/e45_all_readings_master.csv,3,session_20260528_023509,,brick_01,brick,proposed_contact_usable,,major,2026-05-28T02:35:13-04:00,2026-05-28T02:35:14-04:00,outputs/v2_experiments/e45_robot_upv_repeatability/session_20260528_023509/cases/brick_01/reading_002/pipeline_full_session,False,pre_capture_home_failed: ur_rtde: Please enable remote control on the robot!,,,,,,,,,,,,,,,,,,,,,,,,,,780.663,,,,,,,"""""","""""","""""",,"""""",,,,,,,,,,,,,,,,2,brick,,{},[],[],outputs/v2_experiments/e45_robot_upv_repeatability/session_20260528_023509/cases/brick_01/reading_002,,,,,,,,,,,,,,
outputs/v2_experiments/e45_robot_upv_repeatability/session_20260528_023509/02_tables/e45_all_readings_master.csv,4,session_20260528_023509,,brick_01,brick,proposed_contact_usable,,major,2026-05-28T02:35:14-04:00,2026-05-28T02:35:15-04:00,outputs/v2_experiments/e45_robot_upv_repeatability/session_20260528_023509/cases/brick_01/reading_003/pipeline_full_session,False,pre_capture_home_failed: ur_rtde: Please enable remote control on the robot!,,,,,,,,,,,,,,,,,,,,,,,,,,1015.892,,,,,,,"""""","""""","""""",,"""""",,,,,,,,,,,,,,,,3,brick,,{},[],[],outputs/v2_experiments/e45_robot_upv_repeatability/session_20260528_023509/cases/brick_01/reading_003,,,,,,,,,,,,,,
outputs/v2_experiments/e45_robot_upv_repeatability/session_20260528_023509/02_tables/e45_all_readings_master.csv,5,session_20260528_023509,,brick_01,brick,proposed_contact_usable,,major,2026-05-28T02:35:15-04:00,2026-05-28T02:35:16-04:00,outputs/v2_experiments/e45_robot_upv_repeatability/session_20260528_023509/cases/brick_01/reading_004/pipeline_full_session,False,pre_capture_home_failed: ur_rtde: Please enable remote control on the robot!,,,,,,,,,,,,,,,,,,,,,,,,,,1012.169,,,,,,,"""""","""""","""""",,"""""",,,,,,,,,,,,,,,,4,brick,,{},[],[],outputs/v2_experiments/e45_robot_upv_repeatability/session_20260528_023509/cases/brick_01/reading_004,,,,,,,,,,,,,,
outputs/v2_experiments/e45_robot_upv_repeatability/session_20260528_023509/02_tables/e45_all_readings_master.csv,6,session_20260528_023509,,brick_01,brick,proposed_contact_usable,,major,2026-05-28T02:35:17-04:00,2026-05-28T02:35:18-04:00,outputs/v2_experiments/e45_robot_upv_repeatability/session_20260528_023509/cases/brick_01/reading_005/pipeline_full_session,False,pre_capture_home_failed: ur_rtde: Please enable remote control on the robot!,,,,,,,,,,,,,,,,,,,,,,,,,,972.361,,,,,,,"""""","""""","""""",,"""""",,,,,,,,,,,,,,,,5,brick,,{},[],[],outputs/v2_experiments/e45_robot_upv_repeatability/session_20260528_023509/cases/brick_01/reading_005,,,,,,,,,,,,,,
outputs/v2_experiments/e45_robot_upv_repeatability/session_20260528_023625/02_tables/e45_all_readings_master.csv,2,session_20260528_023625,,brick_01,brick,proposed_contact_usable,,major,2026-05-28T02:36:27-04:00,2026-05-28T02:37:58-04:00,outputs/v2_experiments/e45_robot_upv_repeatability/session_20260528_023625/cases/brick_01/reading_001/pipeline_full_session,True,,brick,candidate_001_brick,A4,A4,52.272,v2a_qwen32_single_anchor_contact_scoring,101.70774799247064,102.69520185647521,102.69520185647521,107.69520185647521,True,0.970873786407762,True,True,True,True,True,True,,True,True,True,True,True,True,91094.108,8582.695,267.453,23341.953,981.812,6.624,55708.084,"[-0.051301826490709766, -0.30972464933623856, 0.1757972149770684, -1.663507540881862e-05, -3.141203952241846, -0.00012130028372601991]","[-0.051310958161121065, -0.30973299442198693, 0.20582806764523864, -3.3645933866515714e-05, -3.141171762530745, -3.82881832233703e-05]","[-0.051300459330387814, -0.3097238074680593, 0.17580624499401032, -3.0269080270707417e-05, -3.141216116233925, -0.00011854208534916574]",,"[-0.04453016373262811, -0.3099659123263244, 0.4449024500642985, 2.6798962845630947e-05, -3.1412200442075475, -0.0002637165181037873]",0.009172,0.001059,,,,,,,,,,,,,,1,brick,4,"{""requested_num_anchors"": 5, ""axis_mode"": ""major"", ""candidate_count_mode"": ""transducer_diameter_floor"", ""physical_axis_length_mm"": 212.29708340718042, ""physical_axis_length_source_key"": ""global_major_dimension_mm"", ""transducer_diameter_mm"": 50.0, ""raw_floor_count"": 4, ""min_anchor_samples"": 0, ""max_anchor_samples"": 20, ""anchor_count_generated"": 4, ""anchor_count_rule_name"": ""physical_axis_length_floor_transducer_diameter"", ""fallback_used"": false, ""center_anchor_fallback_used"": false, ""raw_major_length_px"": 626.2767720394922, ""raw_minor_length_px"": 347.86485426725113}","[""arduino_check"", ""move_midhover"", ""orient"", ""xy"", ""approach_preview"", ""approach_final"", ""clamp_to_planned_width"", ""clamp_hold"", ""clamp_release"", ""home""]","[true, true, true, true, true, true, true, true, true, true]",outputs/v2_experiments/e45_robot_upv_repeatability/session_20260528_023625/cases/brick_01/reading_001,,,,,,,,,,,,,,
outputs/v2_experiments/e45_robot_upv_repeatability/session_20260528_023625/02_tables/e45_all_readings_master.csv,3,session_20260528_023625,,brick_01,brick,proposed_contact_usable,,major,2026-05-28T02:37:59-04:00,2026-05-28T02:39:33-04:00,outputs/v2_experiments/e45_robot_upv_repeatability/session_20260528_023625/cases/brick_01/reading_002/pipeline_full_session,True,,brick,candidate_001_brick,A4,A4,53.251,v2a_qwen32_single_anchor_contact_scoring,101.32590043598006,102.12105182852441,102.12105182852441,107.12105182852441,True,0.7847464361264168,True,True,True,True,True,True,,True,True,True,True,True,True,93716.834,8679.159,261.675,25171.651,966.91,6.412,56525.914,"[-0.055576889994910554, -0.31065478769249905, 0.17605283514690323, -4.915295565159295e-05, -3.1412378545717194, -0.00011240411155132273]","[-0.05556688049791117, -0.310637453884211, 0.2060533270037642, -3.925988033868813e-06, -3.1412548137838994, -0.0002580255956852676]","[-0.05557976385770475, -0.3106778399791221, 0.1760960055911137, -1.557356562840866e-05, -3.1411816711487024, 9.408642460817483e-05]",,"[-0.04452487928144992, -0.3099604364686115, 0.44491840288629697, 1.4410947517116987e-05, -3.141177400739355, -0.0001504764530569173]",0.049024,0.012411,,,,,,,,,,,,,,2,brick,4,"{""requested_num_anchors"": 5, ""axis_mode"": ""major"", ""candidate_count_mode"": ""transducer_diameter_floor"", ""physical_axis_length_mm"": 211.9862324656017, ""physical_axis_length_source_key"": ""global_major_dimension_mm"", ""transducer_diameter_mm"": 50.0, ""raw_floor_count"": 4, ""min_anchor_samples"": 0, ""max_anchor_samples"": 20, ""anchor_count_generated"": 4, ""anchor_count_rule_name"": ""physical_axis_length_floor_transducer_diameter"", ""fallback_used"": false, ""center_anchor_fallback_used"": false, ""raw_major_length_px"": 619.3464905557778, ""raw_minor_length_px"": 331.6086845340097}","[""arduino_check"", ""move_midhover"", ""orient"", ""xy"", ""approach_preview"", ""approach_final"", ""clamp_to_planned_width"", ""clamp_hold"", ""clamp_release"", ""home""]","[true, true, true, true, true, true, true, true, true, true]",outputs/v2_experiments/e45_robot_upv_repeatability/session_20260528_023625/cases/brick_01/reading_002,,,,,,,,,,,,,,
outputs/v2_experiments/e45_robot_upv_repeatability/session_20260528_023625/02_tables/e45_all_readings_master.csv,4,session_20260528_023625,,brick_01,brick,proposed_contact_usable,,major,2026-05-28T02:39:33-04:00,2026-05-28T02:41:07-04:00,outputs/v2_experiments/e45_robot_upv_repeatability/session_20260528_023625/cases/brick_01/reading_003/pipeline_full_session,True,,brick,candidate_001_brick,A2,A2,75.341,v2a_qwen32_single_anchor_contact_scoring,110.2261228609033,113.27767852375695,113.27767852375695,118.27767852375695,True,2.7684505121390033,True,True,True,True,True,True,,True,True,True,True,True,True,94115.466,8578.738,265.366,24651.621,983.983,6.642,57635.886,"[-0.0555475962515255, -0.4023396765050175, 0.17790522011211063, -4.3049196532180443e-05, -3.14114497250692, -4.0430275309636556e-05]","[-0.05554776009929974, -0.40233246997401, 0.20792228412698455, -2.344195027871974e-05, -3.141135545965198, -5.484370876008789e-05]","[-0.05555584558037791, -0.40235024589752266, 0.17793810386950631, -1.4257872439778591e-05, -3.141106375324089, 3.189782346118992e-05]",,"[-0.044472739268925525, -0.3099584968244779, 0.44490852471686443, 0.00013233278656097104, -3.141263064796293, -0.00026471214192429334]",0.035512,0.004978,,,,,,,,,,,,,,3,brick,4,"{""requested_num_anchors"": 5, ""axis_mode"": ""major"", ""candidate_count_mode"": ""transducer_diameter_floor"", ""physical_axis_length_mm"": 212.24443475488454, ""physical_axis_length_source_key"": ""global_major_dimension_mm"", ""transducer_diameter_mm"": 50.0, ""raw_floor_count"": 4, ""min_anchor_samples"": 0, ""max_anchor_samples"": 20, ""anchor_count_generated"": 4, ""anchor_count_rule_name"": ""physical_axis_length_floor_transducer_diameter"", ""fallback_used"": false, ""center_anchor_fallback_used"": false, ""raw_major_length_px"": 620.1007195383116, ""raw_minor_length_px"": 343.3095540053847}","[""arduino_check"", ""move_midhover"", ""orient"", ""xy"", ""approach_preview"", ""approach_final"", ""clamp_to_planned_width"", ""clamp_hold"", ""clamp_release"", ""home""]","[true, true, true, true, true, true, true, true, true, true]",outputs/v2_experiments/e45_robot_upv_repeatability/session_20260528_023625/cases/brick_01/reading_003,,,,,,,,,,,,,,
outputs/v2_experiments/e45_robot_upv_repeatability/session_20260528_024312/02_tables/e45_all_readings_master.csv,2,session_20260528_024312,,brick_01,brick,proposed_contact_usable,,major,2026-05-28T02:44:54-04:00,2026-05-28T02:46:28-04:00,outputs/v2_experiments/e45_robot_upv_repeatability/session_20260528_024312/cases/brick_01/reading_001/pipeline_full_session,True,,brick,candidate_001_brick,A2,A2,76.422,v2a_qwen32_single_anchor_contact_scoring,100.65997916641287,100.64242409720659,100.64242409720659,105.64242409720659,True,0.017439969043962354,True,True,True,True,True,True,,True,True,True,True,True,True,93766.548,8607.974,235.537,23005.572,875.681,7.293,59032.689,"[-0.022591741481639924, -0.39551114939004933, 0.17903697886427064, -9.951753703616969e-05, -3.141185379380402, -0.00010382787655283082]","[-0.022589650113811824, -0.39551667481848846, 0.20908243699842985, -1.450277248796812e-05, -3.1411327872470616, -2.5757197992147665e-05]","[-0.022597794741827448, -0.39550756011384547, 0.17904187137634042, -9.704832309633976e-05, -3.1411740158757366, -0.00015586597828045278]",,"[-0.04448082577120199, -0.30996080545470794, 0.44490870659478776, 7.731868131302634e-05, -3.1412341007897204, -0.00026476879457914453]",0.008571,0.003055,,,,,,,,,,,,,,1,brick,4,"{""requested_num_anchors"": 5, ""axis_mode"": ""major"", ""candidate_count_mode"": ""transducer_diameter_floor"", ""physical_axis_length_mm"": 213.07624372080565, ""physical_axis_length_source_key"": ""global_major_dimension_mm"", ""transducer_diameter_mm"": 50.0, ""raw_floor_count"": 4, ""min_anchor_samples"": 0, ""max_anchor_samples"": 20, ""anchor_count_generated"": 4, ""anchor_count_rule_name"": ""physical_axis_length_floor_transducer_diameter"", ""fallback_used"": false, ""center_anchor_fallback_used"": false, ""raw_major_length_px"": 624.5331941888019, ""raw_minor_length_px"": 304.90024867050005}","[""arduino_check"", ""move_midhover"", ""orient"", ""xy"", ""approach_preview"", ""approach_final"", ""clamp_to_planned_width"", ""clamp_hold"", ""clamp_release"", ""home""]","[true, true, true, true, true, true, true, true, true, true]",outputs/v2_experiments/e45_robot_upv_repeatability/session_20260528_024312/cases/brick_01/reading_001,,,,,,,,,,,,,,
outputs/v2_experiments/e45_robot_upv_repeatability/session_20260528_024312/02_tables/e45_all_readings_master.csv,3,session_20260528_024312,,brick_01,brick,proposed_contact_usable,,major,2026-05-28T02:46:28-04:00,2026-05-28T02:47:58-04:00,outputs/v2_experiments/e45_robot_upv_repeatability/session_20260528_024312/cases/brick_01/reading_002/pipeline_full_session,True,,brick,candidate_001_brick,A2,A2,76.587,v2a_qwen32_single_anchor_contact_scoring,100.65997923065228,100.6426883353657,100.6426883353657,105.6426883353657,True,0.017177527174884348,True,True,True,True,True,True,,True,True,True,True,True,True,89399.953,8746.263,230.13,17995.0,893.36,6.846,59092.636,"[-0.022536450799089836, -0.3956612526100542, 0.17902590019807474, -6.842672215661601e-05, -3.1411851454669666, -0.00018106447033225897]","[-0.02255045972632169, -0.39566720923794685, 0.20904099066799708, -7.739484305088412e-05, -3.14118172824971, -0.0001756842875993154]","[-0.022554604986672944, -0.39567924813807653, 0.17907719537551509, -0.00011425817827711821, -3.1411101379195396, 2.8361783983783737e-05]",,"[-0.04447122278161631, -0.3099669665590377, 0.4449099721441183, 0.0001654032419595615, -3.141260717691099, -0.00026000954117969314]",0.057312,0.013013,,,,,,,,,,,,,,2,brick,4,"{""requested_num_anchors"": 5, ""axis_mode"": ""major"", ""candidate_count_mode"": ""transducer_diameter_floor"", ""physical_axis_length_mm"": 213.37354630947993, ""physical_axis_length_source_key"": ""global_major_dimension_mm"", ""transducer_diameter_mm"": 50.0, ""raw_floor_count"": 4, ""min_anchor_samples"": 0, ""max_anchor_samples"": 20, ""anchor_count_generated"": 4, ""anchor_count_rule_name"": ""physical_axis_length_floor_transducer_diameter"", ""fallback_used"": false, ""center_anchor_fallback_used"": false, ""raw_major_length_px"": 625.4045978571235, ""raw_minor_length_px"": 304.70585935309344}","[""arduino_check"", ""move_midhover"", ""orient"", ""xy"", ""approach_preview"", ""approach_final"", ""clamp_to_planned_width"", ""clamp_hold"", ""clamp_release"", ""home""]","[true, true, true, true, true, true, true, true, true, true]",outputs/v2_experiments/e45_robot_upv_repeatability/session_20260528_024312/cases/brick_01/reading_002,,,,,,,,,,,,,,
outputs/v2_experiments/e45_robot_upv_repeatability/session_20260528_024312/02_tables/e45_all_readings_master.csv,4,session_20260528_024312,,brick_01,brick,proposed_contact_usable,,major,2026-05-28T02:47:58-04:00,2026-05-28T02:49:29-04:00,outputs/v2_experiments/e45_robot_upv_repeatability/session_20260528_024312/cases/brick_01/reading_003/pipeline_full_session,True,,brick,candidate_001_brick,A2,A2,76.55,v2a_qwen32_single_anchor_contact_scoring,100.6599793827668,100.64274250036773,100.64274250036773,105.64274250036773,True,0.01712386839811549,True,True,True,True,True,True,,True,True,True,True,True,True,90402.649,8555.787,225.088,19597.961,868.734,7.344,58481.679,"[-0.02255050211824604, -0.395669312663482, 0.17901775388542768, -4.1408048466960765e-05, -3.141184095893286, -0.00020404937424056102]","[-0.022551403883254002, -0.39567493495968975, 0.20904175541042969, -4.022870401106157e-05, -3.1411643069831623, -0.00015729865285089698]","[-0.022558140842328944, -0.3956893810203534, 0.1790610865911475, 7.561191160336795e-06, -3.141108474888636, -1.563648454223052e-05]",,"[-0.04446945042653365, -0.3099560321135564, 0.4449160170872184, 6.98778769333829e-05, -3.1412275806483576, -0.00024784982339097256]",0.048361,0.011966,,,,,,,,,,,,,,3,brick,4,"{""requested_num_anchors"": 5, ""axis_mode"": ""major"", ""candidate_count_mode"": ""transducer_diameter_floor"", ""physical_axis_length_mm"": 213.37070015186825, ""physical_axis_length_source_key"": ""global_major_dimension_mm"", ""transducer_diameter_mm"": 50.0, ""raw_floor_count"": 4, ""min_anchor_samples"": 0, ""max_anchor_samples"": 20, ""anchor_count_generated"": 4, ""anchor_count_rule_name"": ""physical_axis_length_floor_transducer_diameter"", ""fallback_used"": false, ""center_anchor_fallback_used"": false, ""raw_major_length_px"": 625.3962566246665, ""raw_minor_length_px"": 304.86984178199475}","[""arduino_check"", ""move_midhover"", ""orient"", ""xy"", ""approach_preview"", ""approach_final"", ""clamp_to_planned_width"", ""clamp_hold"", ""clamp_release"", ""home""]","[true, true, true, true, true, true, true, true, true, true]",outputs/v2_experiments/e45_robot_upv_repeatability/session_20260528_024312/cases/brick_01/reading_003,,,,,,,,,,,,,,
outputs/v2_experiments/e45_robot_upv_repeatability/session_20260528_024312/02_tables/e45_all_readings_master.csv,5,session_20260528_024312,,brick_01,brick,proposed_contact_usable,,major,2026-05-28T02:49:29-04:00,2026-05-28T02:50:58-04:00,outputs/v2_experiments/e45_robot_upv_repeatability/session_20260528_024312/cases/brick_01/reading_004/pipeline_full_session,True,,brick,candidate_001_brick,A2,A2,76.546,v2a_qwen32_single_anchor_contact_scoring,100.65997932328811,100.6426689789688,100.6426689789688,105.6426689789688,True,0.017196848673808496,True,True,True,True,True,True,,True,True,True,True,True,True,88881.698,8927.788,225.872,17835.437,856.217,6.754,58386.847,"[-0.022558405144001065, -0.3954984391282291, 0.17904559592481206, -2.958719707995962e-05, -3.141150505289271, -8.751508629977914e-05]","[-0.02254561557033572, -0.39550418355101524, 0.20908456348449866, 1.4726368909066751e-05, -3.1411138902116242, -1.7614879847939505e-05]","[-0.02257087708991378, -0.3954984113544686, 0.1790544748279871, 4.0079651962496685e-05, -3.1411396789739356, -0.00012450752982521071]",,"[-0.04447693804991079, -0.30997780932690905, 0.4448860521443099, 9.492262738443551e-05, -3.1413270274186567, -0.00035121728739783504]",0.01531,0.004562,,,,,,,,,,,,,,4,brick,4,"{""requested_num_anchors"": 5, ""axis_mode"": ""major"", ""candidate_count_mode"": ""transducer_diameter_floor"", ""physical_axis_length_mm"": 213.0721921828246, ""physical_axis_length_source_key"": ""global_major_dimension_mm"", ""transducer_diameter_mm"": 50.0, ""raw_floor_count"": 4, ""min_anchor_samples"": 0, ""max_anchor_samples"": 20, ""anchor_count_generated"": 4, ""anchor_count_rule_name"": ""physical_axis_length_floor_transducer_diameter"", ""fallback_used"": false, ""center_anchor_fallback_used"": false, ""raw_major_length_px"": 624.5213199766725, ""raw_minor_length_px"": 304.8935004294087}","[""arduino_check"", ""move_midhover"", ""orient"", ""xy"", ""approach_preview"", ""approach_final"", ""clamp_to_planned_width"", ""clamp_hold"", ""clamp_release"", ""home""]","[true, true, true, true, true, true, true, true, true, true]",outputs/v2_experiments/e45_robot_upv_repeatability/session_20260528_024312/cases/brick_01/reading_004,,,,,,,,,,,,,,
outputs/v2_experiments/e45_robot_upv_repeatability/session_20260528_024312/02_tables/e45_all_readings_master.csv,6,session_20260528_024312,,brick_01,brick,proposed_contact_usable,,major,2026-05-28T02:50:59-04:00,2026-05-28T02:52:28-04:00,outputs/v2_experiments/e45_robot_upv_repeatability/session_20260528_024312/cases/brick_01/reading_005/pipeline_full_session,True,,brick,candidate_001_brick,A2,A2,76.532,v2a_qwen32_single_anchor_contact_scoring,100.65997919881073,100.64252133895071,100.64252133895071,105.64252133895071,True,0.01734339704713809,True,True,True,True,True,True,,True,True,True,True,True,True,88768.726,8675.397,233.251,17951.504,887.61,6.735,58356.095,"[-0.02258333316064249, -0.39549235441247516, 0.1790438413690829, -4.809766886613367e-05, -3.1411446338800237, -0.00010830728247175773]","[-0.02257545527274351, -0.39550485498179777, 0.2090895619444185, 3.4320783784258616e-05, -3.1411053555206196, -2.9887760480812046e-06]","[-0.022583895728722245, -0.39549248170701323, 0.17907208007623227, -4.812782813008155e-05, -3.141122314838506, -3.8456380816628095e-05]",,"[-0.04446986559681927, -0.3099593266319437, 0.44490068824221085, 4.5224695575741746e-05, -3.1412840305265433, -0.00033912235035074166]",0.028245,0.004201,,,,,,,,,,,,,,5,brick,4,"{""requested_num_anchors"": 5, ""axis_mode"": ""major"", ""candidate_count_mode"": ""transducer_diameter_floor"", ""physical_axis_length_mm"": 213.0754121517259, ""physical_axis_length_source_key"": ""global_major_dimension_mm"", ""transducer_diameter_mm"": 50.0, ""raw_floor_count"": 4, ""min_anchor_samples"": 0, ""max_anchor_samples"": 20, ""anchor_count_generated"": 4, ""anchor_count_rule_name"": ""physical_axis_length_floor_transducer_diameter"", ""fallback_used"": false, ""center_anchor_fallback_used"": false, ""raw_major_length_px"": 624.5307570346474, ""raw_minor_length_px"": 304.91134050382465}","[""arduino_check"", ""move_midhover"", ""orient"", ""xy"", ""approach_preview"", ""approach_final"", ""clamp_to_planned_width"", ""clamp_hold"", ""clamp_release"", ""home""]","[true, true, true, true, true, true, true, true, true, true]",outputs/v2_experiments/e45_robot_upv_repeatability/session_20260528_024312/cases/brick_01/reading_005,,,,,,,,,,,,,,
outputs/v2_experiments/e45_robot_upv_repeatability/session_20260528_024312/02_tables/e45_all_readings_master.csv,7,session_20260528_024312,,brick_02,brick,proposed_contact_usable,,major,2026-05-28T02:54:07-04:00,2026-05-28T02:55:36-04:00,outputs/v2_experiments/e45_robot_upv_repeatability/session_20260528_024312/cases/brick_02/reading_001/pipeline_full_session,True,,brick,candidate_001_brick,A3,A3,72.17,v2a_qwen32_single_anchor_contact_scoring,103.03754493486537,104.08762617551211,104.08762617551211,109.08762617551211,True,1.0191248649320506,True,True,True,True,True,True,,True,True,True,True,True,True,88814.717,9018.151,232.256,19170.905,885.034,6.856,57029.718,"[-0.008932374707082606, -0.35537042576090677, 0.17797097626495934, 6.652320118315028e-05, -3.1412153907549865, -0.00016397227124754756]","[-0.008940970930694965, -0.3553845898895349, 0.2080239221041767, -2.7572963154277748e-05, -3.1411741864213365, 6.938142982475132e-05]","[-0.008955420010513254, -0.3553873138640118, 0.1780159393712203, 2.067442447723084e-05, -3.1411182455327853, 4.9548952441148304e-06]",,"[-0.04446147350331715, -0.3099577625389081, 0.4449092133416875, 9.576716560628705e-05, -3.1412309320109792, -0.00026900837083460185]",0.053273,0.01147,,,,,,,,,,,,,,6,brick,4,"{""requested_num_anchors"": 5, ""axis_mode"": ""major"", ""candidate_count_mode"": ""transducer_diameter_floor"", ""physical_axis_length_mm"": 212.03907672509044, ""physical_axis_length_source_key"": ""global_major_dimension_mm"", ""transducer_diameter_mm"": 50.0, ""raw_floor_count"": 4, ""min_anchor_samples"": 0, ""max_anchor_samples"": 20, ""anchor_count_generated"": 4, ""anchor_count_rule_name"": ""physical_axis_length_floor_transducer_diameter"", ""fallback_used"": false, ""center_anchor_fallback_used"": false, ""raw_major_length_px"": 619.5012330859774, ""raw_minor_length_px"": 354.9978120312691}","[""arduino_check"", ""move_midhover"", ""orient"", ""xy"", ""approach_preview"", ""approach_final"", ""clamp_to_planned_width"", ""clamp_hold"", ""clamp_release"", ""home""]","[true, true, true, true, true, true, true, true, true, true]",outputs/v2_experiments/e45_robot_upv_repeatability/session_20260528_024312/cases/brick_02/reading_001,,,,,,,,,,,,,,
outputs/v2_experiments/e45_robot_upv_repeatability/session_20260528_024312/02_tables/e45_all_readings_master.csv,8,session_20260528_024312,,brick_02,brick,proposed_contact_usable,,major,2026-05-28T02:55:36-04:00,2026-05-28T02:57:02-04:00,outputs/v2_experiments/e45_robot_upv_repeatability/session_20260528_024312/cases/brick_02/reading_002/pipeline_full_session,True,,brick,candidate_001_brick,A3,A3,56.566,v2a_qwen32_single_anchor_contact_scoring,101.00119643044614,102.30024718839401,102.30024718839401,107.30024718839401,True,1.2861736334405214,True,True,True,True,True,True,,True,True,True,True,True,True,85791.648,8778.125,234.284,15686.785,891.37,6.624,57799.766,"[-0.009181681100707429, -0.341867611471432, 0.17528802113719893, 6.573821232088513e-05, -3.141182201733659, -0.00017556803595065657]","[-0.009182380382641442, -0.3418781396081796, 0.20532413278977346, 0.00015403636928888544, -3.141085749132039, -4.7247863339022034e-05]","[-0.009188860919477288, -0.3418908987920729, 0.17534384346751486, 6.787158259271803e-05, -3.1410988999254528, 5.577346482146112e-05]",,"[-0.04447810980657799, -0.3099817823995122, 0.44489561861905513, 0.00014023632422301832, -3.1412753886929643, -0.00026040766440077836]",0.06091,0.014089,,,,,,,,,,,,,,7,brick,3,"{""requested_num_anchors"": 5, ""axis_mode"": ""major"", ""candidate_count_mode"": ""transducer_diameter_floor"", ""physical_axis_length_mm"": 184.91470541935465, ""physical_axis_length_source_key"": ""global_major_dimension_mm"", ""transducer_diameter_mm"": 50.0, ""raw_floor_count"": 3, ""min_anchor_samples"": 0, ""max_anchor_samples"": 20, ""anchor_count_generated"": 3, ""anchor_count_rule_name"": ""physical_axis_length_floor_transducer_diameter"", ""fallback_used"": false, ""center_anchor_fallback_used"": false, ""raw_major_length_px"": 541.9908206346594, ""raw_minor_length_px"": 308.6093401935059}","[""arduino_check"", ""move_midhover"", ""orient"", ""xy"", ""approach_preview"", ""approach_final"", ""clamp_to_planned_width"", ""clamp_hold"", ""clamp_release"", ""home""]","[true, true, true, true, true, true, true, true, true, true]",outputs/v2_experiments/e45_robot_upv_repeatability/session_20260528_024312/cases/brick_02/reading_002,,,,,,,,,,,,,,
outputs/v2_experiments/e45_robot_upv_repeatability/session_20260528_024312/02_tables/e45_all_readings_master.csv,9,session_20260528_024312,,brick_02,brick,proposed_contact_usable,,major,2026-05-28T02:57:03-04:00,2026-05-28T02:58:29-04:00,outputs/v2_experiments/e45_robot_upv_repeatability/session_20260528_024312/cases/brick_02/reading_003/pipeline_full_session,True,,brick,candidate_001_brick,A3,A3,56.821,v2a_qwen32_single_anchor_contact_scoring,101.0011972182938,102.4903424842376,102.4903424842376,107.4903424842376,True,1.4743837765856538,True,True,True,True,True,True,,True,True,True,True,True,True,86425.203,8735.216,234.09,17194.42,895.086,6.746,57191.646,"[-0.008927822327761193, -0.34181841209706976, 0.17529487644352193, 8.533426889110371e-06, -3.1411954550380927, -0.0001626238219071096]","[-0.008931875534132706, -0.3418373486543112, 0.20534032026896593, -1.1072171075649828e-05, -3.1411801143013878, 2.679148229646881e-05]","[-0.008934683004200165, -0.34183531268437345, 0.17535990923892836, -5.245438103973139e-05, -3.141135965130885, 0.00010423635895683132]",,"[-0.04448274604865316, -0.30996549943635654, 0.4449016437777588, 0.00010910540791142532, -3.141239179526207, -0.0002878160111098826]",0.067542,0.01605,,,,,,,,,,,,,,8,brick,3,"{""requested_num_anchors"": 5, ""axis_mode"": ""major"", ""candidate_count_mode"": ""transducer_diameter_floor"", ""physical_axis_length_mm"": 184.87934007906506, ""physical_axis_length_source_key"": ""global_major_dimension_mm"", ""transducer_diameter_mm"": 50.0, ""raw_floor_count"": 3, ""min_anchor_samples"": 0, ""max_anchor_samples"": 20, ""anchor_count_generated"": 3, ""anchor_count_rule_name"": ""physical_axis_length_floor_transducer_diameter"", ""fallback_used"": false, ""center_anchor_fallback_used"": false, ""raw_major_length_px"": 541.8871679373664, ""raw_minor_length_px"": 307.1808928291501}","[""arduino_check"", ""move_midhover"", ""orient"", ""xy"", ""approach_preview"", ""approach_final"", ""clamp_to_planned_width"", ""clamp_hold"", ""clamp_release"", ""home""]","[true, true, true, true, true, true, true, true, true, true]",outputs/v2_experiments/e45_robot_upv_repeatability/session_20260528_024312/cases/brick_02/reading_003,,,,,,,,,,,,,,
outputs/v2_experiments/e45_robot_upv_repeatability/session_20260528_024312/02_tables/e45_all_readings_master.csv,10,session_20260528_024312,,brick_02,brick,proposed_contact_usable,,major,2026-05-28T02:58:30-04:00,2026-05-28T02:59:58-04:00,outputs/v2_experiments/e45_robot_upv_repeatability/session_20260528_024312/cases/brick_02/reading_004/pipeline_full_session,True,,brick,candidate_001_brick,A3,A3,56.365,v2a_qwen32_single_anchor_contact_scoring,101.00119649701352,102.30024725581757,102.30024725581757,107.30024725581757,True,1.286173633440525,True,True,True,True,True,True,,True,True,True,True,True,True,87726.99,8681.476,226.806,16037.447,866.744,6.584,57466.362,"[-0.009381508474730668, -0.34204918969132664, 0.17727037028696874, -2.9178479839587332e-05, -3.1412096303817134, -0.00025428442026074116]","[-0.009401517192819338, -0.3420709278715291, 0.20732603278808034, -0.00013363115679652322, -3.1411352036614506, -9.986099178324269e-06]","[-0.009371885760343151, -0.3420404250746641, 0.1772723873373241, 4.566858707083391e-05, -3.1412195677376102, -0.00030194255431362124]",,"[-0.04447928763520747, -0.30997659820040957, 0.44489838577374546, 0.00014017049325346713, -3.1412652307006113, -0.0002478208885617102]",0.013171,0.005116,,,,,,,,,,,,,,9,brick,3,"{""requested_num_anchors"": 5, ""axis_mode"": ""major"", ""candidate_count_mode"": ""transducer_diameter_floor"", ""physical_axis_length_mm"": 184.92606499555828, ""physical_axis_length_source_key"": ""global_major_dimension_mm"", ""transducer_diameter_mm"": 50.0, ""raw_floor_count"": 3, ""min_anchor_samples"": 0, ""max_anchor_samples"": 20, ""anchor_count_generated"": 3, ""anchor_count_rule_name"": ""physical_axis_length_floor_transducer_diameter"", ""fallback_used"": false, ""center_anchor_fallback_used"": false, ""raw_major_length_px"": 542.0241162673107, ""raw_minor_length_px"": 309.64418692799507}","[""arduino_check"", ""move_midhover"", ""orient"", ""xy"", ""approach_preview"", ""approach_final"", ""clamp_to_planned_width"", ""clamp_hold"", ""clamp_release"", ""home""]","[true, true, true, true, true, true, true, true, true, true]",outputs/v2_experiments/e45_robot_upv_repeatability/session_20260528_024312/cases/brick_02/reading_004,,,,,,,,,,,,,,
outputs/v2_experiments/e45_robot_upv_repeatability/session_20260528_024312/02_tables/e45_all_readings_master.csv,11,session_20260528_024312,,brick_02,brick,proposed_contact_usable,,major,2026-05-28T02:59:58-04:00,2026-05-28T03:01:31-04:00,outputs/v2_experiments/e45_robot_upv_repeatability/session_20260528_024312/cases/brick_02/reading_005/pipeline_full_session,True,,brick,candidate_001_brick,A1,A1,57.821,v2a_qwen32_single_anchor_contact_scoring,103.38973314305568,102.91552662023496,102.91552662023496,107.91552662023496,True,0.4586591999077746,True,True,True,True,True,True,,True,True,True,True,True,True,93335.622,9224.748,226.278,16928.606,869.677,6.985,61328.767,"[-0.011517369454945126, -0.4603053885640633, 0.17849821924342313, 2.2840269671019914e-06, -3.141208200455658, -0.0001338832483288329]","[-0.011521852662274627, -0.46030583949400367, 0.208534210501269, 4.745343286465496e-06, -3.1411925774727436, -4.4395015638064246e-05]","[-0.01152992688727569, -0.4603027823046669, 0.17854459235093578, -5.429702728494605e-05, -3.1411679201991114, 1.563798867918748e-05]",,"[-0.044494509856871436, -0.30995267008065835, 0.444910348508766, -0.00011910831850728073, -3.1412396761686687, -0.00024322177269718183]",0.048114,0.009446,,,,,,,,,,,,,,10,brick,3,"{""requested_num_anchors"": 5, ""axis_mode"": ""major"", ""candidate_count_mode"": ""transducer_diameter_floor"", ""physical_axis_length_mm"": 185.66041858638832, ""physical_axis_length_source_key"": ""global_major_dimension_mm"", ""transducer_diameter_mm"": 50.0, ""raw_floor_count"": 3, ""min_anchor_samples"": 0, ""max_anchor_samples"": 20, ""anchor_count_generated"": 3, ""anchor_count_rule_name"": ""physical_axis_length_floor_transducer_diameter"", ""fallback_used"": false, ""center_anchor_fallback_used"": false, ""raw_major_length_px"": 544.1765025710575, ""raw_minor_length_px"": 322.0665815887281}","[""arduino_check"", ""move_midhover"", ""orient"", ""xy"", ""approach_preview"", ""approach_final"", ""clamp_to_planned_width"", ""clamp_hold"", ""clamp_release"", ""home""]","[true, true, true, true, true, true, true, true, true, true]",outputs/v2_experiments/e45_robot_upv_repeatability/session_20260528_024312/cases/brick_02/reading_005,,,,,,,,,,,,,,
outputs/v2_experiments/e45_robot_upv_repeatability/session_20260528_035232/02_tables/e45_all_readings_master.csv,2,session_20260528_035232,,brick_01,brick,proposed_contact_usable,,major,2026-05-28T03:52:33-04:00,2026-05-28T03:52:33-04:00,outputs/v2_experiments/e45_robot_upv_repeatability/session_20260528_035232/cases/brick_01/reading_001/pipeline_full_session,True,,brick,candidate_001_brick,A2,A2,76.422,v2a_qwen32_single_anchor_contact_scoring,100.65997916641287,100.64242409720659,100.64242409720659,105.64242409720659,True,0.017439969043962354,True,True,True,True,True,True,,True,True,True,True,True,True,93766.548,8607.974,235.537,23005.572,875.681,7.293,59032.689,"[-0.022591741481639924, -0.39551114939004933, 0.17903697886427064, -9.951753703616969e-05, -3.141185379380402, -0.00010382787655283082]","[-0.022589650113811824, -0.39551667481848846, 0.20908243699842985, -1.450277248796812e-05, -3.1411327872470616, -2.5757197992147665e-05]","[-0.022597794741827448, -0.39550756011384547, 0.17904187137634042, -9.704832309633976e-05, -3.1411740158757366, -0.00015586597828045278]",,"[-0.04448082577120199, -0.30996080545470794, 0.44490870659478776, 7.731868131302634e-05, -3.1412341007897204, -0.00026476879457914453]",0.008571,0.003055,,,,,,,,,,,,,,1,brick,4,"{""requested_num_anchors"": 5, ""axis_mode"": ""major"", ""candidate_count_mode"": ""transducer_diameter_floor"", ""physical_axis_length_mm"": 213.07624372080565, ""physical_axis_length_source_key"": ""global_major_dimension_mm"", ""transducer_diameter_mm"": 50.0, ""raw_floor_count"": 4, ""min_anchor_samples"": 0, ""max_anchor_samples"": 20, ""anchor_count_generated"": 4, ""anchor_count_rule_name"": ""physical_axis_length_floor_transducer_diameter"", ""fallback_used"": false, ""center_anchor_fallback_used"": false, ""raw_major_length_px"": 624.5331941888019, ""raw_minor_length_px"": 304.90024867050005}","[""arduino_check"", ""move_midhover"", ""orient"", ""xy"", ""approach_preview"", ""approach_final"", ""clamp_to_planned_width"", ""clamp_hold"", ""clamp_release"", ""home""]","[true, true, true, true, true, true, true, true, true, true]",outputs/v2_experiments/e45_robot_upv_repeatability/session_20260528_035232/cases/brick_01/reading_001,1,[],,,,True,1,imported,workspace/outputs/v2_experiments/e45_robot_upv_repeatability/session_20260528_024312,brick_01,1,brick_01,1,True
outputs/v2_experiments/e45_robot_upv_repeatability/session_20260528_035232/02_tables/e45_all_readings_master.csv,3,session_20260528_035232,,brick_01,brick,proposed_contact_usable,,major,2026-05-28T03:52:33-04:00,2026-05-28T03:52:33-04:00,outputs/v2_experiments/e45_robot_upv_repeatability/session_20260528_035232/cases/brick_01/reading_002/pipeline_full_session,True,,brick,candidate_001_brick,A2,A2,76.587,v2a_qwen32_single_anchor_contact_scoring,100.65997923065228,100.6426883353657,100.6426883353657,105.6426883353657,True,0.017177527174884348,True,True,True,True,True,True,,True,True,True,True,True,True,89399.953,8746.263,230.13,17995.0,893.36,6.846,59092.636,"[-0.022536450799089836, -0.3956612526100542, 0.17902590019807474, -6.842672215661601e-05, -3.1411851454669666, -0.00018106447033225897]","[-0.02255045972632169, -0.39566720923794685, 0.20904099066799708, -7.739484305088412e-05, -3.14118172824971, -0.0001756842875993154]","[-0.022554604986672944, -0.39567924813807653, 0.17907719537551509, -0.00011425817827711821, -3.1411101379195396, 2.8361783983783737e-05]",,"[-0.04447122278161631, -0.3099669665590377, 0.4449099721441183, 0.0001654032419595615, -3.141260717691099, -0.00026000954117969314]",0.057312,0.013013,,,,,,,,,,,,,,2,brick,4,"{""requested_num_anchors"": 5, ""axis_mode"": ""major"", ""candidate_count_mode"": ""transducer_diameter_floor"", ""physical_axis_length_mm"": 213.37354630947993, ""physical_axis_length_source_key"": ""global_major_dimension_mm"", ""transducer_diameter_mm"": 50.0, ""raw_floor_count"": 4, ""min_anchor_samples"": 0, ""max_anchor_samples"": 20, ""anchor_count_generated"": 4, ""anchor_count_rule_name"": ""physical_axis_length_floor_transducer_diameter"", ""fallback_used"": false, ""center_anchor_fallback_used"": false, ""raw_major_length_px"": 625.4045978571235, ""raw_minor_length_px"": 304.70585935309344}","[""arduino_check"", ""move_midhover"", ""orient"", ""xy"", ""approach_preview"", ""approach_final"", ""clamp_to_planned_width"", ""clamp_hold"", ""clamp_release"", ""home""]","[true, true, true, true, true, true, true, true, true, true]",outputs/v2_experiments/e45_robot_upv_repeatability/session_20260528_035232/cases/brick_01/reading_002,1,[],,,,True,1,imported,workspace/outputs/v2_experiments/e45_robot_upv_repeatability/session_20260528_024312,brick_01,2,brick_01,2,True
outputs/v2_experiments/e45_robot_upv_repeatability/session_20260528_035232/02_tables/e45_all_readings_master.csv,4,session_20260528_035232,,brick_01,brick,proposed_contact_usable,,major,2026-05-28T03:52:33-04:00,2026-05-28T03:52:33-04:00,outputs/v2_experiments/e45_robot_upv_repeatability/session_20260528_035232/cases/brick_01/reading_003/pipeline_full_session,True,,brick,candidate_001_brick,A2,A2,76.55,v2a_qwen32_single_anchor_contact_scoring,100.6599793827668,100.64274250036773,100.64274250036773,105.64274250036773,True,0.01712386839811549,True,True,True,True,True,True,,True,True,True,True,True,True,90402.649,8555.787,225.088,19597.961,868.734,7.344,58481.679,"[-0.02255050211824604, -0.395669312663482, 0.17901775388542768, -4.1408048466960765e-05, -3.141184095893286, -0.00020404937424056102]","[-0.022551403883254002, -0.39567493495968975, 0.20904175541042969, -4.022870401106157e-05, -3.1411643069831623, -0.00015729865285089698]","[-0.022558140842328944, -0.3956893810203534, 0.1790610865911475, 7.561191160336795e-06, -3.141108474888636, -1.563648454223052e-05]",,"[-0.04446945042653365, -0.3099560321135564, 0.4449160170872184, 6.98778769333829e-05, -3.1412275806483576, -0.00024784982339097256]",0.048361,0.011966,,,,,,,,,,,,,,3,brick,4,"{""requested_num_anchors"": 5, ""axis_mode"": ""major"", ""candidate_count_mode"": ""transducer_diameter_floor"", ""physical_axis_length_mm"": 213.37070015186825, ""physical_axis_length_source_key"": ""global_major_dimension_mm"", ""transducer_diameter_mm"": 50.0, ""raw_floor_count"": 4, ""min_anchor_samples"": 0, ""max_anchor_samples"": 20, ""anchor_count_generated"": 4, ""anchor_count_rule_name"": ""physical_axis_length_floor_transducer_diameter"", ""fallback_used"": false, ""center_anchor_fallback_used"": false, ""raw_major_length_px"": 625.3962566246665, ""raw_minor_length_px"": 304.86984178199475}","[""arduino_check"", ""move_midhover"", ""orient"", ""xy"", ""approach_preview"", ""approach_final"", ""clamp_to_planned_width"", ""clamp_hold"", ""clamp_release"", ""home""]","[true, true, true, true, true, true, true, true, true, true]",outputs/v2_experiments/e45_robot_upv_repeatability/session_20260528_035232/cases/brick_01/reading_003,1,[],,,,True,1,imported,workspace/outputs/v2_experiments/e45_robot_upv_repeatability/session_20260528_024312,brick_01,3,brick_01,3,True
outputs/v2_experiments/e45_robot_upv_repeatability/session_20260528_035232/02_tables/e45_all_readings_master.csv,5,session_20260528_035232,,brick_01,brick,proposed_contact_usable,,major,2026-05-28T03:52:34-04:00,2026-05-28T03:52:34-04:00,outputs/v2_experiments/e45_robot_upv_repeatability/session_20260528_035232/cases/brick_01/reading_004/pipeline_full_session,True,,brick,candidate_001_brick,A2,A2,76.546,v2a_qwen32_single_anchor_contact_scoring,100.65997932328811,100.6426689789688,100.6426689789688,105.6426689789688,True,0.017196848673808496,True,True,True,True,True,True,,True,True,True,True,True,True,88881.698,8927.788,225.872,17835.437,856.217,6.754,58386.847,"[-0.022558405144001065, -0.3954984391282291, 0.17904559592481206, -2.958719707995962e-05, -3.141150505289271, -8.751508629977914e-05]","[-0.02254561557033572, -0.39550418355101524, 0.20908456348449866, 1.4726368909066751e-05, -3.1411138902116242, -1.7614879847939505e-05]","[-0.02257087708991378, -0.3954984113544686, 0.1790544748279871, 4.0079651962496685e-05, -3.1411396789739356, -0.00012450752982521071]",,"[-0.04447693804991079, -0.30997780932690905, 0.4448860521443099, 9.492262738443551e-05, -3.1413270274186567, -0.00035121728739783504]",0.01531,0.004562,,,,,,,,,,,,,,4,brick,4,"{""requested_num_anchors"": 5, ""axis_mode"": ""major"", ""candidate_count_mode"": ""transducer_diameter_floor"", ""physical_axis_length_mm"": 213.0721921828246, ""physical_axis_length_source_key"": ""global_major_dimension_mm"", ""transducer_diameter_mm"": 50.0, ""raw_floor_count"": 4, ""min_anchor_samples"": 0, ""max_anchor_samples"": 20, ""anchor_count_generated"": 4, ""anchor_count_rule_name"": ""physical_axis_length_floor_transducer_diameter"", ""fallback_used"": false, ""center_anchor_fallback_used"": false, ""raw_major_length_px"": 624.5213199766725, ""raw_minor_length_px"": 304.8935004294087}","[""arduino_check"", ""move_midhover"", ""orient"", ""xy"", ""approach_preview"", ""approach_final"", ""clamp_to_planned_width"", ""clamp_hold"", ""clamp_release"", ""home""]","[true, true, true, true, true, true, true, true, true, true]",outputs/v2_experiments/e45_robot_upv_repeatability/session_20260528_035232/cases/brick_01/reading_004,1,[],,,,True,1,imported,workspace/outputs/v2_experiments/e45_robot_upv_repeatability/session_20260528_024312,brick_01,4,brick_01,4,True
outputs/v2_experiments/e45_robot_upv_repeatability/session_20260528_035232/02_tables/e45_all_readings_master.csv,6,session_20260528_035232,,brick_01,brick,proposed_contact_usable,,major,2026-05-28T03:52:34-04:00,2026-05-28T03:52:34-04:00,outputs/v2_experiments/e45_robot_upv_repeatability/session_20260528_035232/cases/brick_01/reading_005/pipeline_full_session,True,,brick,candidate_001_brick,A2,A2,76.532,v2a_qwen32_single_anchor_contact_scoring,100.65997919881073,100.64252133895071,100.64252133895071,105.64252133895071,True,0.01734339704713809,True,True,True,True,True,True,,True,True,True,True,True,True,88768.726,8675.397,233.251,17951.504,887.61,6.735,58356.095,"[-0.02258333316064249, -0.39549235441247516, 0.1790438413690829, -4.809766886613367e-05, -3.1411446338800237, -0.00010830728247175773]","[-0.02257545527274351, -0.39550485498179777, 0.2090895619444185, 3.4320783784258616e-05, -3.1411053555206196, -2.9887760480812046e-06]","[-0.022583895728722245, -0.39549248170701323, 0.17907208007623227, -4.812782813008155e-05, -3.141122314838506, -3.8456380816628095e-05]",,"[-0.04446986559681927, -0.3099593266319437, 0.44490068824221085, 4.5224695575741746e-05, -3.1412840305265433, -0.00033912235035074166]",0.028245,0.004201,,,,,,,,,,,,,,5,brick,4,"{""requested_num_anchors"": 5, ""axis_mode"": ""major"", ""candidate_count_mode"": ""transducer_diameter_floor"", ""physical_axis_length_mm"": 213.0754121517259, ""physical_axis_length_source_key"": ""global_major_dimension_mm"", ""transducer_diameter_mm"": 50.0, ""raw_floor_count"": 4, ""min_anchor_samples"": 0, ""max_anchor_samples"": 20, ""anchor_count_generated"": 4, ""anchor_count_rule_name"": ""physical_axis_length_floor_transducer_diameter"", ""fallback_used"": false, ""center_anchor_fallback_used"": false, ""raw_major_length_px"": 624.5307570346474, ""raw_minor_length_px"": 304.91134050382465}","[""arduino_check"", ""move_midhover"", ""orient"", ""xy"", ""approach_preview"", ""approach_final"", ""clamp_to_planned_width"", ""clamp_hold"", ""clamp_release"", ""home""]","[true, true, true, true, true, true, true, true, true, true]",outputs/v2_experiments/e45_robot_upv_repeatability/session_20260528_035232/cases/brick_01/reading_005,1,[],,,,True,1,imported,workspace/outputs/v2_experiments/e45_robot_upv_repeatability/session_20260528_024312,brick_01,5,brick_01,5,True
outputs/v2_experiments/e45_robot_upv_repeatability/session_20260528_035232/02_tables/e45_all_readings_master.csv,7,session_20260528_035232,,brick_02,brick,proposed_contact_usable,,major,2026-05-28T03:52:48-04:00,2026-05-28T03:54:33-04:00,outputs/v2_experiments/e45_robot_upv_repeatability/session_20260528_035232/cases/brick_02/reading_001/pipeline_full_session,True,,brick,candidate_001_brick,A2,A2,73.462,v2a_qwen32_single_anchor_contact_scoring,113.6360290440029,117.20007769100575,117.20007769100575,122.20007769100575,True,3.13637204413642,True,True,True,True,True,True,,True,True,True,True,True,True,104765.312,8716.444,416.41,25884.432,857.673,6.829,64301.877,"[0.007533362426163235, -0.3895962619131721, 0.1775362569059847, 1.8877520835720403, -2.5107158785141475, 0.00026954949142539344]","[0.007527046987907819, -0.38961237422544376, 0.20759986249258075, 1.887716392746818, -2.510546879806092, 0.00042486925802378954]","[0.007548479710238986, -0.3895883045329432, 0.17755138710387347, 1.8877443978318562, -2.5106855614007824, 0.00028788583330588267]",,"[-0.04448535379618993, -0.30997071050988234, 0.4449009429818753, 0.00033458675729029736, -3.1412811001073666, -0.0002983305245631447]",0.02282,0.002077,,,,,,,,,,,,,,6,brick,4,"{""requested_num_anchors"": 5, ""axis_mode"": ""major"", ""candidate_count_mode"": ""transducer_diameter_floor"", ""physical_axis_length_mm"": 212.2423126550259, ""physical_axis_length_source_key"": ""global_major_dimension_mm"", ""transducer_diameter_mm"": 50.0, ""raw_floor_count"": 4, ""min_anchor_samples"": 0, ""max_anchor_samples"": 20, ""anchor_count_generated"": 4, ""anchor_count_rule_name"": ""physical_axis_length_floor_transducer_diameter"", ""fallback_used"": false, ""center_anchor_fallback_used"": false, ""raw_major_length_px"": 620.0221397796679, ""raw_minor_length_px"": 355.33518491396114}","[""arduino_check"", ""move_midhover"", ""orient"", ""xy"", ""approach_preview"", ""approach_final"", ""clamp_to_planned_width"", ""clamp_hold"", ""clamp_release"", ""home""]","[true, true, true, true, true, true, true, true, true, true]",outputs/v2_experiments/e45_robot_upv_repeatability/session_20260528_035232/cases/brick_02/reading_001,1,[],True,True,True,True,1,newly_collected,,,,brick_02,1,False
outputs/v2_experiments/e45_robot_upv_repeatability/session_20260528_035232/02_tables/e45_all_readings_master.csv,8,session_20260528_035232,,brick_02,brick,proposed_contact_usable,,major,2026-05-28T03:54:33-04:00,2026-05-28T03:56:19-04:00,outputs/v2_experiments/e45_robot_upv_repeatability/session_20260528_035232/cases/brick_02/reading_002/pipeline_full_session,True,,brick,candidate_001_brick,A3,A3,72.411,v2a_qwen32_single_anchor_contact_scoring,103.69900000989847,104.49127133501132,104.49127133501132,109.49127133501132,True,0.7640105739083546,True,True,True,True,True,True,,True,True,True,True,True,True,105991.263,8843.56,496.368,26246.117,976.686,6.927,64752.145,"[-0.03322982789696771, -0.37043760436126605, 0.17800137509110853, 1.8913111452591653, -2.5080290838221426, 0.00021369786986533953]","[-0.033228723596232745, -0.37042557555187855, 0.20800318006948249, 1.8913203728924195, -2.508098173033982, 0.00014908738637750413]","[-0.033240991836245, -0.3704502370877278, 0.17802598083772292, 1.89125055206428, -2.5079609439308763, 0.00020449410140977015]",,"[-0.04448330663702208, -0.3099572199794248, 0.4449025885007572, 0.0002787145057290945, -3.1412526960089755, -0.00033326785037462683]",0.029827,0.005251,,,,,,,,,,,,,,7,brick,4,"{""requested_num_anchors"": 5, ""axis_mode"": ""major"", ""candidate_count_mode"": ""transducer_diameter_floor"", ""physical_axis_length_mm"": 212.55239663172446, ""physical_axis_length_source_key"": ""global_major_dimension_mm"", ""transducer_diameter_mm"": 50.0, ""raw_floor_count"": 4, ""min_anchor_samples"": 0, ""max_anchor_samples"": 20, ""anchor_count_generated"": 4, ""anchor_count_rule_name"": ""physical_axis_length_floor_transducer_diameter"", ""fallback_used"": false, ""center_anchor_fallback_used"": false, ""raw_major_length_px"": 618.9440717500534, ""raw_minor_length_px"": 355.14386313615586}","[""arduino_check"", ""move_midhover"", ""orient"", ""xy"", ""approach_preview"", ""approach_final"", ""clamp_to_planned_width"", ""clamp_hold"", ""clamp_release"", ""home""]","[true, true, true, true, true, true, true, true, true, true]",outputs/v2_experiments/e45_robot_upv_repeatability/session_20260528_035232/cases/brick_02/reading_002,1,[],True,True,True,True,1,newly_collected,,,,brick_02,2,False
outputs/v2_experiments/e45_robot_upv_repeatability/session_20260528_035232/02_tables/e45_all_readings_master.csv,9,session_20260528_035232,,brick_02,brick,proposed_contact_usable,,major,2026-05-28T03:56:20-04:00,2026-05-28T03:58:01-04:00,outputs/v2_experiments/e45_robot_upv_repeatability/session_20260528_035232/cases/brick_02/reading_003/pipeline_full_session,True,,brick,candidate_001_brick,A4,A4,52.029,v2a_qwen32_single_anchor_contact_scoring,101.6386802050556,102.30652000292142,102.30652000292142,107.30652000292142,True,0.6570724811837834,True,True,True,True,True,True,,True,True,True,True,True,True,101018.453,8843.808,506.97,21555.596,994.057,6.689,64819.404,"[-0.07433311868146165, -0.3516399648054889, 0.17649497365776048, 1.9052406400532769, -2.497501146767292, 0.0003221251972635495]","[-0.07433957616639457, -0.35165449299482165, 0.20656689256136207, 1.9051570605736605, -2.4973171380559194, 0.0003432498490994151]","[-0.0743393949474377, -0.3516420941239181, 0.17652686470574058, 1.905191075899166, -2.4974829297607593, 0.00032010760861841]",,"[-0.04451399643395495, -0.3099530045517187, 0.4449006005628174, 0.00014705901529839116, -3.141254986066227, -0.00032597857757520055]",0.032572,0.003028,,,,,,,,,,,,,,8,brick,4,"{""requested_num_anchors"": 5, ""axis_mode"": ""major"", ""candidate_count_mode"": ""transducer_diameter_floor"", ""physical_axis_length_mm"": 212.48910130640903, ""physical_axis_length_source_key"": ""global_major_dimension_mm"", ""transducer_diameter_mm"": 50.0, ""raw_floor_count"": 4, ""min_anchor_samples"": 0, ""max_anchor_samples"": 20, ""anchor_count_generated"": 4, ""anchor_count_rule_name"": ""physical_axis_length_floor_transducer_diameter"", ""fallback_used"": false, ""center_anchor_fallback_used"": false, ""raw_major_length_px"": 618.7593031986031, ""raw_minor_length_px"": 356.3937823878628}","[""arduino_check"", ""move_midhover"", ""orient"", ""xy"", ""approach_preview"", ""approach_final"", ""clamp_to_planned_width"", ""clamp_hold"", ""clamp_release"", ""home""]","[true, true, true, true, true, true, true, true, true, true]",outputs/v2_experiments/e45_robot_upv_repeatability/session_20260528_035232/cases/brick_02/reading_003,1,[],True,True,True,True,1,newly_collected,,,,brick_02,3,False
outputs/v2_experiments/e45_robot_upv_repeatability/session_20260528_035232/02_tables/e45_all_readings_master.csv,10,session_20260528_035232,,brick_02,brick,proposed_contact_usable,,major,2026-05-28T03:58:01-04:00,2026-05-28T03:59:48-04:00,outputs/v2_experiments/e45_robot_upv_repeatability/session_20260528_035232/cases/brick_02/reading_004/pipeline_full_session,True,,brick,candidate_001_brick,A2,A2,73.309,v2a_qwen32_single_anchor_contact_scoring,114.68678476955935,117.3143251367165,117.3143251367165,122.3143251367165,True,2.2910576597266026,True,True,True,True,True,True,,True,True,True,True,True,True,106437.962,8769.549,492.467,26825.628,983.514,6.995,64645.755,"[0.011710596928670568, -0.3790403886059836, 0.17779423120397364, 1.9231085767045863, -2.483736924451108, 0.00021489020125239276]","[0.01169996268547755, -0.3790707285349567, 0.20787750566823682, 1.922974241274007, -2.4835449380041723, 0.0004257001490855178]","[0.011703818476472271, -0.37903019059810544, 0.17779208341961744, 1.9230462553730807, -2.48378514787892, 0.00012249651411991828]",,"[-0.04448789580404985, -0.30995860328634756, 0.4449037527623891, 0.00026605017587478196, -3.1412852005462097, -0.00033157569773998295]",0.012432,0.006958,,,,,,,,,,,,,,9,brick,4,"{""requested_num_anchors"": 5, ""axis_mode"": ""major"", ""candidate_count_mode"": ""transducer_diameter_floor"", ""physical_axis_length_mm"": 212.63951306990742, ""physical_axis_length_source_key"": ""global_major_dimension_mm"", ""transducer_diameter_mm"": 50.0, ""raw_floor_count"": 4, ""min_anchor_samples"": 0, ""max_anchor_samples"": 20, ""anchor_count_generated"": 4, ""anchor_count_rule_name"": ""physical_axis_length_floor_transducer_diameter"", ""fallback_used"": false, ""center_anchor_fallback_used"": false, ""raw_major_length_px"": 619.1967324820863, ""raw_minor_length_px"": 357.1794897709435}","[""arduino_check"", ""move_midhover"", ""orient"", ""xy"", ""approach_preview"", ""approach_final"", ""clamp_to_planned_width"", ""clamp_hold"", ""clamp_release"", ""home""]","[true, true, true, true, true, true, true, true, true, true]",outputs/v2_experiments/e45_robot_upv_repeatability/session_20260528_035232/cases/brick_02/reading_004,1,[],True,True,True,True,1,newly_collected,,,,brick_02,4,False
outputs/v2_experiments/e45_robot_upv_repeatability/session_20260528_035232/02_tables/e45_all_readings_master.csv,11,session_20260528_035232,,brick_02,brick,proposed_contact_usable,,major,2026-05-28T03:59:48-04:00,2026-05-28T04:01:33-04:00,outputs/v2_experiments/e45_robot_upv_repeatability/session_20260528_035232/cases/brick_02/reading_005/pipeline_full_session,True,,brick,candidate_001_brick,A2,A2,73.652,v2a_qwen32_single_anchor_contact_scoring,115.0301727087883,117.90768056137996,117.90768056137996,122.90768056137996,True,2.501524412969799,True,True,True,True,True,True,,True,True,True,True,True,True,104660.485,9264.708,502.994,24501.184,1053.235,6.866,64691.81,"[0.013442655439352157, -0.37283114675115664, 0.1769475841084336, 1.9205898653433806, -2.485638576724904, 0.0003512490727609715]","[0.013452839694469637, -0.3728272410461856, 0.20695446294384223, 1.9206004321541905, -2.485711139472753, 0.00034602381159739036]","[0.013434483497032006, -0.37284066249164893, 0.17698423575176142, 1.9205584332968058, -2.4855547148023946, 0.0003906659418255918]",,"[-0.04447087286853534, -0.30995967762854004, 0.44490563618340234, 0.0002906306346503891, -3.1412584983543823, -0.0003356543098878137]",0.038739,0.005606,,,,,,,,,,,,,,10,brick,4,"{""requested_num_anchors"": 5, ""axis_mode"": ""major"", ""candidate_count_mode"": ""transducer_diameter_floor"", ""physical_axis_length_mm"": 212.3927363783654, ""physical_axis_length_source_key"": ""global_major_dimension_mm"", ""transducer_diameter_mm"": 50.0, ""raw_floor_count"": 4, ""min_anchor_samples"": 0, ""max_anchor_samples"": 20, ""anchor_count_generated"": 4, ""anchor_count_rule_name"": ""physical_axis_length_floor_transducer_diameter"", ""fallback_used"": false, ""center_anchor_fallback_used"": false, ""raw_major_length_px"": 618.478206857642, ""raw_minor_length_px"": 357.83300345914944}","[""arduino_check"", ""move_midhover"", ""orient"", ""xy"", ""approach_preview"", ""approach_final"", ""clamp_to_planned_width"", ""clamp_hold"", ""clamp_release"", ""home""]","[true, true, true, true, true, true, true, true, true, true]",outputs/v2_experiments/e45_robot_upv_repeatability/session_20260528_035232/cases/brick_02/reading_005,1,[],True,True,True,True,1,newly_collected,,,,brick_02,5,False
outputs/v2_experiments/e45_robot_upv_repeatability/session_20260528_040232/02_tables/e45_all_readings_master.csv,2,session_20260528_040232,,brick_01,brick,proposed_contact_usable,,major,2026-05-28T04:02:32-04:00,2026-05-28T04:02:32-04:00,outputs/v2_experiments/e45_robot_upv_repeatability/session_20260528_040232/cases/brick_01/reading_001/pipeline_full_session,True,,brick,candidate_001_brick,A2,A2,76.422,v2a_qwen32_single_anchor_contact_scoring,100.65997916641287,100.64242409720659,100.64242409720659,105.64242409720659,True,0.017439969043962354,True,True,True,True,True,True,,True,True,True,True,True,True,93766.548,8607.974,235.537,23005.572,875.681,7.293,59032.689,"[-0.022591741481639924, -0.39551114939004933, 0.17903697886427064, -9.951753703616969e-05, -3.141185379380402, -0.00010382787655283082]","[-0.022589650113811824, -0.39551667481848846, 0.20908243699842985, -1.450277248796812e-05, -3.1411327872470616, -2.5757197992147665e-05]","[-0.022597794741827448, -0.39550756011384547, 0.17904187137634042, -9.704832309633976e-05, -3.1411740158757366, -0.00015586597828045278]",,"[-0.04448082577120199, -0.30996080545470794, 0.44490870659478776, 7.731868131302634e-05, -3.1412341007897204, -0.00026476879457914453]",0.008571,0.003055,,,,,,,,,,,,,,1,brick,4,"{""requested_num_anchors"": 5, ""axis_mode"": ""major"", ""candidate_count_mode"": ""transducer_diameter_floor"", ""physical_axis_length_mm"": 213.07624372080565, ""physical_axis_length_source_key"": ""global_major_dimension_mm"", ""transducer_diameter_mm"": 50.0, ""raw_floor_count"": 4, ""min_anchor_samples"": 0, ""max_anchor_samples"": 20, ""anchor_count_generated"": 4, ""anchor_count_rule_name"": ""physical_axis_length_floor_transducer_diameter"", ""fallback_used"": false, ""center_anchor_fallback_used"": false, ""raw_major_length_px"": 624.5331941888019, ""raw_minor_length_px"": 304.90024867050005}","[""arduino_check"", ""move_midhover"", ""orient"", ""xy"", ""approach_preview"", ""approach_final"", ""clamp_to_planned_width"", ""clamp_hold"", ""clamp_release"", ""home""]","[true, true, true, true, true, true, true, true, true, true]",outputs/v2_experiments/e45_robot_upv_repeatability/session_20260528_040232/cases/brick_01/reading_001,1,[],,,,True,1,imported,workspace/outputs/v2_experiments/e45_robot_upv_repeatability/session_20260528_024312,brick_01,1,brick_01,1,True
outputs/v2_experiments/e45_robot_upv_repeatability/session_20260528_040232/02_tables/e45_all_readings_master.csv,3,session_20260528_040232,,brick_01,brick,proposed_contact_usable,,major,2026-05-28T04:02:33-04:00,2026-05-28T04:02:33-04:00,outputs/v2_experiments/e45_robot_upv_repeatability/session_20260528_040232/cases/brick_01/reading_002/pipeline_full_session,True,,brick,candidate_001_brick,A2,A2,76.587,v2a_qwen32_single_anchor_contact_scoring,100.65997923065228,100.6426883353657,100.6426883353657,105.6426883353657,True,0.017177527174884348,True,True,True,True,True,True,,True,True,True,True,True,True,89399.953,8746.263,230.13,17995.0,893.36,6.846,59092.636,"[-0.022536450799089836, -0.3956612526100542, 0.17902590019807474, -6.842672215661601e-05, -3.1411851454669666, -0.00018106447033225897]","[-0.02255045972632169, -0.39566720923794685, 0.20904099066799708, -7.739484305088412e-05, -3.14118172824971, -0.0001756842875993154]","[-0.022554604986672944, -0.39567924813807653, 0.17907719537551509, -0.00011425817827711821, -3.1411101379195396, 2.8361783983783737e-05]",,"[-0.04447122278161631, -0.3099669665590377, 0.4449099721441183, 0.0001654032419595615, -3.141260717691099, -0.00026000954117969314]",0.057312,0.013013,,,,,,,,,,,,,,2,brick,4,"{""requested_num_anchors"": 5, ""axis_mode"": ""major"", ""candidate_count_mode"": ""transducer_diameter_floor"", ""physical_axis_length_mm"": 213.37354630947993, ""physical_axis_length_source_key"": ""global_major_dimension_mm"", ""transducer_diameter_mm"": 50.0, ""raw_floor_count"": 4, ""min_anchor_samples"": 0, ""max_anchor_samples"": 20, ""anchor_count_generated"": 4, ""anchor_count_rule_name"": ""physical_axis_length_floor_transducer_diameter"", ""fallback_used"": false, ""center_anchor_fallback_used"": false, ""raw_major_length_px"": 625.4045978571235, ""raw_minor_length_px"": 304.70585935309344}","[""arduino_check"", ""move_midhover"", ""orient"", ""xy"", ""approach_preview"", ""approach_final"", ""clamp_to_planned_width"", ""clamp_hold"", ""clamp_release"", ""home""]","[true, true, true, true, true, true, true, true, true, true]",outputs/v2_experiments/e45_robot_upv_repeatability/session_20260528_040232/cases/brick_01/reading_002,1,[],,,,True,1,imported,workspace/outputs/v2_experiments/e45_robot_upv_repeatability/session_20260528_024312,brick_01,2,brick_01,2,True
outputs/v2_experiments/e45_robot_upv_repeatability/session_20260528_040232/02_tables/e45_all_readings_master.csv,4,session_20260528_040232,,brick_01,brick,proposed_contact_usable,,major,2026-05-28T04:02:33-04:00,2026-05-28T04:02:33-04:00,outputs/v2_experiments/e45_robot_upv_repeatability/session_20260528_040232/cases/brick_01/reading_003/pipeline_full_session,True,,brick,candidate_001_brick,A2,A2,76.55,v2a_qwen32_single_anchor_contact_scoring,100.6599793827668,100.64274250036773,100.64274250036773,105.64274250036773,True,0.01712386839811549,True,True,True,True,True,True,,True,True,True,True,True,True,90402.649,8555.787,225.088,19597.961,868.734,7.344,58481.679,"[-0.02255050211824604, -0.395669312663482, 0.17901775388542768, -4.1408048466960765e-05, -3.141184095893286, -0.00020404937424056102]","[-0.022551403883254002, -0.39567493495968975, 0.20904175541042969, -4.022870401106157e-05, -3.1411643069831623, -0.00015729865285089698]","[-0.022558140842328944, -0.3956893810203534, 0.1790610865911475, 7.561191160336795e-06, -3.141108474888636, -1.563648454223052e-05]",,"[-0.04446945042653365, -0.3099560321135564, 0.4449160170872184, 6.98778769333829e-05, -3.1412275806483576, -0.00024784982339097256]",0.048361,0.011966,,,,,,,,,,,,,,3,brick,4,"{""requested_num_anchors"": 5, ""axis_mode"": ""major"", ""candidate_count_mode"": ""transducer_diameter_floor"", ""physical_axis_length_mm"": 213.37070015186825, ""physical_axis_length_source_key"": ""global_major_dimension_mm"", ""transducer_diameter_mm"": 50.0, ""raw_floor_count"": 4, ""min_anchor_samples"": 0, ""max_anchor_samples"": 20, ""anchor_count_generated"": 4, ""anchor_count_rule_name"": ""physical_axis_length_floor_transducer_diameter"", ""fallback_used"": false, ""center_anchor_fallback_used"": false, ""raw_major_length_px"": 625.3962566246665, ""raw_minor_length_px"": 304.86984178199475}","[""arduino_check"", ""move_midhover"", ""orient"", ""xy"", ""approach_preview"", ""approach_final"", ""clamp_to_planned_width"", ""clamp_hold"", ""clamp_release"", ""home""]","[true, true, true, true, true, true, true, true, true, true]",outputs/v2_experiments/e45_robot_upv_repeatability/session_20260528_040232/cases/brick_01/reading_003,1,[],,,,True,1,imported,workspace/outputs/v2_experiments/e45_robot_upv_repeatability/session_20260528_024312,brick_01,3,brick_01,3,True
outputs/v2_experiments/e45_robot_upv_repeatability/session_20260528_040232/02_tables/e45_all_readings_master.csv,5,session_20260528_040232,,brick_01,brick,proposed_contact_usable,,major,2026-05-28T04:02:33-04:00,2026-05-28T04:02:33-04:00,outputs/v2_experiments/e45_robot_upv_repeatability/session_20260528_040232/cases/brick_01/reading_004/pipeline_full_session,True,,brick,candidate_001_brick,A2,A2,76.546,v2a_qwen32_single_anchor_contact_scoring,100.65997932328811,100.6426689789688,100.6426689789688,105.6426689789688,True,0.017196848673808496,True,True,True,True,True,True,,True,True,True,True,True,True,88881.698,8927.788,225.872,17835.437,856.217,6.754,58386.847,"[-0.022558405144001065, -0.3954984391282291, 0.17904559592481206, -2.958719707995962e-05, -3.141150505289271, -8.751508629977914e-05]","[-0.02254561557033572, -0.39550418355101524, 0.20908456348449866, 1.4726368909066751e-05, -3.1411138902116242, -1.7614879847939505e-05]","[-0.02257087708991378, -0.3954984113544686, 0.1790544748279871, 4.0079651962496685e-05, -3.1411396789739356, -0.00012450752982521071]",,"[-0.04447693804991079, -0.30997780932690905, 0.4448860521443099, 9.492262738443551e-05, -3.1413270274186567, -0.00035121728739783504]",0.01531,0.004562,,,,,,,,,,,,,,4,brick,4,"{""requested_num_anchors"": 5, ""axis_mode"": ""major"", ""candidate_count_mode"": ""transducer_diameter_floor"", ""physical_axis_length_mm"": 213.0721921828246, ""physical_axis_length_source_key"": ""global_major_dimension_mm"", ""transducer_diameter_mm"": 50.0, ""raw_floor_count"": 4, ""min_anchor_samples"": 0, ""max_anchor_samples"": 20, ""anchor_count_generated"": 4, ""anchor_count_rule_name"": ""physical_axis_length_floor_transducer_diameter"", ""fallback_used"": false, ""center_anchor_fallback_used"": false, ""raw_major_length_px"": 624.5213199766725, ""raw_minor_length_px"": 304.8935004294087}","[""arduino_check"", ""move_midhover"", ""orient"", ""xy"", ""approach_preview"", ""approach_final"", ""clamp_to_planned_width"", ""clamp_hold"", ""clamp_release"", ""home""]","[true, true, true, true, true, true, true, true, true, true]",outputs/v2_experiments/e45_robot_upv_repeatability/session_20260528_040232/cases/brick_01/reading_004,1,[],,,,True,1,imported,workspace/outputs/v2_experiments/e45_robot_upv_repeatability/session_20260528_024312,brick_01,4,brick_01,4,True
outputs/v2_experiments/e45_robot_upv_repeatability/session_20260528_040232/02_tables/e45_all_readings_master.csv,6,session_20260528_040232,,brick_01,brick,proposed_contact_usable,,major,2026-05-28T04:02:34-04:00,2026-05-28T04:02:34-04:00,outputs/v2_experiments/e45_robot_upv_repeatability/session_20260528_040232/cases/brick_01/reading_005/pipeline_full_session,True,,brick,candidate_001_brick,A2,A2,76.532,v2a_qwen32_single_anchor_contact_scoring,100.65997919881073,100.64252133895071,100.64252133895071,105.64252133895071,True,0.01734339704713809,True,True,True,True,True,True,,True,True,True,True,True,True,88768.726,8675.397,233.251,17951.504,887.61,6.735,58356.095,"[-0.02258333316064249, -0.39549235441247516, 0.1790438413690829, -4.809766886613367e-05, -3.1411446338800237, -0.00010830728247175773]","[-0.02257545527274351, -0.39550485498179777, 0.2090895619444185, 3.4320783784258616e-05, -3.1411053555206196, -2.9887760480812046e-06]","[-0.022583895728722245, -0.39549248170701323, 0.17907208007623227, -4.812782813008155e-05, -3.141122314838506, -3.8456380816628095e-05]",,"[-0.04446986559681927, -0.3099593266319437, 0.44490068824221085, 4.5224695575741746e-05, -3.1412840305265433, -0.00033912235035074166]",0.028245,0.004201,,,,,,,,,,,,,,5,brick,4,"{""requested_num_anchors"": 5, ""axis_mode"": ""major"", ""candidate_count_mode"": ""transducer_diameter_floor"", ""physical_axis_length_mm"": 213.0754121517259, ""physical_axis_length_source_key"": ""global_major_dimension_mm"", ""transducer_diameter_mm"": 50.0, ""raw_floor_count"": 4, ""min_anchor_samples"": 0, ""max_anchor_samples"": 20, ""anchor_count_generated"": 4, ""anchor_count_rule_name"": ""physical_axis_length_floor_transducer_diameter"", ""fallback_used"": false, ""center_anchor_fallback_used"": false, ""raw_major_length_px"": 624.5307570346474, ""raw_minor_length_px"": 304.91134050382465}","[""arduino_check"", ""move_midhover"", ""orient"", ""xy"", ""approach_preview"", ""approach_final"", ""clamp_to_planned_width"", ""clamp_hold"", ""clamp_release"", ""home""]","[true, true, true, true, true, true, true, true, true, true]",outputs/v2_experiments/e45_robot_upv_repeatability/session_20260528_040232/cases/brick_01/reading_005,1,[],,,,True,1,imported,workspace/outputs/v2_experiments/e45_robot_upv_repeatability/session_20260528_024312,brick_01,5,brick_01,5,True
outputs/v2_experiments/e45_robot_upv_repeatability/session_20260528_040232/02_tables/e45_all_readings_master.csv,7,session_20260528_040232,,brick_02,brick,proposed_contact_usable,,major,2026-05-28T04:03:08-04:00,2026-05-28T04:04:40-04:00,outputs/v2_experiments/e45_robot_upv_repeatability/session_20260528_040232/cases/brick_02/reading_001/pipeline_full_session,True,,brick,candidate_001_brick,A4,A4,56.528,v2a_qwen32_single_anchor_contact_scoring,101.66826955460682,102.71086546822468,102.71086546822468,107.71086546822468,True,1.025488009371373,True,True,True,True,True,True,,True,True,True,True,True,True,91924.995,8805.4,422.098,20061.006,864.647,6.664,57545.093,"[0.015350000685949718, -0.3064944651546511, 0.17712247615126728, 6.838717205137229e-05, -3.1411888898750346, -0.00012464577238998153]","[0.015330601544515886, -0.3065237771572175, 0.20718350940580335, 2.677043282271139e-05, -3.141090227457215, 3.85615472487839e-05]","[0.015367297543120573, -0.3064936270259401, 0.17713770276725743, 0.00015385893104466136, -3.1411758295021555, -8.596648531913665e-05]",,"[-0.044481389928599964, -0.3099726634877098, 0.4449098946740564, 0.00014525630311659353, -3.141242652708001, -0.00020476393687153438]",0.023059,0.005427,,,,,,,,,,,,,,6,brick,4,"{""requested_num_anchors"": 5, ""axis_mode"": ""major"", ""candidate_count_mode"": ""transducer_diameter_floor"", ""physical_axis_length_mm"": 211.67599639713487, ""physical_axis_length_source_key"": ""global_major_dimension_mm"", ""transducer_diameter_mm"": 50.0, ""raw_floor_count"": 4, ""min_anchor_samples"": 0, ""max_anchor_samples"": 20, ""anchor_count_generated"": 4, ""anchor_count_rule_name"": ""physical_axis_length_floor_transducer_diameter"", ""fallback_used"": false, ""center_anchor_fallback_used"": false, ""raw_major_length_px"": 618.440409569175, ""raw_minor_length_px"": 305.801736673076}","[""arduino_check"", ""move_midhover"", ""orient"", ""xy"", ""approach_preview"", ""approach_final"", ""clamp_to_planned_width"", ""clamp_hold"", ""clamp_release"", ""home""]","[true, true, true, true, true, true, true, true, true, true]",outputs/v2_experiments/e45_robot_upv_repeatability/session_20260528_040232/cases/brick_02/reading_001,1,[],True,True,True,True,1,newly_collected,,,,brick_02,1,False
outputs/v2_experiments/e45_robot_upv_repeatability/session_20260528_040232/02_tables/e45_all_readings_master.csv,8,session_20260528_040232,,brick_02,brick,proposed_contact_usable,,major,2026-05-28T04:04:40-04:00,2026-05-28T04:06:15-04:00,outputs/v2_experiments/e45_robot_upv_repeatability/session_20260528_040232/cases/brick_02/reading_002/pipeline_full_session,True,,brick,candidate_001_brick,A4,A4,56.892,v2a_qwen32_single_anchor_contact_scoring,101.66826983041554,102.71145466244462,102.71145466244462,107.71145466244462,True,1.0260672614662711,True,True,True,True,True,True,,True,True,True,True,True,True,94474.69,9029.874,503.659,22066.105,992.775,6.995,57546.196,"[0.015295439001581352, -0.30637591217957433, 0.17611574428599724, 0.0001608645618806908, -3.141189251071488, -0.00016860913627636228]","[0.015294025888212928, -0.3063916322304, 0.20615628661269972, 9.961801681446277e-05, -3.1412149201958863, -4.212210576080592e-05]","[0.015310966000726763, -0.30637209920009256, 0.17612450843467994, 0.00026563488918261697, -3.1412193226726552, -0.0001932882497037989]",,"[-0.04446254482931276, -0.3099681702432111, 0.44491189692203853, 0.00017167474527883674, -3.141236180164573, -0.0001645202057495445]",0.018233,0.006403,,,,,,,,,,,,,,7,brick,4,"{""requested_num_anchors"": 5, ""axis_mode"": ""major"", ""candidate_count_mode"": ""transducer_diameter_floor"", ""physical_axis_length_mm"": 211.4810876218904, ""physical_axis_length_source_key"": ""global_major_dimension_mm"", ""transducer_diameter_mm"": 50.0, ""raw_floor_count"": 4, ""min_anchor_samples"": 0, ""max_anchor_samples"": 20, ""anchor_count_generated"": 4, ""anchor_count_rule_name"": ""physical_axis_length_floor_transducer_diameter"", ""fallback_used"": false, ""center_anchor_fallback_used"": false, ""raw_major_length_px"": 617.870958568847, ""raw_minor_length_px"": 304.41668693856315}","[""arduino_check"", ""move_midhover"", ""orient"", ""xy"", ""approach_preview"", ""approach_final"", ""clamp_to_planned_width"", ""clamp_hold"", ""clamp_release"", ""home""]","[true, true, true, true, true, true, true, true, true, true]",outputs/v2_experiments/e45_robot_upv_repeatability/session_20260528_040232/cases/brick_02/reading_002,1,[],True,True,True,True,1,newly_collected,,,,brick_02,2,False
outputs/v2_experiments/e45_robot_upv_repeatability/session_20260528_040232/02_tables/e45_all_readings_master.csv,9,session_20260528_040232,,brick_02,brick,proposed_contact_usable,,major,2026-05-28T04:06:16-04:00,2026-05-28T04:07:50-04:00,outputs/v2_experiments/e45_robot_upv_repeatability/session_20260528_040232/cases/brick_02/reading_003/pipeline_full_session,True,,brick,candidate_001_brick,A4,A4,56.766,v2a_qwen32_single_anchor_contact_scoring,101.99412953232448,102.71108170004896,102.71108170004896,107.71108170004896,True,0.7029347385108727,True,True,True,True,True,True,,True,True,True,True,True,True,94327.011,8735.798,492.616,21546.364,962.803,6.706,58005.028,"[0.015305447390481189, -0.3064782546907311, 0.17712047713368295, 2.1753146660237906e-05, -3.141214674443891, -0.0001734208531845159]","[0.015306105411160656, -0.3064981821659417, 0.2071717571943208, 4.919585943704785e-05, -3.1412168289403475, -9.127717384980004e-06]","[0.015312758473634744, -0.30647749805562297, 0.17713216483671848, 9.984952269503177e-05, -3.141216926939708, -0.00014076145773725963]",,"[-0.044470122841663316, -0.30997486173011346, 0.4449003445722362, 0.0001405344176445362, -3.1412546381066786, -0.0002678326731609891]",0.013807,0.004852,,,,,,,,,,,,,,8,brick,4,"{""requested_num_anchors"": 5, ""axis_mode"": ""major"", ""candidate_count_mode"": ""transducer_diameter_floor"", ""physical_axis_length_mm"": 212.24891816255075, ""physical_axis_length_source_key"": ""global_major_dimension_mm"", ""transducer_diameter_mm"": 50.0, ""raw_floor_count"": 4, ""min_anchor_samples"": 0, ""max_anchor_samples"": 20, ""anchor_count_generated"": 4, ""anchor_count_rule_name"": ""physical_axis_length_floor_transducer_diameter"", ""fallback_used"": false, ""center_anchor_fallback_used"": false, ""raw_major_length_px"": 618.1330840261639, ""raw_minor_length_px"": 305.3858260780384}","[""arduino_check"", ""move_midhover"", ""orient"", ""xy"", ""approach_preview"", ""approach_final"", ""clamp_to_planned_width"", ""clamp_hold"", ""clamp_release"", ""home""]","[true, true, true, true, true, true, true, true, true, true]",outputs/v2_experiments/e45_robot_upv_repeatability/session_20260528_040232/cases/brick_02/reading_003,1,[],True,True,True,True,1,newly_collected,,,,brick_02,3,False
outputs/v2_experiments/e45_robot_upv_repeatability/session_20260528_040232/02_tables/e45_all_readings_master.csv,10,session_20260528_040232,,brick_02,brick,proposed_contact_usable,,major,2026-05-28T04:07:50-04:00,2026-05-28T04:09:29-04:00,outputs/v2_experiments/e45_robot_upv_repeatability/session_20260528_040232/cases/brick_02/reading_004/pipeline_full_session,True,,brick,candidate_001_brick,A4,A4,56.6,v2a_qwen32_single_anchor_contact_scoring,101.32595891287835,102.36724540073598,102.36724540073598,107.36724540073598,True,1.0276601366812104,True,True,True,True,True,True,,True,True,True,True,True,True,97759.78,8767.336,496.274,25092.029,968.752,6.596,58113.413,"[0.016105964648639823, -0.306272888148534, 0.17613108222355014, 2.9022261095150943e-05, -3.1411991021095256, -9.020777109784764e-05]","[0.016097133154315706, -0.30628076859110004, 0.20615428529090796, 1.2530471770001852e-05, -3.1411695360498824, -7.763212803411389e-05]","[0.016083453847414688, -0.3062699732578183, 0.17613235783772468, -9.386580185591851e-05, -3.1412220383435843, -0.00018314076424537243]",,"[-0.04446815958522531, -0.30996587213047294, 0.44492372997948965, 0.0001716338248234268, -3.1411741208540254, -9.535780907578462e-05]",0.022735,0.008925,,,,,,,,,,,,,,9,brick,4,"{""requested_num_anchors"": 5, ""axis_mode"": ""major"", ""candidate_count_mode"": ""transducer_diameter_floor"", ""physical_axis_length_mm"": 211.176492010652, ""physical_axis_length_source_key"": ""global_major_dimension_mm"", ""transducer_diameter_mm"": 50.0, ""raw_floor_count"": 4, ""min_anchor_samples"": 0, ""max_anchor_samples"": 20, ""anchor_count_generated"": 4, ""anchor_count_rule_name"": ""physical_axis_length_floor_transducer_diameter"", ""fallback_used"": false, ""center_anchor_fallback_used"": false, ""raw_major_length_px"": 616.9810803019186, ""raw_minor_length_px"": 305.8578411886457}","[""arduino_check"", ""move_midhover"", ""orient"", ""xy"", ""approach_preview"", ""approach_final"", ""clamp_to_planned_width"", ""clamp_hold"", ""clamp_release"", ""home""]","[true, true, true, true, true, true, true, true, true, true]",outputs/v2_experiments/e45_robot_upv_repeatability/session_20260528_040232/cases/brick_02/reading_004,1,[],True,True,True,True,1,newly_collected,,,,brick_02,4,False
outputs/v2_experiments/e45_robot_upv_repeatability/session_20260528_040232/02_tables/e45_all_readings_master.csv,11,session_20260528_040232,,brick_02,brick,proposed_contact_usable,,major,2026-05-28T04:09:29-04:00,2026-05-28T04:11:07-04:00,outputs/v2_experiments/e45_robot_upv_repeatability/session_20260528_040232/cases/brick_02/reading_005/pipeline_full_session,True,,brick,candidate_001_brick,A4,A4,56.763,v2a_qwen32_single_anchor_contact_scoring,101.32595735389967,102.36440082341292,102.36440082341292,107.36440082341292,True,1.0248543380511057,True,True,True,True,True,True,,True,True,True,True,True,True,97614.752,8828.004,496.461,24670.874,974.46,6.662,57645.92,"[0.01615860667011833, -0.306361278891249, 0.17612870342300554, 7.896368579156985e-05, -3.141174125858799, -6.37705439995855e-05]","[0.016171713015035057, -0.3063720540452104, 0.20616176845948725, 0.00013666947034469225, -3.141187717110535, -3.833958078691841e-06]","[0.01616092788228154, -0.30636500975983466, 0.17614987744498167, 0.0001137240532935615, -3.141160981457213, -2.0072515563083226e-05]",,"[-0.04447586285965187, -0.30997240188025865, 0.44489353082260946, 0.00010731910427665944, -3.141284129468392, -0.0003045067038367205]",0.021625,0.003287,,,,,,,,,,,,,,10,brick,4,"{""requested_num_anchors"": 5, ""axis_mode"": ""major"", ""candidate_count_mode"": ""transducer_diameter_floor"", ""physical_axis_length_mm"": 211.22835694627886, ""physical_axis_length_source_key"": ""global_major_dimension_mm"", ""transducer_diameter_mm"": 50.0, ""raw_floor_count"": 4, ""min_anchor_samples"": 0, ""max_anchor_samples"": 20, ""anchor_count_generated"": 4, ""anchor_count_rule_name"": ""physical_axis_length_floor_transducer_diameter"", ""fallback_used"": false, ""center_anchor_fallback_used"": false, ""raw_major_length_px"": 617.1326013261729, ""raw_minor_length_px"": 304.6996875879788}","[""arduino_check"", ""move_midhover"", ""orient"", ""xy"", ""approach_preview"", ""approach_final"", ""clamp_to_planned_width"", ""clamp_hold"", ""clamp_release"", ""home""]","[true, true, true, true, true, true, true, true, true, true]",outputs/v2_experiments/e45_robot_upv_repeatability/session_20260528_040232/cases/brick_02/reading_005,1,[],True,True,True,True,1,newly_collected,,,,brick_02,5,False
outputs/v2_experiments/e45_robot_upv_repeatability/session_20260528_040232/02_tables/e45_all_readings_master.csv,12,session_20260528_040232,,brick_03,brick,proposed_contact_usable,,major,2026-05-28T04:18:15-04:00,2026-05-28T04:20:04-04:00,outputs/v2_experiments/e45_robot_upv_repeatability/session_20260528_040232/cases/brick_03/reading_001/pipeline_full_session,True,,brick,candidate_001_brick,A2,A2,77.175,v2a_qwen32_single_anchor_contact_scoring,104.71949193153954,104.98490580583481,104.98490580583481,109.98490580583481,True,0.25345221734726453,True,True,True,True,True,True,,True,True,True,True,True,True,108611.106,12003.269,439.326,31236.099,912.828,6.495,59236.207,"[-0.0959336862497989, -0.4033682603340836, 0.17489949688479312, 9.627654372454688e-06, -3.14114647789462, -5.347161048790999e-05]","[-0.09596875557236642, -0.40339388969985474, 0.2050097544477436, -4.960940332008815e-05, -3.140956600840143, 0.00042622033566772923]","[-0.09590750090377746, -0.40337494571597815, 0.1749196615738393, 9.993855547775855e-05, -3.1410955486052705, -6.202477632500267e-05]",,"[-0.04450469013784482, -0.3099660383211925, 0.44491132460940896, 9.579349978434239e-05, -3.1412092462693875, -0.00025078345797746636]",0.033719,0.005961,,,,,,,,,,,,,,11,brick,4,"{""requested_num_anchors"": 5, ""axis_mode"": ""major"", ""candidate_count_mode"": ""transducer_diameter_floor"", ""physical_axis_length_mm"": 202.26311219748087, ""physical_axis_length_source_key"": ""global_major_dimension_mm"", ""transducer_diameter_mm"": 50.0, ""raw_floor_count"": 4, ""min_anchor_samples"": 0, ""max_anchor_samples"": 20, ""anchor_count_generated"": 4, ""anchor_count_rule_name"": ""physical_axis_length_floor_transducer_diameter"", ""fallback_used"": false, ""center_anchor_fallback_used"": false, ""raw_major_length_px"": 585.311325759128, ""raw_minor_length_px"": 312.3131994329268}","[""arduino_check"", ""move_midhover"", ""orient"", ""xy"", ""approach_preview"", ""approach_final"", ""clamp_to_planned_width"", ""clamp_hold"", ""clamp_release"", ""home""]","[true, true, true, true, true, true, true, true, true, true]",outputs/v2_experiments/e45_robot_upv_repeatability/session_20260528_040232/cases/brick_03/reading_001,1,[],True,True,True,True,1,newly_collected,,,,brick_03,1,False
outputs/v2_experiments/e45_robot_upv_repeatability/session_20260528_040232/02_tables/e45_all_readings_master.csv,13,session_20260528_040232,,brick_03,brick,proposed_contact_usable,,major,2026-05-28T04:20:04-04:00,2026-05-28T04:21:47-04:00,outputs/v2_experiments/e45_robot_upv_repeatability/session_20260528_040232/cases/brick_03/reading_002/pipeline_full_session,True,,brick,candidate_001_brick,A2,A2,77.398,v2a_qwen32_single_anchor_contact_scoring,105.06510126935203,105.3986412733817,105.3986412733817,110.3986412733817,True,0.3174603174603012,True,True,True,True,True,True,,True,True,True,True,True,True,102503.374,8567.941,428.551,28125.887,876.13,6.781,59483.159,"[-0.09686043841685867, -0.40354677195099836, 0.17387103544914811, 4.7153737035335636e-05, -3.1412093544614526, -0.00012562283154746919]","[-0.09686339725087047, -0.4035689560182338, 0.20393634989540077, 0.00015784667398688101, -3.1410915615772086, 5.171755905040759e-05]","[-0.09687483584282998, -0.4035396455351633, 0.17388344092753186, -2.8845447216639283e-05, -3.141204534816515, -0.00016210488248596285]",,"[-0.044518433920703586, -0.3099599719396627, 0.44489586689891686, 9.712554124590331e-05, -3.1412190102772866, -0.0004146729895034982]",0.020297,0.004838,,,,,,,,,,,,,,12,brick,4,"{""requested_num_anchors"": 5, ""axis_mode"": ""major"", ""candidate_count_mode"": ""transducer_diameter_floor"", ""physical_axis_length_mm"": 202.30111852097218, ""physical_axis_length_source_key"": ""global_major_dimension_mm"", ""transducer_diameter_mm"": 50.0, ""raw_floor_count"": 4, ""min_anchor_samples"": 0, ""max_anchor_samples"": 20, ""anchor_count_generated"": 4, ""anchor_count_rule_name"": ""physical_axis_length_floor_transducer_diameter"", ""fallback_used"": false, ""center_anchor_fallback_used"": false, ""raw_major_length_px"": 585.421311423999, ""raw_minor_length_px"": 314.26881491295404}","[""arduino_check"", ""move_midhover"", ""orient"", ""xy"", ""approach_preview"", ""approach_final"", ""clamp_to_planned_width"", ""clamp_hold"", ""clamp_release"", ""home""]","[true, true, true, true, true, true, true, true, true, true]",outputs/v2_experiments/e45_robot_upv_repeatability/session_20260528_040232/cases/brick_03/reading_002,1,[],True,True,True,True,1,newly_collected,,,,brick_03,2,False
outputs/v2_experiments/e45_robot_upv_repeatability/session_20260528_040232/02_tables/e45_all_readings_master.csv,14,session_20260528_040232,,brick_03,brick,proposed_contact_usable,,major,2026-05-28T04:21:47-04:00,2026-05-28T04:23:33-04:00,outputs/v2_experiments/e45_robot_upv_repeatability/session_20260528_040232/cases/brick_03/reading_003/pipeline_full_session,True,,brick,candidate_001_brick,A2,A2,77.224,v2a_qwen32_single_anchor_contact_scoring,104.71949678623058,104.97835336452262,104.97835336452262,109.97835336452262,True,0.2471904337169012,True,True,True,True,True,True,,True,True,True,True,True,True,105484.067,8559.4,419.148,31563.052,852.349,6.493,59276.279,"[-0.09743482350473888, -0.4034362967355978, 0.1748536655683696, 9.806291725530392e-05, -3.1412167178043373, -0.00024821489797162703]","[-0.09744480180563052, -0.40344228029744694, 0.20489579741372396, 4.7051175267085866e-05, -3.1411446045615796, -0.0002173223829014866]","[-0.09746406703720197, -0.4034397933487627, 0.1748947475457478, 4.728432565901253e-05, -3.141128330128381, -0.00015237620282104432]",,"[-0.04450838740074661, -0.30995959041264187, 0.4449028012343581, 0.00011009159886989549, -3.141276509107962, -0.00029624681126348885]",0.050548,0.008016,,,,,,,,,,,,,,13,brick,4,"{""requested_num_anchors"": 5, ""axis_mode"": ""major"", ""candidate_count_mode"": ""transducer_diameter_floor"", ""physical_axis_length_mm"": 202.15499208291885, ""physical_axis_length_source_key"": ""global_major_dimension_mm"", ""transducer_diameter_mm"": 50.0, ""raw_floor_count"": 4, ""min_anchor_samples"": 0, ""max_anchor_samples"": 20, ""anchor_count_generated"": 4, ""anchor_count_rule_name"": ""physical_axis_length_floor_transducer_diameter"", ""fallback_used"": false, ""center_anchor_fallback_used"": false, ""raw_major_length_px"": 584.9984736520371, ""raw_minor_length_px"": 314.4197301028094}","[""arduino_check"", ""move_midhover"", ""orient"", ""xy"", ""approach_preview"", ""approach_final"", ""clamp_to_planned_width"", ""clamp_hold"", ""clamp_release"", ""home""]","[true, true, true, true, true, true, true, true, true, true]",outputs/v2_experiments/e45_robot_upv_repeatability/session_20260528_040232/cases/brick_03/reading_003,1,[],True,True,True,True,1,newly_collected,,,,brick_03,3,False
outputs/v2_experiments/e45_robot_upv_repeatability/session_20260528_040232/02_tables/e45_all_readings_master.csv,15,session_20260528_040232,,brick_03,brick,proposed_contact_usable,,major,2026-05-28T04:23:33-04:00,2026-05-28T04:25:20-04:00,outputs/v2_experiments/e45_robot_upv_repeatability/session_20260528_040232/cases/brick_03/reading_004/pipeline_full_session,True,,brick,candidate_001_brick,A2,A2,77.276,v2a_qwen32_single_anchor_contact_scoring,105.06510496793315,105.32349067367976,105.32349067367976,110.32349067367976,True,0.24592913681994277,True,True,True,True,True,True,,True,True,True,True,True,True,106525.08,9081.024,431.202,31406.077,874.833,6.702,59817.222,"[-0.09826841082933463, -0.4038641664607226, 0.17386605912278924, -3.531267364735258e-05, -3.141154825589448, -0.0001572763616033847]","[-0.0982778023499127, -0.4038788215518124, 0.20393274482718587, -3.098044625228734e-05, -3.1410707266095654, 6.097775528803681e-05]","[-0.09825498879836923, -0.4038605317235711, 0.17384821220094288, -1.8291786082138528e-05, -3.1412022524054035, -0.00029964377541271905]",,"[-0.044483144215927126, -0.30995104964382497, 0.4449083674698413, 0.00017299220622162264, -3.1412310950898514, -0.00035155893684294857]",0.022625,0.008653,,,,,,,,,,,,,,14,brick,4,"{""requested_num_anchors"": 5, ""axis_mode"": ""major"", ""candidate_count_mode"": ""transducer_diameter_floor"", ""physical_axis_length_mm"": 202.18094385362133, ""physical_axis_length_source_key"": ""global_major_dimension_mm"", ""transducer_diameter_mm"": 50.0, ""raw_floor_count"": 4, ""min_anchor_samples"": 0, ""max_anchor_samples"": 20, ""anchor_count_generated"": 4, ""anchor_count_rule_name"": ""physical_axis_length_floor_transducer_diameter"", ""fallback_used"": false, ""center_anchor_fallback_used"": false, ""raw_major_length_px"": 585.0735691861821, ""raw_minor_length_px"": 315.03428762150827}","[""arduino_check"", ""move_midhover"", ""orient"", ""xy"", ""approach_preview"", ""approach_final"", ""clamp_to_planned_width"", ""clamp_hold"", ""clamp_release"", ""home""]","[true, true, true, true, true, true, true, true, true, true]",outputs/v2_experiments/e45_robot_upv_repeatability/session_20260528_040232/cases/brick_03/reading_004,1,[],True,True,True,True,1,newly_collected,,,,brick_03,4,False
outputs/v2_experiments/e45_robot_upv_repeatability/session_20260528_040232/02_tables/e45_all_readings_master.csv,16,session_20260528_040232,,brick_03,brick,proposed_contact_usable,,major,2026-05-28T04:25:20-04:00,2026-05-28T04:27:06-04:00,outputs/v2_experiments/e45_robot_upv_repeatability/session_20260528_040232/cases/brick_03/reading_005/pipeline_full_session,True,,brick,candidate_001_brick,A2,A2,77.347,v2a_qwen32_single_anchor_contact_scoring,105.06510644500169,105.32089719760529,105.32089719760529,110.32089719760529,True,0.24345928087694874,True,True,True,True,True,True,,True,True,True,True,True,True,105579.745,8790.078,438.678,31117.962,885.546,6.717,59571.479,"[-0.09901694046525555, -0.4039289604336728, 0.17386496573778135, 2.8668638249773898e-05, -3.141171494363909, -0.00012638919351082818]","[-0.09900642335073977, -0.4039198770929613, 0.20386441835295527, -1.1755989831620025e-05, -3.141214330838408, -0.00021532852553062583]","[-0.09900998880814313, -0.4039401789591396, 0.17390371135207383, 0.00017327158581779023, -3.141136416975938, -2.394985805955465e-05]",,"[-0.04450145297111183, -0.30994955282129943, 0.4448881880755502, 5.8733686259175695e-05, -3.1412908877919663, -0.0004598037203768395]",0.040932,0.01035,,,,,,,,,,,,,,15,brick,4,"{""requested_num_anchors"": 5, ""axis_mode"": ""major"", ""candidate_count_mode"": ""transducer_diameter_floor"", ""physical_axis_length_mm"": 202.1822446745856, ""physical_axis_length_source_key"": ""global_major_dimension_mm"", ""transducer_diameter_mm"": 50.0, ""raw_floor_count"": 4, ""min_anchor_samples"": 0, ""max_anchor_samples"": 20, ""anchor_count_generated"": 4, ""anchor_count_rule_name"": ""physical_axis_length_floor_transducer_diameter"", ""fallback_used"": false, ""center_anchor_fallback_used"": false, ""raw_major_length_px"": 585.077341744493, ""raw_minor_length_px"": 314.52795614848975}","[""arduino_check"", ""move_midhover"", ""orient"", ""xy"", ""approach_preview"", ""approach_final"", ""clamp_to_planned_width"", ""clamp_hold"", ""clamp_release"", ""home""]","[true, true, true, true, true, true, true, true, true, true]",outputs/v2_experiments/e45_robot_upv_repeatability/session_20260528_040232/cases/brick_03/reading_005,1,[],True,True,True,True,1,newly_collected,,,,brick_03,5,False
outputs/v2_experiments/e45_robot_upv_repeatability/session_20260529_031545/02_tables/e45_all_readings_master.csv,2,session_20260529_031545,,brick_01,brick,proposed_contact_usable,,major,2026-05-29T03:15:59-04:00,2026-05-29T03:16:14-04:00,outputs/v2_experiments/e45_robot_upv_repeatability/session_20260529_031545/cases/brick_01/reading_001/pipeline_full_session,False,grounded_sam2_subprocess_failed,brick,,,,,,,,,,,,,,,,,,,,,,,,,14325.425,7131.542,,,,,,"""""","""""","""""",,"""""",,,,,,,,,,,,,,,,1,brick,,{},[],[],outputs/v2_experiments/e45_robot_upv_repeatability/session_20260529_031545/cases/brick_01/reading_001,1,[],True,True,True,True,1,newly_collected,,,,brick_01,1,False
outputs/v2_experiments/e45_robot_upv_repeatability/session_20260529_061220/02_tables/e45_all_readings_master.csv,2,session_20260529_061220,,brick_01,brick,proposed_contact_usable,,major,2026-05-29T06:12:35-04:00,2026-05-29T06:14:13-04:00,outputs/v2_experiments/e45_robot_upv_repeatability/session_20260529_061220/cases/brick_01/reading_001/pipeline_full_session,True,,brick,candidate_001_brick,A1,A1,54.939,llama32_single_anchor_l6_taxonomy_scoring,102.89921100515684,102.57664294557952,102.57664294557952,107.57664294557952,True,0.31347962382447775,True,True,True,True,True,True,,True,True,True,True,True,True,98476.58,8832.404,260.03,24229.819,963.58,6.822,58668.433,"[-0.04951408591100769, -0.38612311996706544, 0.1769213879864836, 4.19726487258683e-05, -3.141178444466901, -0.0001054091140027886]","[-0.04952866878071934, -0.38613901645607634, 0.20696799863941417, 2.639612875470444e-05, -3.141132362738657, 5.795200991178447e-05]","[-0.04949676363707411, -0.38611653124801615, 0.1769299716421627, 0.00026131802443508684, -3.1411988976837577, -0.00018767114633809847]",,"[-0.044488297282605664, -0.3099746835062242, 0.44488730962706313, 6.999347862537037e-05, -3.141271517107196, -0.00035521422270871303]",0.020424,0.013473,,,,,,,,,,,,,,1,brick,3,"{""requested_num_anchors"": 5, ""axis_mode"": ""major"", ""candidate_count_mode"": ""transducer_diameter_floor"", ""physical_axis_length_mm"": 180.9556111302191, ""physical_axis_length_source_key"": ""global_major_dimension_mm"", ""transducer_diameter_mm"": 50.0, ""raw_floor_count"": 3, ""min_anchor_samples"": 0, ""max_anchor_samples"": 20, ""anchor_count_generated"": 3, ""anchor_count_rule_name"": ""physical_axis_length_floor_transducer_diameter"", ""fallback_used"": false, ""center_anchor_fallback_used"": false, ""raw_major_length_px"": 517.0848987235983, ""raw_minor_length_px"": 337.6221433955486}","[""arduino_check"", ""move_midhover"", ""orient"", ""xy"", ""approach_preview"", ""approach_final"", ""clamp_to_planned_width"", ""clamp_hold"", ""clamp_release"", ""home""]","[true, true, true, true, true, true, true, true, true, true]",outputs/v2_experiments/e45_robot_upv_repeatability/session_20260529_061220/cases/brick_01/reading_001,1,[],True,True,True,True,1,newly_collected,,,,brick_01,1,False
outputs/v2_experiments/e45_robot_upv_repeatability/session_20260529_062233/02_tables/e45_all_readings_master.csv,2,session_20260529_062233,,brick_01,brick,proposed_contact_usable,,major,2026-05-29T06:22:37-04:00,2026-05-29T06:24:19-04:00,outputs/v2_experiments/e45_robot_upv_repeatability/session_20260529_062233/cases/brick_01/reading_001/pipeline_full_session,True,,brick,candidate_001_brick,A1,A1,60.003,llama32_single_anchor_l6_taxonomy_scoring,102.69514704683881,101.83373342555377,101.83373342555377,106.83373342555377,True,0.838806551289275,True,True,True,True,True,True,,True,True,True,True,True,True,101690.479,8780.048,258.969,26891.09,968.342,6.734,59597.893,"[-0.025326402963481397, -0.43091407582077446, 0.1792091648125534, -1.7476083786393978e-05, -3.1411392776979423, -8.272909894287082e-05]","[-0.02533536964453303, -0.430902890901527, 0.20925354158821896, -0.00014630865636535234, -3.141132264978183, -8.313241956650507e-06]","[-0.025332576124312195, -0.43092074497596156, 0.17924527483321806, 2.4120141059779647e-05, -3.1411212251873146, 5.764352081171352e-06]",,"[-0.044492821633866315, -0.3099568232035717, 0.44489711216880035, -4.094319222778328e-05, -3.141252861696205, -0.0003790022913142025]",0.037236,0.005697,,,,,,,,,,,,,,1,brick,4,"{""requested_num_anchors"": 5, ""axis_mode"": ""major"", ""candidate_count_mode"": ""transducer_diameter_floor"", ""physical_axis_length_mm"": 213.63277206112915, ""physical_axis_length_source_key"": ""global_major_dimension_mm"", ""transducer_diameter_mm"": 50.0, ""raw_floor_count"": 4, ""min_anchor_samples"": 0, ""max_anchor_samples"": 20, ""anchor_count_generated"": 4, ""anchor_count_rule_name"": ""physical_axis_length_floor_transducer_diameter"", ""fallback_used"": false, ""center_anchor_fallback_used"": false, ""raw_major_length_px"": 624.1569433460301, ""raw_minor_length_px"": 303.44310584800786}","[""arduino_check"", ""move_midhover"", ""orient"", ""xy"", ""approach_preview"", ""approach_final"", ""clamp_to_planned_width"", ""clamp_hold"", ""clamp_release"", ""home""]","[true, true, true, true, true, true, true, true, true, true]",outputs/v2_experiments/e45_robot_upv_repeatability/session_20260529_062233/cases/brick_01/reading_001,1,[],True,True,True,True,1,newly_collected,,,,brick_01,1,False
outputs/v2_experiments/e45_robot_upv_repeatability/session_20260529_062233/02_tables/e45_all_readings_master.csv,3,session_20260529_062233,,brick_01,brick,proposed_contact_usable,,major,2026-05-29T06:24:20-04:00,2026-05-29T06:26:01-04:00,outputs/v2_experiments/e45_robot_upv_repeatability/session_20260529_062233/cases/brick_01/reading_002/pipeline_full_session,True,,brick,candidate_001_brick,A1,A1,59.869,llama32_single_anchor_l6_taxonomy_scoring,102.02477785737483,101.49501456697047,101.49501456697047,106.49501456697047,True,0.5192496386955546,True,True,True,True,True,True,,True,True,True,True,True,True,101478.95,8826.235,265.073,27108.865,984.871,6.756,59777.329,"[-0.02527853146393792, -0.4309581442378981, 0.17919947672894268, -2.9697129147360677e-05, -3.141183877820086, -0.00012190777450837884]","[-0.0252785781005984, -0.4309638496792901, 0.20924069159417416, -8.195047240899797e-05, -3.1411379879507932, -1.746522915465667e-05]","[-0.025296967880235034, -0.4309696953317558, 0.17923747018554154, -0.00010124395011614577, -3.141166389146373, -4.3644330178954243e-05]",,"[-0.04450107086112245, -0.3099503655472433, 0.4448999400277345, -0.00014461806895977978, -3.141221774365733, -0.0003733780296914811]",0.043782,0.006158,,,,,,,,,,,,,,2,brick,4,"{""requested_num_anchors"": 5, ""axis_mode"": ""major"", ""candidate_count_mode"": ""transducer_diameter_floor"", ""physical_axis_length_mm"": 212.97168990934662, ""physical_axis_length_source_key"": ""global_major_dimension_mm"", ""transducer_diameter_mm"": 50.0, ""raw_floor_count"": 4, ""min_anchor_samples"": 0, ""max_anchor_samples"": 20, ""anchor_count_generated"": 4, ""anchor_count_rule_name"": ""physical_axis_length_floor_transducer_diameter"", ""fallback_used"": false, ""center_anchor_fallback_used"": false, ""raw_major_length_px"": 624.2262394932858, ""raw_minor_length_px"": 303.51939249583245}","[""arduino_check"", ""move_midhover"", ""orient"", ""xy"", ""approach_preview"", ""approach_final"", ""clamp_to_planned_width"", ""clamp_hold"", ""clamp_release"", ""home""]","[true, true, true, true, true, true, true, true, true, true]",outputs/v2_experiments/e45_robot_upv_repeatability/session_20260529_062233/cases/brick_01/reading_002,1,[],True,True,True,True,1,newly_collected,,,,brick_01,2,False
outputs/v2_experiments/e45_robot_upv_repeatability/session_20260529_062233/02_tables/e45_all_readings_master.csv,4,session_20260529_062233,,brick_01,brick,proposed_contact_usable,,major,2026-05-29T06:26:02-04:00,2026-05-29T06:27:44-04:00,outputs/v2_experiments/e45_robot_upv_repeatability/session_20260529_062233/cases/brick_01/reading_003/pipeline_full_session,True,,brick,candidate_001_brick,A1,A1,59.778,llama32_single_anchor_l6_taxonomy_scoring,102.35283103750693,101.4949606571657,101.4949606571657,106.4949606571657,True,0.838150124080946,True,True,True,True,True,True,,True,True,True,True,True,True,102352.724,8726.356,266.217,28181.483,1003.7,6.675,59598.921,"[-0.025272148920039646, -0.4309007279079503, 0.17917244159245677, -1.1066098905807935e-05, -3.1412294309227455, -0.0002106175074713117]","[-0.025269047679508688, -0.43089284970979197, 0.20918595569084908, -4.5418244175615794e-05, -3.141224974757608, -0.00028334120385101766]","[-0.025294643275916805, -0.4309116722556692, 0.17922021516009834, -9.78603032967611e-05, -3.141179609062087, -2.4293956579740677e-05]",,"[-0.04447691970401047, -0.3099556655240251, 0.44489905235844207, -2.3197907812010675e-05, -3.1412920672504385, -0.00032344776419327635]",0.053927,0.012118,,,,,,,,,,,,,,3,brick,4,"{""requested_num_anchors"": 5, ""axis_mode"": ""major"", ""candidate_count_mode"": ""transducer_diameter_floor"", ""physical_axis_length_mm"": 213.6304343003476, ""physical_axis_length_source_key"": ""global_major_dimension_mm"", ""transducer_diameter_mm"": 50.0, ""raw_floor_count"": 4, ""min_anchor_samples"": 0, ""max_anchor_samples"": 20, ""anchor_count_generated"": 4, ""anchor_count_rule_name"": ""physical_axis_length_floor_transducer_diameter"", ""fallback_used"": false, ""center_anchor_fallback_used"": false, ""raw_major_length_px"": 624.1501202619419, ""raw_minor_length_px"": 303.60321972157794}","[""arduino_check"", ""move_midhover"", ""orient"", ""xy"", ""approach_preview"", ""approach_final"", ""clamp_to_planned_width"", ""clamp_hold"", ""clamp_release"", ""home""]","[true, true, true, true, true, true, true, true, true, true]",outputs/v2_experiments/e45_robot_upv_repeatability/session_20260529_062233/cases/brick_01/reading_003,1,[],True,True,True,True,1,newly_collected,,,,brick_01,3,False
outputs/v2_experiments/e45_robot_upv_repeatability/session_20260529_062233/02_tables/e45_all_readings_master.csv,5,session_20260529_062233,,brick_01,brick,proposed_contact_usable,,major,2026-05-29T06:27:45-04:00,2026-05-29T06:29:29-04:00,outputs/v2_experiments/e45_robot_upv_repeatability/session_20260529_062233/cases/brick_01/reading_004/pipeline_full_session,True,,brick,candidate_001_brick,A1,A1,59.881,llama32_single_anchor_l6_taxonomy_scoring,102.36599735209026,101.8341821018311,101.8341821018311,106.8341821018311,True,0.5195233417498647,True,True,True,True,True,True,,True,True,True,True,True,True,103976.136,8706.112,224.958,29452.238,858.385,6.857,59855.519,"[-0.025204065438354028, -0.4308779665419328, 0.17917427682825926, 7.274146882322892e-05, -3.1411889424199426, -0.0002509457618492301]","[-0.02520510063226797, -0.4308651488731736, 0.209200618360834, 0.00011591625012321852, -3.1411750489503096, -0.0002666390325721199]","[-0.02521491480990271, -0.430886115354828, 0.17923291066513763, 1.3874964020909938e-05, -3.141122891088786, -0.00012384030315411057]",,"[-0.04445562658271912, -0.30995218613939635, 0.44491306910014417, 7.110587801058812e-05, -3.1412682147940765, -0.0002661632610765714]",0.060183,0.008873,,,,,,,,,,,,,,4,brick,4,"{""requested_num_anchors"": 5, ""axis_mode"": ""major"", ""candidate_count_mode"": ""transducer_diameter_floor"", ""physical_axis_length_mm"": 212.94511644694603, ""physical_axis_length_source_key"": ""global_major_dimension_mm"", ""transducer_diameter_mm"": 50.0, ""raw_floor_count"": 4, ""min_anchor_samples"": 0, ""max_anchor_samples"": 20, ""anchor_count_generated"": 4, ""anchor_count_rule_name"": ""physical_axis_length_floor_transducer_diameter"", ""fallback_used"": false, ""center_anchor_fallback_used"": false, ""raw_major_length_px"": 624.1483488614402, ""raw_minor_length_px"": 303.9278049410909}","[""arduino_check"", ""move_midhover"", ""orient"", ""xy"", ""approach_preview"", ""approach_final"", ""clamp_to_planned_width"", ""clamp_hold"", ""clamp_release"", ""home""]","[true, true, true, true, true, true, true, true, true, true]",outputs/v2_experiments/e45_robot_upv_repeatability/session_20260529_062233/cases/brick_01/reading_004,1,[],True,True,True,True,1,newly_collected,,,,brick_01,4,False
outputs/v2_experiments/e45_robot_upv_repeatability/session_20260529_062233/02_tables/e45_all_readings_master.csv,6,session_20260529_062233,,brick_01,brick,proposed_contact_usable,,major,2026-05-29T06:29:29-04:00,2026-05-29T06:31:13-04:00,outputs/v2_experiments/e45_robot_upv_repeatability/session_20260529_062233/cases/brick_01/reading_005/pipeline_full_session,True,,brick,candidate_001_brick,A1,A1,59.837,llama32_single_anchor_l6_taxonomy_scoring,102.02477816067515,101.4952756691687,101.4952756691687,106.4952756691687,True,0.5189940140546587,True,True,True,True,True,True,,True,True,True,True,True,True,103227.057,8841.119,263.873,27908.552,972.173,6.757,59826.369,"[-0.025203563649367836, -0.4308972587919558, 0.17918676014533003, -1.740672854862325e-05, -3.1412053646383717, -0.00019612588829376326]","[-0.02520199762156116, -0.43089243227743385, 0.2092333296057527, 1.5817159718107017e-05, -3.141164258599955, -0.0001025272131488549]","[-0.025212759171120386, -0.430908317709605, 0.17924514514545578, -5.578737652416384e-05, -3.141146413467703, 2.3192875278030333e-05]",,"[-0.04448397362546455, -0.3099562107005415, 0.4448896482274054, -1.6850885640001978e-05, -3.1412953138700437, -0.00043365278546019735]",0.06013,0.013197,,,,,,,,,,,,,,5,brick,4,"{""requested_num_anchors"": 5, ""axis_mode"": ""major"", ""candidate_count_mode"": ""transducer_diameter_floor"", ""physical_axis_length_mm"": 212.943404451677, ""physical_axis_length_source_key"": ""global_major_dimension_mm"", ""transducer_diameter_mm"": 50.0, ""raw_floor_count"": 4, ""min_anchor_samples"": 0, ""max_anchor_samples"": 20, ""anchor_count_generated"": 4, ""anchor_count_rule_name"": ""physical_axis_length_floor_transducer_diameter"", ""fallback_used"": false, ""center_anchor_fallback_used"": false, ""raw_major_length_px"": 624.1433358471669, ""raw_minor_length_px"": 303.761506288542}","[""arduino_check"", ""move_midhover"", ""orient"", ""xy"", ""approach_preview"", ""approach_final"", ""clamp_to_planned_width"", ""clamp_hold"", ""clamp_release"", ""home""]","[true, true, true, true, true, true, true, true, true, true]",outputs/v2_experiments/e45_robot_upv_repeatability/session_20260529_062233/cases/brick_01/reading_005,1,[],True,True,True,True,1,newly_collected,,,,brick_01,5,False
outputs/v2_experiments/e45_robot_upv_repeatability/session_20260529_062233/02_tables/e45_all_readings_master.csv,7,session_20260529_062233,,brick_02,brick,proposed_contact_usable,,major,2026-05-29T06:32:24-04:00,2026-05-29T06:34:08-04:00,outputs/v2_experiments/e45_robot_upv_repeatability/session_20260529_062233/cases/brick_02/reading_001/pipeline_full_session,True,,brick,candidate_001_brick,A1,A1,55.581,llama32_single_anchor_l6_taxonomy_scoring,103.36183178484754,102.70782933954911,102.70782933954911,107.70782933954911,True,0.6327310903891175,True,True,True,True,True,True,,True,True,True,True,True,True,104256.018,8941.302,262.572,25719.841,970.331,7.036,63978.271,"[-0.11483044319488574, -0.4197960036665407, 0.17864056625196462, -1.133818542872675, -2.92950885791853, -0.00036995095559281806]","[-0.11483145135286041, -0.41978684104634745, 0.20866916231096982, -1.133838901266648, -2.9294954757435967, -0.00035512376338414935]","[-0.11484760598995496, -0.4197876600490289, 0.17866122192904532, -1.1338927172105604, -2.929504642222857, -0.00031920437861108277]",,"[-0.04451258909712509, -0.30994721435661854, 0.44489919316586846, -0.00011864362674922374, -3.141254784734914, -0.000383441604011693]",0.028122,0.005155,,,,,,,,,,,,,,6,brick,4,"{""requested_num_anchors"": 5, ""axis_mode"": ""major"", ""candidate_count_mode"": ""transducer_diameter_floor"", ""physical_axis_length_mm"": 212.90370241403042, ""physical_axis_length_source_key"": ""global_major_dimension_mm"", ""transducer_diameter_mm"": 50.0, ""raw_floor_count"": 4, ""min_anchor_samples"": 0, ""max_anchor_samples"": 20, ""anchor_count_generated"": 4, ""anchor_count_rule_name"": ""physical_axis_length_floor_transducer_diameter"", ""fallback_used"": false, ""center_anchor_fallback_used"": false, ""raw_major_length_px"": 620.0042822187544, ""raw_minor_length_px"": 338.6195870940425}","[""arduino_check"", ""move_midhover"", ""orient"", ""xy"", ""approach_preview"", ""approach_final"", ""clamp_to_planned_width"", ""clamp_hold"", ""clamp_release"", ""home""]","[true, true, true, true, true, true, true, true, true, true]",outputs/v2_experiments/e45_robot_upv_repeatability/session_20260529_062233/cases/brick_02/reading_001,1,[],True,True,True,True,1,newly_collected,,,,brick_02,1,False
outputs/v2_experiments/e45_robot_upv_repeatability/session_20260529_062233/02_tables/e45_all_readings_master.csv,8,session_20260529_062233,,brick_02,brick,proposed_contact_usable,,major,2026-05-29T06:34:09-04:00,2026-05-29T06:35:51-04:00,outputs/v2_experiments/e45_robot_upv_repeatability/session_20260529_062233/cases/brick_02/reading_002/pipeline_full_session,True,,brick,candidate_001_brick,A2,A2,78.349,llama32_single_anchor_l6_taxonomy_scoring,110.573039171812,115.12894671705976,115.12894671705976,120.12894671705976,True,4.120269804801733,True,True,True,True,True,True,,True,True,True,True,True,True,102359.626,9115.087,261.275,26303.154,973.44,7.808,60673.534,"[-0.08546116289698308, -0.38192123386231386, 0.17853638185987125, -1.1424832509577014, -2.926101425165054, -0.0002989328158249017]","[-0.08544698081270394, -0.38191640787259934, 0.2085575983219959, -1.1424468400302257, -2.926124238297356, -0.00028696886898941154]","[-0.08547360719257202, -0.3819210431767858, 0.17855518832178308, -1.1425367245283742, -2.926088373815709, -0.00025295414793907923]",,"[-0.04451300224349419, -0.3099591659700997, 0.44489512371899165, -6.1033754871824286e-05, -3.141247690533034, -0.00039158818992455975]",0.022552,0.004109,,,,,,,,,,,,,,7,brick,4,"{""requested_num_anchors"": 5, ""axis_mode"": ""major"", ""candidate_count_mode"": ""transducer_diameter_floor"", ""physical_axis_length_mm"": 212.72577766009044, ""physical_axis_length_source_key"": ""global_major_dimension_mm"", ""transducer_diameter_mm"": 50.0, ""raw_floor_count"": 4, ""min_anchor_samples"": 0, ""max_anchor_samples"": 20, ""anchor_count_generated"": 4, ""anchor_count_rule_name"": ""physical_axis_length_floor_transducer_diameter"", ""fallback_used"": false, ""center_anchor_fallback_used"": false, ""raw_major_length_px"": 619.485675196307, ""raw_minor_length_px"": 339.38339051235425}","[""arduino_check"", ""move_midhover"", ""orient"", ""xy"", ""approach_preview"", ""approach_final"", ""clamp_to_planned_width"", ""clamp_hold"", ""clamp_release"", ""home""]","[true, true, true, true, true, true, true, true, true, true]",outputs/v2_experiments/e45_robot_upv_repeatability/session_20260529_062233/cases/brick_02/reading_002,1,[],True,True,True,True,1,newly_collected,,,,brick_02,2,False
outputs/v2_experiments/e45_robot_upv_repeatability/session_20260529_062233/02_tables/e45_all_readings_master.csv,9,session_20260529_062233,,brick_02,brick,proposed_contact_usable,,major,2026-05-29T06:35:52-04:00,2026-05-29T06:37:42-04:00,outputs/v2_experiments/e45_robot_upv_repeatability/session_20260529_062233/cases/brick_02/reading_003/pipeline_full_session,True,,brick,candidate_001_brick,A1,A1,55.683,llama32_single_anchor_l6_taxonomy_scoring,103.01833976410822,102.67932150576715,102.67932150576715,107.67932150576715,True,0.3290853445292905,True,True,True,True,True,True,,True,True,True,True,True,True,109588.021,8740.869,255.794,29997.814,974.672,6.563,64563.434,"[-0.1134740893103944, -0.4171002009025615, 0.17871696164939727, -1.144693692828526, -2.9252570051074986, -0.0003272461903891563]","[-0.11347112831374047, -0.4170879486483582, 0.20873951344786515, -1.14468402513816, -2.9252525696255414, -0.00033334200509622437]","[-0.11348882586720893, -0.4171073653211583, 0.17875671991650383, -1.1447573488169465, -2.925196060265381, -0.00019435006332430628]",,"[-0.04449566992462746, -0.30995220402161366, 0.4449000855284145, -1.6812084344095802e-05, -3.1413134105304135, -0.00031760126002936743]",0.043002,0.009136,,,,,,,,,,,,,,8,brick,4,"{""requested_num_anchors"": 5, ""axis_mode"": ""major"", ""candidate_count_mode"": ""transducer_diameter_floor"", ""physical_axis_length_mm"": 212.68961145894076, ""physical_axis_length_source_key"": ""global_major_dimension_mm"", ""transducer_diameter_mm"": 50.0, ""raw_floor_count"": 4, ""min_anchor_samples"": 0, ""max_anchor_samples"": 20, ""anchor_count_generated"": 4, ""anchor_count_rule_name"": ""physical_axis_length_floor_transducer_diameter"", ""fallback_used"": false, ""center_anchor_fallback_used"": false, ""raw_major_length_px"": 619.3802359004853, ""raw_minor_length_px"": 338.9805968712117}","[""arduino_check"", ""move_midhover"", ""orient"", ""xy"", ""approach_preview"", ""approach_final"", ""clamp_to_planned_width"", ""clamp_hold"", ""clamp_release"", ""home""]","[true, true, true, true, true, true, true, true, true, true]",outputs/v2_experiments/e45_robot_upv_repeatability/session_20260529_062233/cases/brick_02/reading_003,1,[],True,True,True,True,1,newly_collected,,,,brick_02,3,False
outputs/v2_experiments/e45_robot_upv_repeatability/session_20260529_062233/02_tables/e45_all_readings_master.csv,10,session_20260529_062233,,brick_02,brick,proposed_contact_usable,,major,2026-05-29T06:37:42-04:00,2026-05-29T06:39:29-04:00,outputs/v2_experiments/e45_robot_upv_repeatability/session_20260529_062233/cases/brick_02/reading_004/pipeline_full_session,True,,brick,candidate_001_brick,A1,A1,55.238,llama32_single_anchor_l6_taxonomy_scoring,103.70496815976585,103.05617389689047,103.05617389689047,108.05617389689047,True,0.6256154110918432,True,True,True,True,True,True,,True,True,True,True,True,True,107161.63,8666.03,263.758,28731.03,970.656,7.218,64138.522,"[-0.11512334727857537, -0.41218769136769856, 0.17881000529134977, -1.1624989355777582, -2.9182802212908716, -0.0004301573036062416]","[-0.11513111174033328, -0.41218413731755305, 0.20885566714580903, -1.1625524796968218, -2.918261124243133, -0.0003321054029229382]","[-0.11510872873381568, -0.4121956131225385, 0.1788527038728989, -1.1624162004177336, -2.918283659848645, -0.00028468576480256873]",,"[-0.04449994254945251, -0.309951389027531, 0.4448956901192571, -9.952895540299801e-05, -3.141308313334731, -0.0003616070236823539]",0.045822,0.009591,,,,,,,,,,,,,,9,brick,4,"{""requested_num_anchors"": 5, ""axis_mode"": ""major"", ""candidate_count_mode"": ""transducer_diameter_floor"", ""physical_axis_length_mm"": 212.6058526482932, ""physical_axis_length_source_key"": ""global_major_dimension_mm"", ""transducer_diameter_mm"": 50.0, ""raw_floor_count"": 4, ""min_anchor_samples"": 0, ""max_anchor_samples"": 20, ""anchor_count_generated"": 4, ""anchor_count_rule_name"": ""physical_axis_length_floor_transducer_diameter"", ""fallback_used"": false, ""center_anchor_fallback_used"": false, ""raw_major_length_px"": 619.1353607402194, ""raw_minor_length_px"": 338.1083189782621}","[""arduino_check"", ""move_midhover"", ""orient"", ""xy"", ""approach_preview"", ""approach_final"", ""clamp_to_planned_width"", ""clamp_hold"", ""clamp_release"", ""home""]","[true, true, true, true, true, true, true, true, true, true]",outputs/v2_experiments/e45_robot_upv_repeatability/session_20260529_062233/cases/brick_02/reading_004,1,[],True,True,True,True,1,newly_collected,,,,brick_02,4,False
outputs/v2_experiments/e45_robot_upv_repeatability/session_20260529_062233/02_tables/e45_all_readings_master.csv,11,session_20260529_062233,,brick_02,brick,proposed_contact_usable,,major,2026-05-29T06:39:30-04:00,2026-05-29T06:41:16-04:00,outputs/v2_experiments/e45_robot_upv_repeatability/session_20260529_062233/cases/brick_02/reading_005/pipeline_full_session,True,,brick,candidate_001_brick,A1,A1,55.81,llama32_single_anchor_l6_taxonomy_scoring,104.04809266533195,103.73400315621657,103.73400315621657,108.73400315621657,True,0.30186955000284105,True,True,True,True,True,True,,True,True,True,True,True,True,105715.318,9803.457,266.629,25813.116,980.241,6.785,64056.24,"[-0.11722726579519449, -0.4086481944349681, 0.1779405557068327, -1.1920829463255933, -2.9062471537533057, -0.0003510823551185282]","[-0.11721884258525214, -0.4086583719223677, 0.20798917998547767, -1.1920961499413931, -2.9062350413182565, -0.00021346028179071986]","[-0.11722558041623592, -0.40864317937712313, 0.17795114140807342, -1.192085049451049, -2.9062354257077776, -0.00034602117813786016]",,"[-0.0445139109836238, -0.30996358365053384, 0.4449042182874229, -9.960925107871178e-05, -3.141230625480743, -0.00026734643535180047]",0.011834,0.000742,,,,,,,,,,,,,,10,brick,4,"{""requested_num_anchors"": 5, ""axis_mode"": ""major"", ""candidate_count_mode"": ""transducer_diameter_floor"", ""physical_axis_length_mm"": 212.46650762415067, ""physical_axis_length_source_key"": ""global_major_dimension_mm"", ""transducer_diameter_mm"": 50.0, ""raw_floor_count"": 4, ""min_anchor_samples"": 0, ""max_anchor_samples"": 20, ""anchor_count_generated"": 4, ""anchor_count_rule_name"": ""physical_axis_length_floor_transducer_diameter"", ""fallback_used"": false, ""center_anchor_fallback_used"": false, ""raw_major_length_px"": 618.7279680690737, ""raw_minor_length_px"": 337.46234955449177}","[""arduino_check"", ""move_midhover"", ""orient"", ""xy"", ""approach_preview"", ""approach_final"", ""clamp_to_planned_width"", ""clamp_hold"", ""clamp_release"", ""home""]","[true, true, true, true, true, true, true, true, true, true]",outputs/v2_experiments/e45_robot_upv_repeatability/session_20260529_062233/cases/brick_02/reading_005,1,[],True,True,True,True,1,newly_collected,,,,brick_02,5,False
outputs/v2_experiments/e45_robot_upv_repeatability/session_20260529_062233/02_tables/e45_all_readings_master.csv,12,session_20260529_062233,,brick_03,brick,proposed_contact_usable,,major,2026-05-29T06:42:18-04:00,2026-05-29T06:44:09-04:00,outputs/v2_experiments/e45_robot_upv_repeatability/session_20260529_062233/cases/brick_03/reading_001/pipeline_full_session,True,,brick,candidate_001_brick,A1,A1,61.24,llama32_single_anchor_l6_taxonomy_scoring,119.75309508738286,119.91665582400948,119.91665582400948,124.91665582400948,True,0.13658163616336802,True,True,True,True,True,True,,True,True,True,True,True,True,111336.953,9488.773,237.727,28175.432,913.146,7.37,67127.853,"[0.014897859662882724, -0.4196946439018937, 0.17795687649503106, 2.1650334278989556, -2.2759897031478307, 0.000376667214889782]","[0.01489187172841739, -0.4196908375275638, 0.2079794815572908, 2.165027417151862, -2.275991774727742, 0.00043142221520014226]","[0.014875025288021121, -0.41970736782029117, 0.17801561809329908, 2.1649557075108836, -2.2758404633169524, 0.0004968783099478743]",,"[-0.0444774446953, -0.30995636172688074, 0.4449090215421499, 0.0003171186771835813, -3.141286840242576, -0.00027737354302213326]",0.064295,0.011848,,,,,,,,,,,,,,11,brick,4,"{""requested_num_anchors"": 5, ""axis_mode"": ""major"", ""candidate_count_mode"": ""transducer_diameter_floor"", ""physical_axis_length_mm"": 235.06297150469547, ""physical_axis_length_source_key"": ""global_major_dimension_mm"", ""transducer_diameter_mm"": 50.0, ""raw_floor_count"": 4, ""min_anchor_samples"": 0, ""max_anchor_samples"": 20, ""anchor_count_generated"": 4, ""anchor_count_rule_name"": ""physical_axis_length_floor_transducer_diameter"", ""fallback_used"": false, ""center_anchor_fallback_used"": false, ""raw_major_length_px"": 688.8894379327944, ""raw_minor_length_px"": 355.45600007792876}","[""arduino_check"", ""move_midhover"", ""orient"", ""xy"", ""approach_preview"", ""approach_final"", ""clamp_to_planned_width"", ""clamp_hold"", ""clamp_release"", ""home""]","[true, true, true, true, true, true, true, true, true, true]",outputs/v2_experiments/e45_robot_upv_repeatability/session_20260529_062233/cases/brick_03/reading_001,1,[],True,True,True,True,1,newly_collected,,,,brick_03,1,False
outputs/v2_experiments/e45_robot_upv_repeatability/session_20260529_062233/02_tables/e45_all_readings_master.csv,13,session_20260529_062233,,brick_03,brick,proposed_contact_usable,,major,2026-05-29T06:44:10-04:00,2026-05-29T06:46:03-04:00,outputs/v2_experiments/e45_robot_upv_repeatability/session_20260529_062233/cases/brick_03/reading_002/pipeline_full_session,True,,brick,candidate_001_brick,A1,A1,61.68,llama32_single_anchor_l6_taxonomy_scoring,120.09429865120592,120.30099692801767,120.30099692801767,125.30099692801767,True,0.17211331356542647,True,True,True,True,True,True,,True,True,True,True,True,True,112683.584,8819.636,238.51,30876.448,892.469,6.971,67268.046,"[0.014267961316433136, -0.4235254025395322, 0.17785202418299442, 2.1477355559212126, -2.292367980290415, 0.0003294404557046653]","[0.014256011573485121, -0.4235372352793648, 0.20791176160933145, 2.147624505907162, -2.2922750200525197, 0.0003954518534142078]","[0.014252797358974984, -0.42353216470287586, 0.17789259636786509, 2.1476283866745245, -2.292314906219404, 0.00035277496643313516]",,"[-0.04448335776686872, -0.30994875097832475, 0.4449098548771656, 0.00030402825565680207, -3.1412521761147865, -0.0002973920299176087]",0.043838,0.006981,,,,,,,,,,,,,,12,brick,4,"{""requested_num_anchors"": 5, ""axis_mode"": ""major"", ""candidate_count_mode"": ""transducer_diameter_floor"", ""physical_axis_length_mm"": 235.87539784724686, ""physical_axis_length_source_key"": ""global_major_dimension_mm"", ""transducer_diameter_mm"": 50.0, ""raw_floor_count"": 4, ""min_anchor_samples"": 0, ""max_anchor_samples"": 20, ""anchor_count_generated"": 4, ""anchor_count_rule_name"": ""physical_axis_length_floor_transducer_diameter"", ""fallback_used"": false, ""center_anchor_fallback_used"": false, ""raw_major_length_px"": 691.2705359791618, ""raw_minor_length_px"": 355.8309796464877}","[""arduino_check"", ""move_midhover"", ""orient"", ""xy"", ""approach_preview"", ""approach_final"", ""clamp_to_planned_width"", ""clamp_hold"", ""clamp_release"", ""home""]","[true, true, true, true, true, true, true, true, true, true]",outputs/v2_experiments/e45_robot_upv_repeatability/session_20260529_062233/cases/brick_03/reading_002,1,[],True,True,True,True,1,newly_collected,,,,brick_03,2,False
outputs/v2_experiments/e45_robot_upv_repeatability/session_20260529_062233/02_tables/e45_all_readings_master.csv,14,session_20260529_062233,,brick_03,brick,proposed_contact_usable,,major,2026-05-29T06:46:03-04:00,2026-05-29T06:46:12-04:00,outputs/v2_experiments/e45_robot_upv_repeatability/session_20260529_062233/cases/brick_03/reading_003/pipeline_full_session,False,color topic timeout: /camera/camera/color/image_raw; depth topic timeout: /camera/camera/aligned_depth_to_color/image_raw; camera_info topic timeout: /camera/camera/color/camera_info,,,,,,,,,,,,,,,,,,,,,,,,,,8312.005,,,,,,,"""""","""""","""""",,"""""",,,,,,,,,,,,,,,,13,brick,,{},[],[],outputs/v2_experiments/e45_robot_upv_repeatability/session_20260529_062233/cases/brick_03/reading_003,1,[],True,True,True,True,1,newly_collected,,,,brick_03,3,False
outputs/v2_experiments/e45_robot_upv_repeatability/session_20260529_062233/02_tables/e45_all_readings_master.csv,15,session_20260529_062233,,brick_03,brick,proposed_contact_usable,,major,2026-05-29T06:46:12-04:00,2026-05-29T06:46:20-04:00,outputs/v2_experiments/e45_robot_upv_repeatability/session_20260529_062233/cases/brick_03/reading_004/pipeline_full_session,False,color topic timeout: /camera/camera/color/image_raw; depth topic timeout: /camera/camera/aligned_depth_to_color/image_raw; camera_info topic timeout: /camera/camera/color/camera_info,,,,,,,,,,,,,,,,,,,,,,,,,,8138.43,,,,,,,"""""","""""","""""",,"""""",,,,,,,,,,,,,,,,14,brick,,{},[],[],outputs/v2_experiments/e45_robot_upv_repeatability/session_20260529_062233/cases/brick_03/reading_004,1,[],True,True,True,True,1,newly_collected,,,,brick_03,4,False
outputs/v2_experiments/e45_robot_upv_repeatability/session_20260529_062233/02_tables/e45_all_readings_master.csv,16,session_20260529_062233,,brick_03,brick,proposed_contact_usable,,major,2026-05-29T06:46:21-04:00,2026-05-29T06:46:29-04:00,outputs/v2_experiments/e45_robot_upv_repeatability/session_20260529_062233/cases/brick_03/reading_005/pipeline_full_session,False,color topic timeout: /camera/camera/color/image_raw; depth topic timeout: /camera/camera/aligned_depth_to_color/image_raw; camera_info topic timeout: /camera/camera/color/camera_info,,,,,,,,,,,,,,,,,,,,,,,,,,8121.641,,,,,,,"""""","""""","""""",,"""""",,,,,,,,,,,,,,,,15,brick,,{},[],[],outputs/v2_experiments/e45_robot_upv_repeatability/session_20260529_062233/cases/brick_03/reading_005,1,[],True,True,True,True,1,newly_collected,,,,brick_03,5,False
outputs/v2_experiments/e45_robot_upv_repeatability/session_20260529_062233/02_tables/e45_all_readings_master.csv,17,session_20260529_062233,,brick_04,brick,proposed_contact_usable,,major,2026-05-29T06:48:39-04:00,2026-05-29T06:50:27-04:00,outputs/v2_experiments/e45_robot_upv_repeatability/session_20260529_062233/cases/brick_04/reading_001/pipeline_full_session,True,,brick,candidate_001_brick,A1,A1,68.059,llama32_single_anchor_l6_taxonomy_scoring,96.03702588875498,95.6208030434302,95.6208030434302,100.6208030434302,True,0.43339830807225965,True,True,True,True,True,True,,True,True,True,True,True,True,108139.718,8795.532,245.137,30186.341,898.46,6.989,63506.166,"[-0.03826704144283323, -0.4370319488789039, 0.17309395615345846, -0.3421009297921935, -3.1224983173131076, -0.00011729174331789812]","[-0.03821660362020304, -0.43702659416848344, 0.20309231449238896, -0.341919362563053, -3.1224814356195796, -0.00016282601832147783]","[-0.03824211632685495, -0.4370319957090879, 0.17308947811826464, -0.3420680540233743, -3.12258076816337, -0.00012943459295499212]",,"[-0.04446875008103939, -0.3099600673264823, 0.44490302566745954, 9.697924756124037e-05, -3.1412922889861976, -0.000278811645833077]",0.025324,0.005133,,,,,,,,,,,,,,16,brick,4,"{""requested_num_anchors"": 5, ""axis_mode"": ""major"", ""candidate_count_mode"": ""transducer_diameter_floor"", ""physical_axis_length_mm"": 204.2779572580987, ""physical_axis_length_source_key"": ""global_major_dimension_mm"", ""transducer_diameter_mm"": 50.0, ""raw_floor_count"": 4, ""min_anchor_samples"": 0, ""max_anchor_samples"": 20, ""anchor_count_generated"": 4, ""anchor_count_rule_name"": ""physical_axis_length_floor_transducer_diameter"", ""fallback_used"": false, ""center_anchor_fallback_used"": false, ""raw_major_length_px"": 589.267821040454, ""raw_minor_length_px"": 282.75139930237185}","[""arduino_check"", ""move_midhover"", ""orient"", ""xy"", ""approach_preview"", ""approach_final"", ""clamp_to_planned_width"", ""clamp_hold"", ""clamp_release"", ""home""]","[true, true, true, true, true, true, true, true, true, true]",outputs/v2_experiments/e45_robot_upv_repeatability/session_20260529_062233/cases/brick_04/reading_001,1,[],True,True,True,True,1,newly_collected,,,,brick_04,1,False
outputs/v2_experiments/e45_robot_upv_repeatability/session_20260529_062233/02_tables/e45_all_readings_master.csv,18,session_20260529_062233,,brick_04,brick,proposed_contact_usable,,major,2026-05-29T06:50:28-04:00,2026-05-29T06:52:15-04:00,outputs/v2_experiments/e45_robot_upv_repeatability/session_20260529_062233/cases/brick_04/reading_002/pipeline_full_session,True,,brick,candidate_001_brick,A1,A1,68.008,llama32_single_anchor_l6_taxonomy_scoring,96.03703422817347,95.62058063719881,95.62058063719881,100.62058063719881,True,0.4336385378011639,True,True,True,True,True,True,,True,True,True,True,True,True,107210.727,8768.633,237.145,30109.676,884.933,6.725,62872.73,"[-0.038108443951236096, -0.4368676107418732, 0.17305378501493648, -0.3395795621239214, -3.122813374733754, -0.0002847760015487942]","[-0.03812991685231486, -0.4368691308062186, 0.20308772771131156, -0.3396243073403214, -3.122786391616793, -0.00021261186106252624]","[-0.03814128373193051, -0.4368648770463732, 0.17307090013244697, -0.33965898043056036, -3.1227796235780616, -0.00022475004303167215]",,"[-0.04447756709650003, -0.30995804026957696, 0.4448993970531204, -3.109029828129947e-05, -3.1412894817913015, -0.00036499285898393245]",0.037133,0.006023,,,,,,,,,,,,,,17,brick,4,"{""requested_num_anchors"": 5, ""axis_mode"": ""major"", ""candidate_count_mode"": ""transducer_diameter_floor"", ""physical_axis_length_mm"": 204.25884718106033, ""physical_axis_length_source_key"": ""global_major_dimension_mm"", ""transducer_diameter_mm"": 50.0, ""raw_floor_count"": 4, ""min_anchor_samples"": 0, ""max_anchor_samples"": 20, ""anchor_count_generated"": 4, ""anchor_count_rule_name"": ""physical_axis_length_floor_transducer_diameter"", ""fallback_used"": false, ""center_anchor_fallback_used"": false, ""raw_major_length_px"": 589.2127465752425, ""raw_minor_length_px"": 282.93592013456686}","[""arduino_check"", ""move_midhover"", ""orient"", ""xy"", ""approach_preview"", ""approach_final"", ""clamp_to_planned_width"", ""clamp_hold"", ""clamp_release"", ""home""]","[true, true, true, true, true, true, true, true, true, true]",outputs/v2_experiments/e45_robot_upv_repeatability/session_20260529_062233/cases/brick_04/reading_002,1,[],True,True,True,True,1,newly_collected,,,,brick_04,2,False
outputs/v2_experiments/e45_robot_upv_repeatability/session_20260529_062233/02_tables/e45_all_readings_master.csv,19,session_20260529_062233,,brick_04,brick,proposed_contact_usable,,major,2026-05-29T06:52:16-04:00,2026-05-29T06:53:59-04:00,outputs/v2_experiments/e45_robot_upv_repeatability/session_20260529_062233/cases/brick_04/reading_003/pipeline_full_session,True,,brick,candidate_001_brick,A2,A2,83.973,llama32_single_anchor_l6_taxonomy_scoring,96.68877015393916,96.57413697369554,96.57413697369554,101.57413697369554,True,0.11855893922438615,True,True,True,True,True,True,,True,True,True,True,True,True,103031.856,8790.744,228.41,27460.94,875.982,6.955,61328.287,"[-0.027992393451754638, -0.3945783184654492, 0.17306364331584154, -0.33348996074859705, -3.123474308933454, -0.00021244248881353327]","[-0.0279824409154855, -0.3945830550071444, 0.20309477816350752, -0.33340125330599957, -3.1234943596564024, -0.0002051318391039895]","[-0.027993820054297097, -0.3945709089991969, 0.17306853099820485, -0.333508546294296, -3.1234999441976368, -0.00025914432371527675]",,"[-0.044481461461000696, -0.30996586929864495, 0.4448814993515154, -6.31012588950126e-05, -3.1413314592997654, -0.00046671399801963455]",0.00899,0.003233,,,,,,,,,,,,,,18,brick,4,"{""requested_num_anchors"": 5, ""axis_mode"": ""major"", ""candidate_count_mode"": ""transducer_diameter_floor"", ""physical_axis_length_mm"": 204.81232611293626, ""physical_axis_length_source_key"": ""global_major_dimension_mm"", ""transducer_diameter_mm"": 50.0, ""raw_floor_count"": 4, ""min_anchor_samples"": 0, ""max_anchor_samples"": 20, ""anchor_count_generated"": 4, ""anchor_count_rule_name"": ""physical_axis_length_floor_transducer_diameter"", ""fallback_used"": false, ""center_anchor_fallback_used"": false, ""raw_major_length_px"": 588.9457027205167, ""raw_minor_length_px"": 282.7276061642928}","[""arduino_check"", ""move_midhover"", ""orient"", ""xy"", ""approach_preview"", ""approach_final"", ""clamp_to_planned_width"", ""clamp_hold"", ""clamp_release"", ""home""]","[true, true, true, true, true, true, true, true, true, true]",outputs/v2_experiments/e45_robot_upv_repeatability/session_20260529_062233/cases/brick_04/reading_003,1,[],True,True,True,True,1,newly_collected,,,,brick_04,3,False
outputs/v2_experiments/e45_robot_upv_repeatability/session_20260529_062233/02_tables/e45_all_readings_master.csv,20,session_20260529_062233,,brick_04,brick,proposed_contact_usable,,major,2026-05-29T06:53:59-04:00,2026-05-29T06:55:46-04:00,outputs/v2_experiments/e45_robot_upv_repeatability/session_20260529_062233/cases/brick_04/reading_004/pipeline_full_session,True,,brick,candidate_001_brick,A1,A1,68.312,llama32_single_anchor_l6_taxonomy_scoring,96.68882088754741,95.86332932085283,95.86332932085283,100.86332932085283,True,0.8537611267952654,True,True,True,True,True,True,,True,True,True,True,True,True,106441.876,8686.116,237.355,29467.527,880.543,6.551,62789.895,"[-0.03756413325878627, -0.4371388084618759, 0.17306305151809626, -0.3175383030166706, -3.1250884723094257, -0.0002204623892036683]","[-0.037563612521325465, -0.43712998402534536, 0.20307490978765635, -0.31757385086722384, -3.1251195319926937, -0.000256401238689432]","[-0.03758273791164383, -0.43714544776806274, 0.17310084966073574, -0.3176190413399331, -3.1250398055209514, -6.522298581511232e-05]",,"[-0.04449081228516001, -0.309955105390062, 0.4449083899200555, -4.1855143302354085e-05, -3.1412865099927005, -0.0002526543090131]",0.042649,0.010406,,,,,,,,,,,,,,19,brick,4,"{""requested_num_anchors"": 5, ""axis_mode"": ""major"", ""candidate_count_mode"": ""transducer_diameter_floor"", ""physical_axis_length_mm"": 204.78021265256282, ""physical_axis_length_source_key"": ""global_major_dimension_mm"", ""transducer_diameter_mm"": 50.0, ""raw_floor_count"": 4, ""min_anchor_samples"": 0, ""max_anchor_samples"": 20, ""anchor_count_generated"": 4, ""anchor_count_rule_name"": ""physical_axis_length_floor_transducer_diameter"", ""fallback_used"": false, ""center_anchor_fallback_used"": false, ""raw_major_length_px"": 588.8536682825365, ""raw_minor_length_px"": 282.61068139773727}","[""arduino_check"", ""move_midhover"", ""orient"", ""xy"", ""approach_preview"", ""approach_final"", ""clamp_to_planned_width"", ""clamp_hold"", ""clamp_release"", ""home""]","[true, true, true, true, true, true, true, true, true, true]",outputs/v2_experiments/e45_robot_upv_repeatability/session_20260529_062233/cases/brick_04/reading_004,1,[],True,True,True,True,1,newly_collected,,,,brick_04,4,False
outputs/v2_experiments/e45_robot_upv_repeatability/session_20260529_062233/02_tables/e45_all_readings_master.csv,21,session_20260529_062233,,brick_04,brick,proposed_contact_usable,,major,2026-05-29T06:55:46-04:00,2026-05-29T06:57:33-04:00,outputs/v2_experiments/e45_robot_upv_repeatability/session_20260529_062233/cases/brick_04/reading_005/pipeline_full_session,True,,brick,candidate_001_brick,A1,A1,68.026,llama32_single_anchor_l6_taxonomy_scoring,96.03711202587836,95.52028497564251,95.52028497564251,100.52028497564251,True,0.5381534693552441,True,True,True,True,True,True,,True,True,True,True,True,True,106310.443,8856.592,234.105,28459.55,908.567,6.598,63414.131,"[-0.03751688731431712, -0.4371583110459768, 0.17306929351629807, -0.315088551927602, -3.1253630877050202, -0.00016920357232400144]","[-0.03751531262769304, -0.4371623064973844, 0.20310373930600606, -0.31506508382038817, -3.1253690498537843, -3.9849174698444625e-05]","[-0.03751609793514775, -0.43715852968028784, 0.17308312616574517, -0.31505438015733245, -3.1253544173576913, -0.00017971385296621507]",,"[-0.04447420286839139, -0.30996050346517906, 0.44490007427369005, 6.974907703404307e-05, -3.141250707980507, -0.00035188376680794884]",0.013857,0.002108,,,,,,,,,,,,,,20,brick,4,"{""requested_num_anchors"": 5, ""axis_mode"": ""major"", ""candidate_count_mode"": ""transducer_diameter_floor"", ""physical_axis_length_mm"": 204.1145318291575, ""physical_axis_length_source_key"": ""global_major_dimension_mm"", ""transducer_diameter_mm"": 50.0, ""raw_floor_count"": 4, ""min_anchor_samples"": 0, ""max_anchor_samples"": 20, ""anchor_count_generated"": 4, ""anchor_count_rule_name"": ""physical_axis_length_floor_transducer_diameter"", ""fallback_used"": false, ""center_anchor_fallback_used"": false, ""raw_major_length_px"": 588.7969261712979, ""raw_minor_length_px"": 283.11173691349353}","[""arduino_check"", ""move_midhover"", ""orient"", ""xy"", ""approach_preview"", ""approach_final"", ""clamp_to_planned_width"", ""clamp_hold"", ""clamp_release"", ""home""]","[true, true, true, true, true, true, true, true, true, true]",outputs/v2_experiments/e45_robot_upv_repeatability/session_20260529_062233/cases/brick_04/reading_005,1,[],True,True,True,True,1,newly_collected,,,,brick_04,5,False
outputs/v2_experiments/e45_robot_upv_repeatability/session_20260529_062233/02_tables/e45_all_readings_master.csv,22,session_20260529_062233,,brick_05,brick,proposed_contact_usable,,major,2026-05-29T06:59:03-04:00,2026-05-29T07:00:47-04:00,outputs/v2_experiments/e45_robot_upv_repeatability/session_20260529_062233/cases/brick_05/reading_001/pipeline_full_session,True,,brick,candidate_001_brick,A1,A1,61.145,llama32_single_anchor_l6_taxonomy_scoring,64.87022634018476,64.03415165334654,64.03415165334654,69.03415165334654,True,1.2888419449221167,True,True,True,True,True,True,,True,True,True,True,True,True,103668.076,8778.177,234.439,29568.446,893.037,7.226,59802.097,"[-0.01804160976997553, -0.4377437310084328, 0.2170678935514103, 1.539282028350667e-05, -3.141192243291297, -1.439449643967088e-05]","[-0.018058679872291927, -0.4377456606649052, 0.24712382552856837, -9.937815187247192e-05, -3.1411729667088593, 0.00015350560059641908]","[-0.018049025281614166, -0.4377398671494441, 0.21710737904123512, -5.709893551460685e-05, -3.141153444900221, 0.00011694493628038998]",,"[-0.0445022458879142, -0.3099563380458405, 0.44491343772487246, -9.328380403778613e-05, -3.1412089363813434, -0.00023673769203863402]",0.040361,0.008878,,,,,,,,,,,,,,21,brick,4,"{""requested_num_anchors"": 5, ""axis_mode"": ""major"", ""candidate_count_mode"": ""transducer_diameter_floor"", ""physical_axis_length_mm"": 210.8988007154532, ""physical_axis_length_source_key"": ""global_major_dimension_mm"", ""transducer_diameter_mm"": 50.0, ""raw_floor_count"": 4, ""min_anchor_samples"": 0, ""max_anchor_samples"": 20, ""anchor_count_generated"": 4, ""anchor_count_rule_name"": ""physical_axis_length_floor_transducer_diameter"", ""fallback_used"": false, ""center_anchor_fallback_used"": false, ""raw_major_length_px"": 699.0723543099781, ""raw_minor_length_px"": 218.95054006895}","[""arduino_check"", ""move_midhover"", ""orient"", ""xy"", ""approach_preview"", ""approach_final"", ""clamp_to_planned_width"", ""clamp_hold"", ""clamp_release"", ""home""]","[true, true, true, true, true, true, true, true, true, true]",outputs/v2_experiments/e45_robot_upv_repeatability/session_20260529_062233/cases/brick_05/reading_001,1,[],True,True,True,True,1,newly_collected,,,,brick_05,1,False
outputs/v2_experiments/e45_robot_upv_repeatability/session_20260529_062233/02_tables/e45_all_readings_master.csv,23,session_20260529_062233,,brick_05,brick,proposed_contact_usable,,major,2026-05-29T07:00:47-04:00,2026-05-29T07:02:30-04:00,outputs/v2_experiments/e45_robot_upv_repeatability/session_20260529_062233/cases/brick_05/reading_002/pipeline_full_session,True,,brick,candidate_001_brick,A1,A1,61.027,llama32_single_anchor_l6_taxonomy_scoring,64.56850435719015,63.73663348150141,63.73663348150141,68.7366334815014,True,1.288353948988612,True,True,True,True,True,True,,True,True,True,True,True,True,102381.547,8776.047,230.044,28144.482,878.412,7.367,59692.915,"[-0.018111056627200674, -0.43761837144068194, 0.21702016646715916, -4.722349962618436e-05, -3.141230892934175, -0.00024840707927771283]","[-0.018105083351548396, -0.4376345236065045, 0.24711321700507277, 1.2699101853850844e-05, -3.1411888771329806, 0.0001522404870131474]","[-0.01810829484291378, -0.437621777361741, 0.21705171502321274, -7.887830134370203e-05, -3.141217661883143, -0.00015542285058353964]",,"[-0.04451365410211344, -0.3099459753595331, 0.4449141272235481, -0.00028400119721432693, -3.141208000700966, -0.000282696483116387]",0.031852,0.005679,,,,,,,,,,,,,,22,brick,4,"{""requested_num_anchors"": 5, ""axis_mode"": ""major"", ""candidate_count_mode"": ""transducer_diameter_floor"", ""physical_axis_length_mm"": 210.8115229500179, ""physical_axis_length_source_key"": ""global_major_dimension_mm"", ""transducer_diameter_mm"": 50.0, ""raw_floor_count"": 4, ""min_anchor_samples"": 0, ""max_anchor_samples"": 20, ""anchor_count_generated"": 4, ""anchor_count_rule_name"": ""physical_axis_length_floor_transducer_diameter"", ""fallback_used"": false, ""center_anchor_fallback_used"": false, ""raw_major_length_px"": 698.7830521764735, ""raw_minor_length_px"": 218.42989089664644}","[""arduino_check"", ""move_midhover"", ""orient"", ""xy"", ""approach_preview"", ""approach_final"", ""clamp_to_planned_width"", ""clamp_hold"", ""clamp_release"", ""home""]","[true, true, true, true, true, true, true, true, true, true]",outputs/v2_experiments/e45_robot_upv_repeatability/session_20260529_062233/cases/brick_05/reading_002,1,[],True,True,True,True,1,newly_collected,,,,brick_05,2,False
outputs/v2_experiments/e45_robot_upv_repeatability/session_20260529_062233/02_tables/e45_all_readings_master.csv,24,session_20260529_062233,,brick_05,brick,proposed_contact_usable,,major,2026-05-29T07:02:30-04:00,2026-05-29T07:04:15-04:00,outputs/v2_experiments/e45_robot_upv_repeatability/session_20260529_062233/cases/brick_05/reading_003/pipeline_full_session,True,,brick,candidate_001_brick,A1,A1,61.131,llama32_single_anchor_l6_taxonomy_scoring,64.87022652188692,64.03383128688753,64.03383128688753,69.03383128688753,True,1.289336078882337,True,True,True,True,True,True,,True,True,True,True,True,True,104704.751,8778.12,244.993,30522.259,888.786,7.223,59670.68,"[-0.018154152478329293, -0.4376773638086685, 0.21704781908475113, -4.279863770893375e-05, -3.1412331489219385, -0.00010204063431901053]","[-0.01815628059173658, -0.43768625850434867, 0.2471291516157978, -4.0889579966984297e-05, -3.1411698574482863, 0.00017237020526703715]","[-0.01816437035465521, -0.4376804796849295, 0.21707390840921845, -0.00011309592881927914, -3.141247335027032, -2.611042667702803e-05]",,"[-0.04448772889154817, -0.30995214571963337, 0.4449182358223199, -4.8262822557384334e-05, -3.1412535658852456, -0.00018223526517414303]",0.028192,0.005984,,,,,,,,,,,,,,23,brick,4,"{""requested_num_anchors"": 5, ""axis_mode"": ""major"", ""candidate_count_mode"": ""transducer_diameter_floor"", ""physical_axis_length_mm"": 210.845743675546, ""physical_axis_length_source_key"": ""global_major_dimension_mm"", ""transducer_diameter_mm"": 50.0, ""raw_floor_count"": 4, ""min_anchor_samples"": 0, ""max_anchor_samples"": 20, ""anchor_count_generated"": 4, ""anchor_count_rule_name"": ""physical_axis_length_floor_transducer_diameter"", ""fallback_used"": false, ""center_anchor_fallback_used"": false, ""raw_major_length_px"": 698.8964865634034, ""raw_minor_length_px"": 218.5994040510864}","[""arduino_check"", ""move_midhover"", ""orient"", ""xy"", ""approach_preview"", ""approach_final"", ""clamp_to_planned_width"", ""clamp_hold"", ""clamp_release"", ""home""]","[true, true, true, true, true, true, true, true, true, true]",outputs/v2_experiments/e45_robot_upv_repeatability/session_20260529_062233/cases/brick_05/reading_003,1,[],True,True,True,True,1,newly_collected,,,,brick_05,3,False
outputs/v2_experiments/e45_robot_upv_repeatability/session_20260529_062233/02_tables/e45_all_readings_master.csv,25,session_20260529_062233,,brick_05,brick,proposed_contact_usable,,major,2026-05-29T07:04:16-04:00,2026-05-29T07:05:59-04:00,outputs/v2_experiments/e45_robot_upv_repeatability/session_20260529_062233/cases/brick_05/reading_004/pipeline_full_session,True,,brick,candidate_001_brick,A1,A1,61.164,llama32_single_anchor_l6_taxonomy_scoring,64.87022655103365,64.03380939237762,64.03380939237762,69.03380939237762,True,1.2893698744801216,True,True,True,True,True,True,,True,True,True,True,True,True,103174.565,8769.517,228.735,29178.271,874.151,6.98,59343.393,"[-0.018194296125037906, -0.43766901754738446, 0.2170530522046219, -9.414626685115844e-05, -3.1411526136405112, -9.2572804357346e-05]","[-0.018171021204766574, -0.43767997818726634, 0.2471248732796672, -5.929367283572889e-05, -3.141139276486725, 0.00015588770741344914]","[-0.018207020667604903, -0.43767541596368026, 0.2170918812944248, -0.0001062555185617954, -3.141130747070781, 5.630094752639563e-05]",,"[-0.044508541357722704, -0.30995896839192133, 0.44489512015042687, -6.739584397004874e-05, -3.1412787166592024, -0.00038433184592399683]",0.041359,0.008649,,,,,,,,,,,,,,24,brick,4,"{""requested_num_anchors"": 5, ""axis_mode"": ""major"", ""candidate_count_mode"": ""transducer_diameter_floor"", ""physical_axis_length_mm"": 210.79342342332598, ""physical_axis_length_source_key"": ""global_major_dimension_mm"", ""transducer_diameter_mm"": 50.0, ""raw_floor_count"": 4, ""min_anchor_samples"": 0, ""max_anchor_samples"": 20, ""anchor_count_generated"": 4, ""anchor_count_rule_name"": ""physical_axis_length_floor_transducer_diameter"", ""fallback_used"": false, ""center_anchor_fallback_used"": false, ""raw_major_length_px"": 698.7230594237076, ""raw_minor_length_px"": 218.65636098850564}","[""arduino_check"", ""move_midhover"", ""orient"", ""xy"", ""approach_preview"", ""approach_final"", ""clamp_to_planned_width"", ""clamp_hold"", ""clamp_release"", ""home""]","[true, true, true, true, true, true, true, true, true, true]",outputs/v2_experiments/e45_robot_upv_repeatability/session_20260529_062233/cases/brick_05/reading_004,1,[],True,True,True,True,1,newly_collected,,,,brick_05,4,False
outputs/v2_experiments/e45_robot_upv_repeatability/session_20260529_062233/02_tables/e45_all_readings_master.csv,26,session_20260529_062233,,brick_05,brick,proposed_contact_usable,,major,2026-05-29T07:06:00-04:00,2026-05-29T07:07:42-04:00,outputs/v2_experiments/e45_robot_upv_repeatability/session_20260529_062233/cases/brick_05/reading_005/pipeline_full_session,True,,brick,candidate_001_brick,A1,A1,60.788,llama32_single_anchor_l6_taxonomy_scoring,64.26678273236689,63.43804886175739,63.43804886175739,68.43804886175738,True,1.2895213287098721,True,True,True,True,True,True,,True,True,True,True,True,True,102402.586,8669.311,231.459,28036.483,893.119,7.357,59949.314,"[-0.018187726319082678, -0.43766695956857016, 0.2170586561131801, -3.2382650451068872e-06, -3.141158073471055, -8.111272634745403e-05]","[-0.01820724248263731, -0.4376749625208209, 0.2471578932362537, -4.101079685512653e-05, -3.141062390796578, 0.0002331178581038408]","[-0.01821078869859593, -0.43767175274567377, 0.21710049718165836, -0.00015174416733562178, -3.1411306030340853, 7.513726289807058e-05]",,"[-0.04449661690926003, -0.30994698416164834, 0.44492187182492904, -7.357352475907863e-05, -3.141225290297831, -0.00022028643356178173]",0.048016,0.012451,,,,,,,,,,,,,,25,brick,4,"{""requested_num_anchors"": 5, ""axis_mode"": ""major"", ""candidate_count_mode"": ""transducer_diameter_floor"", ""physical_axis_length_mm"": 210.81036349510993, ""physical_axis_length_source_key"": ""global_major_dimension_mm"", ""transducer_diameter_mm"": 50.0, ""raw_floor_count"": 4, ""min_anchor_samples"": 0, ""max_anchor_samples"": 20, ""anchor_count_generated"": 4, ""anchor_count_rule_name"": ""physical_axis_length_floor_transducer_diameter"", ""fallback_used"": false, ""center_anchor_fallback_used"": false, ""raw_major_length_px"": 698.7792127929897, ""raw_minor_length_px"": 218.6527745399133}","[""arduino_check"", ""move_midhover"", ""orient"", ""xy"", ""approach_preview"", ""approach_final"", ""clamp_to_planned_width"", ""clamp_hold"", ""clamp_release"", ""home""]","[true, true, true, true, true, true, true, true, true, true]",outputs/v2_experiments/e45_robot_upv_repeatability/session_20260529_062233/cases/brick_05/reading_005,1,[],True,True,True,True,1,newly_collected,,,,brick_05,5,False
outputs/v2_experiments/e45_robot_upv_repeatability/session_20260529_062233/02_tables/e45_all_readings_master.csv,27,session_20260529_062233,,timber_01,timber,proposed_contact_usable,,major,2026-05-29T07:10:34-04:00,2026-05-29T07:11:32-04:00,outputs/v2_experiments/e45_robot_upv_repeatability/session_20260529_062233/cases/timber_01/reading_001/pipeline_full_session,False,Arduino rejected CLAMP_TRAVEL_MM 213.983: ERR TRAVEL_OUT_OF_RANGE,timber,candidate_001_timber,A1,A1,82.387,llama32_single_anchor_l6_taxonomy_scoring,38.053418094677575,38.01700966343858,38.01700966343858,43.01700966343858,True,0.09567716400248584,False,False,False,True,True,skipped,,False,skipped,True,True,True,False,57265.574,8608.135,222.216,7189.303,857.869,7.507,35711.788,"[-0.057239117023304975, -0.381176112113172, 0.19044768309626964, 0.6822652535311118, -3.066182114426923, 5.771680668541896e-05]","[-0.05724338885164449, -0.3811910050800361, 0.220500015411361, 0.6822012862223995, -3.066114574757939, 0.0002019162772279501]","[-0.05723985722982138, -0.3811742459283757, 0.19045626869272114, 0.6823194391148388, -3.066152451369802, 5.1837173047141265e-05]",,"[-0.04448550127574069, -0.3099737384750894, 0.4448948272066936, 0.0003039707006275237, -3.1412976363526064, -0.0002558734169356099]",0.008817,0.003555,,,,,,,,,,,,,,26,timber,1,"{""requested_num_anchors"": 5, ""axis_mode"": ""major"", ""candidate_count_mode"": ""transducer_diameter_floor"", ""physical_axis_length_mm"": 92.20517447166772, ""physical_axis_length_source_key"": ""global_major_dimension_mm"", ""transducer_diameter_mm"": 50.0, ""raw_floor_count"": 1, ""min_anchor_samples"": 0, ""max_anchor_samples"": 20, ""anchor_count_generated"": 1, ""anchor_count_rule_name"": ""physical_axis_length_floor_transducer_diameter"", ""fallback_used"": false, ""center_anchor_fallback_used"": false, ""raw_major_length_px"": 281.0962492764526, ""raw_minor_length_px"": 118.67642706634837}","[""arduino_check"", ""move_midhover"", ""orient"", ""xy"", ""approach_preview"", ""approach_final"", ""home""]","[true, true, true, true, true, true, true]",outputs/v2_experiments/e45_robot_upv_repeatability/session_20260529_062233/cases/timber_01/reading_001,1,[],True,True,True,True,1,newly_collected,,,,timber_01,1,False
outputs/v2_experiments/e45_robot_upv_repeatability/session_20260529_062233/02_tables/e45_all_readings_master.csv,28,session_20260529_062233,,timber_01,timber,proposed_contact_usable,,major,2026-05-29T07:11:32-04:00,2026-05-29T07:12:30-04:00,outputs/v2_experiments/e45_robot_upv_repeatability/session_20260529_062233/cases/timber_01/reading_002/pipeline_full_session,False,Arduino rejected CLAMP_TRAVEL_MM 213.663: ERR TRAVEL_OUT_OF_RANGE,timber,candidate_001_timber,A1,A1,82.65,llama32_single_anchor_l6_taxonomy_scoring,38.381468197245106,38.33719587089901,38.33719587089901,43.33719587089901,True,0.11534818344774511,False,False,False,True,True,skipped,,False,skipped,True,True,True,False,57479.534,8609.743,217.406,7658.977,856.836,7.125,35242.129,"[-0.05714151030964793, -0.3811497315641306, 0.19044542641373657, 0.6808846031659658, -3.066517861394421, 3.296262134806511e-05]","[-0.05714321864017269, -0.38116759655628174, 0.2205032316270536, 0.6809050279261935, -3.0664082066342733, 0.0002026359426841419]","[-0.057152362868736886, -0.38114018114793413, 0.19047451306281776, 0.6808028637253147, -3.066454007063986, 5.12105957553044e-05]",,"[-0.044511525444267175, -0.30997658596665406, 0.44488492105741145, 0.00024182046398599363, -3.1412730832248403, -0.00040544923297707784]",0.032481,0.006034,,,,,,,,,,,,,,27,timber,1,"{""requested_num_anchors"": 5, ""axis_mode"": ""major"", ""candidate_count_mode"": ""transducer_diameter_floor"", ""physical_axis_length_mm"": 92.2090185285032, ""physical_axis_length_source_key"": ""global_major_dimension_mm"", ""transducer_diameter_mm"": 50.0, ""raw_floor_count"": 1, ""min_anchor_samples"": 0, ""max_anchor_samples"": 20, ""anchor_count_generated"": 1, ""anchor_count_rule_name"": ""physical_axis_length_floor_transducer_diameter"", ""fallback_used"": false, ""center_anchor_fallback_used"": false, ""raw_major_length_px"": 281.1079931177101, ""raw_minor_length_px"": 118.69600769644619}","[""arduino_check"", ""move_midhover"", ""orient"", ""xy"", ""approach_preview"", ""approach_final"", ""home""]","[true, true, true, true, true, true, true]",outputs/v2_experiments/e45_robot_upv_repeatability/session_20260529_062233/cases/timber_01/reading_002,1,[],True,True,True,True,1,newly_collected,,,,timber_01,2,False
outputs/v2_experiments/e45_robot_upv_repeatability/session_20260529_062233/02_tables/e45_all_readings_master.csv,29,session_20260529_062233,,timber_01,timber,proposed_contact_usable,,major,2026-05-29T07:12:30-04:00,2026-05-29T07:13:29-04:00,outputs/v2_experiments/e45_robot_upv_repeatability/session_20260529_062233/cases/timber_01/reading_003/pipeline_full_session,False,Arduino rejected CLAMP_TRAVEL_MM 213.983: ERR TRAVEL_OUT_OF_RANGE,timber,candidate_001_timber,A1,A1,82.063,llama32_single_anchor_l6_taxonomy_scoring,38.05342404785437,38.01702816519328,38.01702816519328,43.01702816519328,True,0.0956441728221876,False,False,False,True,True,skipped,,False,skipped,True,True,True,False,59121.859,8913.584,228.444,8854.318,869.305,7.043,35308.751,"[-0.057195052434428, -0.38117499400159355, 0.1904237739747322, 0.6798130322160182, -3.0667366145629513, -7.159058550307739e-05]","[-0.05721361063540648, -0.38118063008853653, 0.22047152083042315, 0.6797514676383545, -3.0666794291615487, 1.166853024800297e-05]","[-0.05719326861547892, -0.3811636707695679, 0.1904338874385775, 0.6797685426287049, -3.066761275478732, -9.754311316055998e-05]",,"[-0.044485467333530634, -0.30996474074299424, 0.4448922029317932, 0.0003937986966456115, -3.141293451824127, -0.00039821376607769734]",0.015287,0.003272,,,,,,,,,,,,,,28,timber,1,"{""requested_num_anchors"": 5, ""axis_mode"": ""major"", ""candidate_count_mode"": ""transducer_diameter_floor"", ""physical_axis_length_mm"": 92.2227398762065, ""physical_axis_length_source_key"": ""global_major_dimension_mm"", ""transducer_diameter_mm"": 50.0, ""raw_floor_count"": 1, ""min_anchor_samples"": 0, ""max_anchor_samples"": 20, ""anchor_count_generated"": 1, ""anchor_count_rule_name"": ""physical_axis_length_floor_transducer_diameter"", ""fallback_used"": false, ""center_anchor_fallback_used"": false, ""raw_major_length_px"": 281.1498430748448, ""raw_minor_length_px"": 118.4450456536873}","[""arduino_check"", ""move_midhover"", ""orient"", ""xy"", ""approach_preview"", ""approach_final"", ""home""]","[true, true, true, true, true, true, true]",outputs/v2_experiments/e45_robot_upv_repeatability/session_20260529_062233/cases/timber_01/reading_003,1,[],True,True,True,True,1,newly_collected,,,,timber_01,3,False
outputs/v2_experiments/e45_robot_upv_repeatability/session_20260529_062233/02_tables/e45_all_readings_master.csv,30,session_20260529_062233,,timber_01,timber,proposed_contact_usable,,major,2026-05-29T07:13:30-04:00,2026-05-29T07:14:28-04:00,outputs/v2_experiments/e45_robot_upv_repeatability/session_20260529_062233/cases/timber_01/reading_004/pipeline_full_session,False,Arduino rejected CLAMP_TRAVEL_MM 213.983: ERR TRAVEL_OUT_OF_RANGE,timber,candidate_001_timber,A1,A1,82.148,llama32_single_anchor_l6_taxonomy_scoring,38.18069613651876,38.016958147731515,38.016958147731515,43.016958147731515,True,0.42885019225889964,False,False,False,True,True,skipped,,False,skipped,True,True,True,False,57436.933,9024.407,228.656,7040.756,868.306,7.519,35421.769,"[-0.0571591439172444, -0.3811887495931427, 0.19041686601820496, 0.678534426084852, -3.067033252352939, -9.037677862873194e-05]","[-0.05716047444911658, -0.3812014474014781, 0.2204631121275124, 0.6784919475154453, -3.066985923277658, -8.877127459429955e-06]","[-0.05715305005959733, -0.38118847297029396, 0.190432043017773, 0.6785944492368724, -3.067016378540598, -6.99741679540127e-05]",,"[-0.04450169297409013, -0.3099664523998532, 0.4448924256021037, 0.0003047406448523948, -3.1412261819476983, -0.000383254071349011]",0.016357,0.003759,,,,,,,,,,,,,,29,timber,1,"{""requested_num_anchors"": 5, ""axis_mode"": ""major"", ""candidate_count_mode"": ""transducer_diameter_floor"", ""physical_axis_length_mm"": 92.52409709382354, ""physical_axis_length_source_key"": ""global_major_dimension_mm"", ""transducer_diameter_mm"": 50.0, ""raw_floor_count"": 1, ""min_anchor_samples"": 0, ""max_anchor_samples"": 20, ""anchor_count_generated"": 1, ""anchor_count_rule_name"": ""physical_axis_length_floor_transducer_diameter"", ""fallback_used"": false, ""center_anchor_fallback_used"": false, ""raw_major_length_px"": 281.1283537616521, ""raw_minor_length_px"": 118.39181708966288}","[""arduino_check"", ""move_midhover"", ""orient"", ""xy"", ""approach_preview"", ""approach_final"", ""home""]","[true, true, true, true, true, true, true]",outputs/v2_experiments/e45_robot_upv_repeatability/session_20260529_062233/cases/timber_01/reading_004,1,[],True,True,True,True,1,newly_collected,,,,timber_01,4,False
outputs/v2_experiments/e45_robot_upv_repeatability/session_20260529_062233/02_tables/e45_all_readings_master.csv,31,session_20260529_062233,,timber_01,timber,proposed_contact_usable,,major,2026-05-29T07:14:28-04:00,2026-05-29T07:15:26-04:00,outputs/v2_experiments/e45_robot_upv_repeatability/session_20260529_062233/cases/timber_01/reading_005/pipeline_full_session,False,Arduino rejected CLAMP_TRAVEL_MM 213.654: ERR TRAVEL_OUT_OF_RANGE,timber,candidate_001_timber,A1,A1,82.609,llama32_single_anchor_l6_taxonomy_scoring,38.50983342844243,38.34598835593065,38.34598835593065,43.34598835593065,True,0.4254629478370176,False,False,False,True,True,skipped,,False,skipped,True,True,True,False,57488.342,8674.431,221.655,7423.46,867.075,7.014,35389.985,"[-0.057247663319164796, -0.38119750726820445, 0.19044645228866117, 0.6812399671044488, -3.0664180367075184, 8.283713588446763e-05]","[-0.0572567765409791, -0.38120309102178823, 0.22048393278592435, 0.6812398991823052, -3.0663639195418564, 8.812028183948283e-05]","[-0.05723991971776004, -0.3811946172806484, 0.19047343017321752, 0.6812399380174397, -3.066401868189226, 0.0001324537336794057]",,"[-0.04449776979928286, -0.3099706356679849, 0.44488765318442264, 0.0002919173349066048, -3.141251337671581, -0.0003750637356123352]",0.028216,0.00299,,,,,,,,,,,,,,30,timber,1,"{""requested_num_anchors"": 5, ""axis_mode"": ""major"", ""candidate_count_mode"": ""transducer_diameter_floor"", ""physical_axis_length_mm"": 92.51954062551984, ""physical_axis_length_source_key"": ""global_major_dimension_mm"", ""transducer_diameter_mm"": 50.0, ""raw_floor_count"": 1, ""min_anchor_samples"": 0, ""max_anchor_samples"": 20, ""anchor_count_generated"": 1, ""anchor_count_rule_name"": ""physical_axis_length_floor_transducer_diameter"", ""fallback_used"": false, ""center_anchor_fallback_used"": false, ""raw_major_length_px"": 281.1144607530862, ""raw_minor_length_px"": 118.72627320046963}","[""arduino_check"", ""move_midhover"", ""orient"", ""xy"", ""approach_preview"", ""approach_final"", ""home""]","[true, true, true, true, true, true, true]",outputs/v2_experiments/e45_robot_upv_repeatability/session_20260529_062233/cases/timber_01/reading_005,1,[],True,True,True,True,1,newly_collected,,,,timber_01,5,False
outputs/v2_experiments/e45_robot_upv_repeatability/session_20260529_062233/02_tables/e45_all_readings_master.csv,32,session_20260529_062233,,timber_02,timber,proposed_contact_usable,,major,2026-05-29T07:17:59-04:00,2026-05-29T07:19:20-04:00,outputs/v2_experiments/e45_robot_upv_repeatability/session_20260529_062233/cases/timber_02/reading_001/pipeline_full_session,False,Arduino rejected CLAMP_TRAVEL_MM 215.490: ERR TRAVEL_OUT_OF_RANGE,timber,candidate_001_timber,A1,A1,60.032,llama32_single_anchor_l6_taxonomy_scoring,36.513811718832976,36.51027487332512,36.51027487332512,41.51027487332512,True,0.009686322356831294,False,False,False,True,True,skipped,,False,skipped,True,True,True,False,80244.347,8657.17,226.732,21382.889,861.01,7.197,44480.089,"[0.02355963323079856, -0.4241191432160062, 0.17573511236945963, 1.9681360101787668, -2.448191982062509, 0.00019574881839364057]","[0.02355239109275139, -0.4241181059212161, 0.20576740218035794, 1.9681574871726844, -2.4481132969812975, 0.00020514581102020293]","[0.023550785756644963, -0.4241196290824847, 0.17576971163413124, 1.9681095254359806, -2.448092114180318, 0.00021664164804212604]",,"[-0.044489835281914816, -0.3099565331712082, 0.4449025451564509, 0.00027321504912162413, -3.1412894440339025, -0.000319278095445623]",0.035716,0.00604,,,,,,,,,,,,,,31,timber,3,"{""requested_num_anchors"": 5, ""axis_mode"": ""major"", ""candidate_count_mode"": ""transducer_diameter_floor"", ""physical_axis_length_mm"": 156.82568144607305, ""physical_axis_length_source_key"": ""global_major_dimension_mm"", ""transducer_diameter_mm"": 50.0, ""raw_floor_count"": 3, ""min_anchor_samples"": 0, ""max_anchor_samples"": 20, ""anchor_count_generated"": 3, ""anchor_count_rule_name"": ""physical_axis_length_floor_transducer_diameter"", ""fallback_used"": false, ""center_anchor_fallback_used"": false, ""raw_major_length_px"": 455.2140365994436, ""raw_minor_length_px"": 108.40754891839397}","[""arduino_check"", ""move_midhover"", ""orient"", ""xy"", ""approach_preview"", ""approach_final"", ""home""]","[true, true, true, true, true, true, true]",outputs/v2_experiments/e45_robot_upv_repeatability/session_20260529_062233/cases/timber_02/reading_001,1,[],True,True,True,True,1,newly_collected,,,,timber_02,1,False
outputs/v2_experiments/e45_robot_upv_repeatability/session_20260529_062233/02_tables/e45_all_readings_master.csv,33,session_20260529_062233,,timber_02,timber,proposed_contact_usable,,major,2026-05-29T07:19:20-04:00,2026-05-29T07:20:43-04:00,outputs/v2_experiments/e45_robot_upv_repeatability/session_20260529_062233/cases/timber_02/reading_002/pipeline_full_session,False,Arduino rejected CLAMP_TRAVEL_MM 215.835: ERR TRAVEL_OUT_OF_RANGE,timber,candidate_001_timber,A1,A1,60.081,llama32_single_anchor_l6_taxonomy_scoring,36.16934591461051,36.1653098818527,36.1653098818527,41.1653098818527,True,0.011158710935327155,False,False,False,True,True,skipped,,False,skipped,True,True,True,False,82294.105,8712.059,220.063,23277.594,865.818,8.108,44882.745,"[0.023206473313766716, -0.4243554227442135, 0.17572536865612048, 1.9655525340265956, -2.4502895832672023, 0.0001731000417054773]","[0.02320216802730472, -0.42437768066508585, 0.20579870979649084, 1.9654932342685885, -2.450108991714431, 0.0003439066073137707]","[0.023187414885135395, -0.4243685770672333, 0.17577243888104527, 1.9654612688438455, -2.450230822731266, 0.00030273063892153484]",,"[-0.04448806805038261, -0.30996447994425524, 0.4449194930678617, 0.0003174340876290987, -3.1412430728528413, -0.0001718113084667651]",0.052458,0.009687,,,,,,,,,,,,,,32,timber,3,"{""requested_num_anchors"": 5, ""axis_mode"": ""major"", ""candidate_count_mode"": ""transducer_diameter_floor"", ""physical_axis_length_mm"": 156.64381414631566, ""physical_axis_length_source_key"": ""global_major_dimension_mm"", ""transducer_diameter_mm"": 50.0, ""raw_floor_count"": 3, ""min_anchor_samples"": 0, ""max_anchor_samples"": 20, ""anchor_count_generated"": 3, ""anchor_count_rule_name"": ""physical_axis_length_floor_transducer_diameter"", ""fallback_used"": false, ""center_anchor_fallback_used"": false, ""raw_major_length_px"": 454.686186626367, ""raw_minor_length_px"": 107.92292262536128}","[""arduino_check"", ""move_midhover"", ""orient"", ""xy"", ""approach_preview"", ""approach_final"", ""home""]","[true, true, true, true, true, true, true]",outputs/v2_experiments/e45_robot_upv_repeatability/session_20260529_062233/cases/timber_02/reading_002,1,[],True,True,True,True,1,newly_collected,,,,timber_02,2,False
outputs/v2_experiments/e45_robot_upv_repeatability/session_20260529_062233/02_tables/e45_all_readings_master.csv,34,session_20260529_062233,,timber_02,timber,proposed_contact_usable,,major,2026-05-29T07:20:43-04:00,2026-05-29T07:22:04-04:00,outputs/v2_experiments/e45_robot_upv_repeatability/session_20260529_062233/cases/timber_02/reading_003/pipeline_full_session,False,Arduino rejected CLAMP_TRAVEL_MM 215.582: ERR TRAVEL_OUT_OF_RANGE,timber,candidate_001_timber,A1,A1,60.4,llama32_single_anchor_l6_taxonomy_scoring,36.513814556296374,36.41761797245381,36.41761797245381,41.41761797245381,True,0.2634525727084702,False,False,False,True,True,skipped,,False,skipped,True,True,True,False,80719.361,8589.31,223.805,21631.915,874.15,7.079,45055.643,"[0.023156336910028667, -0.42437735322434916, 0.17574130206300226, 1.9663811095433428, -2.449639690442034, 0.0002329484191199877]","[0.02314310378672418, -0.42440392964585, 0.20585374729980238, 1.9662129625218183, -2.4494689963347347, 0.0005320116066406025]","[0.023162293481943295, -0.42439957839574255, 0.1758019277551952, 1.9663427551732968, -2.449486262582693, 0.00046129605847339657]",,"[-0.04446614735209261, -0.3099424558461317, 0.44492821717918796, 0.00035612237651667765, -3.1411962935932625, -0.00021875260755674827]",0.064845,0.015915,,,,,,,,,,,,,,33,timber,3,"{""requested_num_anchors"": 5, ""axis_mode"": ""major"", ""candidate_count_mode"": ""transducer_diameter_floor"", ""physical_axis_length_mm"": 156.49280739630953, ""physical_axis_length_source_key"": ""global_major_dimension_mm"", ""transducer_diameter_mm"": 50.0, ""raw_floor_count"": 3, ""min_anchor_samples"": 0, ""max_anchor_samples"": 20, ""anchor_count_generated"": 3, ""anchor_count_rule_name"": ""physical_axis_length_floor_transducer_diameter"", ""fallback_used"": false, ""center_anchor_fallback_used"": false, ""raw_major_length_px"": 454.2478465984206, ""raw_minor_length_px"": 107.85379236362776}","[""arduino_check"", ""move_midhover"", ""orient"", ""xy"", ""approach_preview"", ""approach_final"", ""home""]","[true, true, true, true, true, true, true]",outputs/v2_experiments/e45_robot_upv_repeatability/session_20260529_062233/cases/timber_02/reading_003,1,[],True,True,True,True,1,newly_collected,,,,timber_02,3,False
outputs/v2_experiments/e45_robot_upv_repeatability/session_20260529_062233/02_tables/e45_all_readings_master.csv,35,session_20260529_062233,,timber_02,timber,proposed_contact_usable,,major,2026-05-29T07:22:04-04:00,2026-05-29T07:22:16-04:00,outputs/v2_experiments/e45_robot_upv_repeatability/session_20260529_062233/cases/timber_02/reading_004/pipeline_full_session,False,NO_VERIFIED_MATCH,timber,,,,,,,,,,,,,,,,,,,,,,,,,11681.532,8386.434,,,,,,"""""","""""","""""",,"""""",,,,,,,,,,,,,,,,34,timber,,{},[],[],outputs/v2_experiments/e45_robot_upv_repeatability/session_20260529_062233/cases/timber_02/reading_004,1,[],True,True,True,True,1,newly_collected,,,,timber_02,4,False
outputs/v2_experiments/e45_robot_upv_repeatability/session_20260529_062233/02_tables/e45_all_readings_master.csv,36,session_20260529_062233,,timber_02,timber,proposed_contact_usable,,major,2026-05-29T07:22:17-04:00,2026-05-29T07:22:29-04:00,outputs/v2_experiments/e45_robot_upv_repeatability/session_20260529_062233/cases/timber_02/reading_005/pipeline_full_session,False,NO_VERIFIED_MATCH,timber,,,,,,,,,,,,,,,,,,,,,,,,,12043.321,8374.814,,,,,,"""""","""""","""""",,"""""",,,,,,,,,,,,,,,,35,timber,,{},[],[],outputs/v2_experiments/e45_robot_upv_repeatability/session_20260529_062233/cases/timber_02/reading_005,1,[],True,True,True,True,1,newly_collected,,,,timber_02,5,False
outputs/v2_experiments/e45_robot_upv_repeatability/session_20260529_062233/02_tables/e45_all_readings_master.csv,37,session_20260529_062233,,timber_03,timber,proposed_contact_usable,,major,2026-05-29T07:23:28-04:00,2026-05-29T07:24:10-04:00,outputs/v2_experiments/e45_robot_upv_repeatability/session_20260529_062233/cases/timber_03/reading_001/pipeline_full_session,False,anchor_camera_xyz_missing_for_real_base_plan,timber,candidate_001_timber,A1,A1,56.573,llama32_single_anchor_l6_taxonomy_scoring,37.35270146588719,,37.35270146588719,42.35270146588719,False,,False,False,False,,False,skipped,,False,skipped,True,True,True,False,41718.878,8828.889,221.496,26165.364,868.688,6.659,1361.065,"""""","""""","""""",,"[-0.04452477954757264, -0.30996122972627194, 0.44492619792858734, -1.1117067126037675e-05, -3.141196147432641, -0.00018578024246008275]",,,,,,,,,,,,,,,,36,timber,4,"{""requested_num_anchors"": 5, ""axis_mode"": ""major"", ""candidate_count_mode"": ""transducer_diameter_floor"", ""physical_axis_length_mm"": 231.1816601582012, ""physical_axis_length_source_key"": ""global_major_dimension_mm"", ""transducer_diameter_mm"": 50.0, ""raw_floor_count"": 4, ""min_anchor_samples"": 0, ""max_anchor_samples"": 20, ""anchor_count_generated"": 4, ""anchor_count_rule_name"": ""physical_axis_length_floor_transducer_diameter"", ""fallback_used"": false, ""center_anchor_fallback_used"": false, ""raw_major_length_px"": 792.1521436916597, ""raw_minor_length_px"": 133.84445111444901}","[""home""]",[true],outputs/v2_experiments/e45_robot_upv_repeatability/session_20260529_062233/cases/timber_03/reading_001,1,[],True,True,True,True,1,newly_collected,,,,timber_03,1,False
outputs/v2_experiments/e45_robot_upv_repeatability/session_20260529_062233/02_tables/e45_all_readings_master.csv,38,session_20260529_062233,,timber_03,timber,proposed_contact_usable,,major,2026-05-29T07:24:10-04:00,2026-05-29T07:24:49-04:00,outputs/v2_experiments/e45_robot_upv_repeatability/session_20260529_062233/cases/timber_03/reading_002/pipeline_full_session,False,anchor_camera_xyz_missing_for_real_base_plan,timber,candidate_001_timber,A1,A1,56.638,llama32_single_anchor_l6_taxonomy_scoring,37.35270333150703,,37.35270333150703,42.35270333150703,False,,False,False,False,,False,skipped,,False,skipped,True,True,True,False,39016.609,8761.998,223.704,23490.763,873.521,7.122,922.189,"""""","""""","""""",,"[-0.04452635301267007, -0.3099675828184834, 0.44492296718243146, -3.9243446395578005e-06, -3.1411950972616833, -0.00023089787931973729]",,,,,,,,,,,,,,,,37,timber,4,"{""requested_num_anchors"": 5, ""axis_mode"": ""major"", ""candidate_count_mode"": ""transducer_diameter_floor"", ""physical_axis_length_mm"": 231.3018106334225, ""physical_axis_length_source_key"": ""global_major_dimension_mm"", ""transducer_diameter_mm"": 50.0, ""raw_floor_count"": 4, ""min_anchor_samples"": 0, ""max_anchor_samples"": 20, ""anchor_count_generated"": 4, ""anchor_count_rule_name"": ""physical_axis_length_floor_transducer_diameter"", ""fallback_used"": false, ""center_anchor_fallback_used"": false, ""raw_major_length_px"": 792.5638831284929, ""raw_minor_length_px"": 133.5048665927039}","[""home""]",[true],outputs/v2_experiments/e45_robot_upv_repeatability/session_20260529_062233/cases/timber_03/reading_002,1,[],True,True,True,True,1,newly_collected,,,,timber_03,2,False
outputs/v2_experiments/e45_robot_upv_repeatability/session_20260529_062233/02_tables/e45_all_readings_master.csv,39,session_20260529_062233,,timber_03,timber,proposed_contact_usable,,major,2026-05-29T07:24:50-04:00,2026-05-29T07:25:36-04:00,outputs/v2_experiments/e45_robot_upv_repeatability/session_20260529_062233/cases/timber_03/reading_003/pipeline_full_session,False,anchor_camera_xyz_missing_for_real_base_plan,timber,candidate_001_timber,A1,A1,56.539,llama32_single_anchor_l6_taxonomy_scoring,37.35270140518228,,37.35270140518228,42.35270140518228,False,,False,False,False,,False,skipped,,False,skipped,True,True,True,False,45435.477,8911.389,220.341,29377.41,865.072,6.765,1285.184,"""""","""""","""""",,"[-0.044510225011575213, -0.30996163448658753, 0.4449442130365791, 3.487245018004385e-05, -3.141153631138537, -6.1082854203404e-05]",,,,,,,,,,,,,,,,38,timber,4,"{""requested_num_anchors"": 5, ""axis_mode"": ""major"", ""candidate_count_mode"": ""transducer_diameter_floor"", ""physical_axis_length_mm"": 231.2995692235144, ""physical_axis_length_source_key"": ""global_major_dimension_mm"", ""transducer_diameter_mm"": 50.0, ""raw_floor_count"": 4, ""min_anchor_samples"": 0, ""max_anchor_samples"": 20, ""anchor_count_generated"": 4, ""anchor_count_rule_name"": ""physical_axis_length_floor_transducer_diameter"", ""fallback_used"": false, ""center_anchor_fallback_used"": false, ""raw_major_length_px"": 792.5561619907603, ""raw_minor_length_px"": 133.84276070921246}","[""home""]",[true],outputs/v2_experiments/e45_robot_upv_repeatability/session_20260529_062233/cases/timber_03/reading_003,1,[],True,True,True,True,1,newly_collected,,,,timber_03,3,False
outputs/v2_experiments/e45_robot_upv_repeatability/session_20260529_062233/02_tables/e45_all_readings_master.csv,40,session_20260529_062233,,timber_03,timber,proposed_contact_usable,,major,2026-05-29T07:25:36-04:00,2026-05-29T07:26:17-04:00,outputs/v2_experiments/e45_robot_upv_repeatability/session_20260529_062233/cases/timber_03/reading_004/pipeline_full_session,False,anchor_camera_xyz_missing_for_real_base_plan,timber,candidate_001_timber,A1,A1,56.198,llama32_single_anchor_l6_taxonomy_scoring,37.0608806364521,,37.0608806364521,42.0608806364521,False,,False,False,False,,False,skipped,,False,skipped,True,True,True,False,40646.216,8720.117,220.5,25259.594,870.344,7.027,764.519,"""""","""""","""""",,"[-0.04451414736151115, -0.30996288066467137, 0.4449433340069765, -2.853333152784079e-05, -3.141145009112637, -8.596093020377249e-05]",,,,,,,,,,,,,,,,39,timber,4,"{""requested_num_anchors"": 5, ""axis_mode"": ""major"", ""candidate_count_mode"": ""transducer_diameter_floor"", ""physical_axis_length_mm"": 231.2962471921694, ""physical_axis_length_source_key"": ""global_major_dimension_mm"", ""transducer_diameter_mm"": 50.0, ""raw_floor_count"": 4, ""min_anchor_samples"": 0, ""max_anchor_samples"": 20, ""anchor_count_generated"": 4, ""anchor_count_rule_name"": ""physical_axis_length_floor_transducer_diameter"", ""fallback_used"": false, ""center_anchor_fallback_used"": false, ""raw_major_length_px"": 792.5447192991089, ""raw_minor_length_px"": 133.90682835420722}","[""home""]",[true],outputs/v2_experiments/e45_robot_upv_repeatability/session_20260529_062233/cases/timber_03/reading_004,1,[],True,True,True,True,1,newly_collected,,,,timber_03,4,False
outputs/v2_experiments/e45_robot_upv_repeatability/session_20260529_062233/02_tables/e45_all_readings_master.csv,41,session_20260529_062233,,timber_03,timber,proposed_contact_usable,,major,2026-05-29T07:26:17-04:00,2026-05-29T07:27:01-04:00,outputs/v2_experiments/e45_robot_upv_repeatability/session_20260529_062233/cases/timber_03/reading_005/pipeline_full_session,False,anchor_camera_xyz_missing_for_real_base_plan,timber,candidate_001_timber,A1,A1,56.448,llama32_single_anchor_l6_taxonomy_scoring,37.35269610447127,,37.35269610447127,42.35269610447127,False,,False,False,False,,False,skipped,,False,skipped,True,True,True,False,43017.175,8752.115,230.89,27253.79,860.758,6.845,1154.641,"""""","""""","""""",,"[-0.04450213579223624, -0.30996070490327676, 0.44494358886963375, 0.0001169132287077369, -3.1411773734585564, -5.935900047996909e-05]",,,,,,,,,,,,,,,,40,timber,4,"{""requested_num_anchors"": 5, ""axis_mode"": ""major"", ""candidate_count_mode"": ""transducer_diameter_floor"", ""physical_axis_length_mm"": 231.2879644973254, ""physical_axis_length_source_key"": ""global_major_dimension_mm"", ""transducer_diameter_mm"": 50.0, ""raw_floor_count"": 4, ""min_anchor_samples"": 0, ""max_anchor_samples"": 20, ""anchor_count_generated"": 4, ""anchor_count_rule_name"": ""physical_axis_length_floor_transducer_diameter"", ""fallback_used"": false, ""center_anchor_fallback_used"": false, ""raw_major_length_px"": 792.5162855368751, ""raw_minor_length_px"": 134.3220784108898}","[""home""]",[true],outputs/v2_experiments/e45_robot_upv_repeatability/session_20260529_062233/cases/timber_03/reading_005,1,[],True,True,True,True,1,newly_collected,,,,timber_03,5,False
outputs/v2_experiments/e45_robot_upv_repeatability/session_20260529_062233/02_tables/e45_all_readings_master.csv,42,session_20260529_062233,,timber_04,timber,proposed_contact_usable,,major,2026-05-29T07:28:18-04:00,2026-05-29T07:30:09-04:00,outputs/v2_experiments/e45_robot_upv_repeatability/session_20260529_062233/cases/timber_04/reading_001/pipeline_full_session,True,,timber,candidate_001_timber,A3,A3,89.376,llama32_single_anchor_l6_taxonomy_scoring,76.5637950407897,76.83150061785538,76.83150061785538,81.83150061785538,True,0.3496503496503304,True,True,True,True,True,True,,True,True,True,True,True,True,110253.791,8786.144,235.832,35925.994,907.049,7.284,59936.138,"[-0.05199828538600219, -0.375597001764831, 0.20357125933104075, -0.5617419513228473, -3.090568634684606, -0.0001982770870815535]","[-0.05203436600293766, -0.3756194451441684, 0.23363853706430127, -0.5618235297514615, -3.0904804695004224, 0.00011229307062970749]","[-0.05197949772006757, -0.3755902861052058, 0.2035921554744012, -0.5616528706151723, -3.090599057484015, -0.00013291171844334322]",,"[-0.04449289106641254, -0.30996290910107144, 0.444899362404625, -6.813978198087809e-05, -3.141266370338876, -0.0003434637506713171]",0.028892,0.006566,,,,,,,,,,,,,,41,timber,5,"{""requested_num_anchors"": 5, ""axis_mode"": ""major"", ""candidate_count_mode"": ""transducer_diameter_floor"", ""physical_axis_length_mm"": 250.3281758391916, ""physical_axis_length_source_key"": ""global_major_dimension_mm"", ""transducer_diameter_mm"": 50.0, ""raw_floor_count"": 5, ""min_anchor_samples"": 0, ""max_anchor_samples"": 20, ""anchor_count_generated"": 5, ""anchor_count_rule_name"": ""physical_axis_length_floor_transducer_diameter"", ""fallback_used"": false, ""center_anchor_fallback_used"": false, ""raw_major_length_px"": 797.843561203826, ""raw_minor_length_px"": 251.35830726884058}","[""arduino_check"", ""move_midhover"", ""orient"", ""xy"", ""approach_preview"", ""approach_final"", ""clamp_to_planned_width"", ""clamp_hold"", ""clamp_release"", ""home""]","[true, true, true, true, true, true, true, true, true, true]",outputs/v2_experiments/e45_robot_upv_repeatability/session_20260529_062233/cases/timber_04/reading_001,1,[],True,True,True,True,1,newly_collected,,,,timber_04,1,False
outputs/v2_experiments/e45_robot_upv_repeatability/session_20260529_062233/02_tables/e45_all_readings_master.csv,43,session_20260529_062233,,timber_04,timber,proposed_contact_usable,,major,2026-05-29T07:30:09-04:00,2026-05-29T07:32:03-04:00,outputs/v2_experiments/e45_robot_upv_repeatability/session_20260529_062233/cases/timber_04/reading_002/pipeline_full_session,True,,timber,candidate_001_timber,A1,A1,61.764,llama32_single_anchor_l6_taxonomy_scoring,77.50516939684823,76.7012109776458,76.7012109776458,81.7012109776458,True,1.0372965125538116,True,True,True,True,True,True,,True,True,True,True,True,True,113736.123,8978.073,253.012,36711.303,902.414,7.5,62329.255,"[-0.07993826904277446, -0.44915335412219193, 0.20581358312087433, -0.5578862031500169, -3.0913156762807206, -0.0003255076385796868]","[-0.07994093517573467, -0.44914920693439214, 0.2358523043414354, -0.5578814614235827, -3.091336403807666, -0.00024621490492354644]","[-0.07995163578486328, -0.4491482719068208, 0.20582693717011966, -0.5579895199462633, -3.091289379192666, -0.0003253081032984437]",,"[-0.04446608465628847, -0.3099496267911789, 0.4449130369141235, 7.670983534345573e-06, -3.1412151658840877, -0.0003139011772713355]",0.019566,0.006108,,,,,,,,,,,,,,42,timber,5,"{""requested_num_anchors"": 5, ""axis_mode"": ""major"", ""candidate_count_mode"": ""transducer_diameter_floor"", ""physical_axis_length_mm"": 250.27585067585161, ""physical_axis_length_source_key"": ""global_major_dimension_mm"", ""transducer_diameter_mm"": 50.0, ""raw_floor_count"": 5, ""min_anchor_samples"": 0, ""max_anchor_samples"": 20, ""anchor_count_generated"": 5, ""anchor_count_rule_name"": ""physical_axis_length_floor_transducer_diameter"", ""fallback_used"": false, ""center_anchor_fallback_used"": false, ""raw_major_length_px"": 797.6769579152825, ""raw_minor_length_px"": 251.46898743057207}","[""arduino_check"", ""move_midhover"", ""orient"", ""xy"", ""approach_preview"", ""approach_final"", ""clamp_to_planned_width"", ""clamp_hold"", ""clamp_release"", ""home""]","[true, true, true, true, true, true, true, true, true, true]",outputs/v2_experiments/e45_robot_upv_repeatability/session_20260529_062233/cases/timber_04/reading_002,1,[],True,True,True,True,1,newly_collected,,,,timber_04,2,False
outputs/v2_experiments/e45_robot_upv_repeatability/session_20260529_062233/02_tables/e45_all_readings_master.csv,44,session_20260529_062233,,timber_04,timber,proposed_contact_usable,,major,2026-05-29T07:32:04-04:00,2026-05-29T07:33:49-04:00,outputs/v2_experiments/e45_robot_upv_repeatability/session_20260529_062233/cases/timber_04/reading_003/pipeline_full_session,True,,timber,candidate_001_timber,A3,A3,77.18,llama32_single_anchor_l6_taxonomy_scoring,75.93621857575866,76.47024436109808,76.47024436109808,81.47024436109808,True,0.7032556997905371,True,True,True,True,True,True,,True,True,True,True,True,True,105348.607,9059.918,235.699,31813.975,908.358,7.034,59137.935,"[-0.04189019734609425, -0.3504609204343286, 0.2021469188875604, -0.5628049069514325, -3.0903937104917136, -0.00027608804920518974]","[-0.041893645744900905, -0.3504531420808868, 0.23216619318181306, -0.5628042842054057, -3.0903752296274916, -0.00029397124014781355]","[-0.04187071583983213, -0.3504577104257968, 0.2021690293272732, -0.5626992782486843, -3.090405125248564, -0.0002279568631961124]",,"[-0.04448483458825327, -0.3099636944567531, 0.4449058706459437, -1.0024900754004956e-05, -3.14126851124576, -0.00026583420790280945]",0.029643,0.006683,,,,,,,,,,,,,,43,timber,4,"{""requested_num_anchors"": 5, ""axis_mode"": ""major"", ""candidate_count_mode"": ""transducer_diameter_floor"", ""physical_axis_length_mm"": 249.7988362076692, ""physical_axis_length_source_key"": ""global_major_dimension_mm"", ""transducer_diameter_mm"": 50.0, ""raw_floor_count"": 4, ""min_anchor_samples"": 0, ""max_anchor_samples"": 20, ""anchor_count_generated"": 4, ""anchor_count_rule_name"": ""physical_axis_length_floor_transducer_diameter"", ""fallback_used"": false, ""center_anchor_fallback_used"": false, ""raw_major_length_px"": 796.1564091332353, ""raw_minor_length_px"": 251.21087820855854}","[""arduino_check"", ""move_midhover"", ""orient"", ""xy"", ""approach_preview"", ""approach_final"", ""clamp_to_planned_width"", ""clamp_hold"", ""clamp_release"", ""home""]","[true, true, true, true, true, true, true, true, true, true]",outputs/v2_experiments/e45_robot_upv_repeatability/session_20260529_062233/cases/timber_04/reading_003,1,[],True,True,True,True,1,newly_collected,,,,timber_04,3,False
outputs/v2_experiments/e45_robot_upv_repeatability/session_20260529_062233/02_tables/e45_all_readings_master.csv,45,session_20260529_062233,,timber_04,timber,proposed_contact_usable,,major,2026-05-29T07:33:50-04:00,2026-05-29T07:35:41-04:00,outputs/v2_experiments/e45_robot_upv_repeatability/session_20260529_062233/cases/timber_04/reading_004/pipeline_full_session,True,,timber,candidate_001_timber,A1,A1,62.199,llama32_single_anchor_l6_taxonomy_scoring,78.13276825109206,77.32748722692641,77.32748722692641,82.32748722692641,True,1.0306572289589857,True,True,True,True,True,True,,True,True,True,True,True,True,111146.129,8793.671,241.728,34590.195,918.891,7.053,62210.588,"[-0.07860071223023551, -0.4490029579146336, 0.20582765437516154, -0.5515306547081665, -3.0923895891929636, -0.00029861329066318036]","[-0.07861078615944844, -0.44900185095633166, 0.23589460916738336, -0.5516572989787126, -3.0923385838478397, -0.00010999640093698935]","[-0.07861632736324575, -0.4490089269659411, 0.2058587211261578, -0.5515682879011669, -3.092350832137818, -0.00016990522198469832]",,"[-0.044458824288426714, -0.3099499135592573, 0.44492062632718754, 0.00010228451253124948, -3.14124317849702, -0.00021649379150820024]",0.035279,0.007998,,,,,,,,,,,,,,44,timber,5,"{""requested_num_anchors"": 5, ""axis_mode"": ""major"", ""candidate_count_mode"": ""transducer_diameter_floor"", ""physical_axis_length_mm"": 250.1405388380737, ""physical_axis_length_source_key"": ""global_major_dimension_mm"", ""transducer_diameter_mm"": 50.0, ""raw_floor_count"": 5, ""min_anchor_samples"": 0, ""max_anchor_samples"": 20, ""anchor_count_generated"": 5, ""anchor_count_rule_name"": ""physical_axis_length_floor_transducer_diameter"", ""fallback_used"": false, ""center_anchor_fallback_used"": false, ""raw_major_length_px"": 797.2459650358971, ""raw_minor_length_px"": 251.52538398718792}","[""arduino_check"", ""move_midhover"", ""orient"", ""xy"", ""approach_preview"", ""approach_final"", ""clamp_to_planned_width"", ""clamp_hold"", ""clamp_release"", ""home""]","[true, true, true, true, true, true, true, true, true, true]",outputs/v2_experiments/e45_robot_upv_repeatability/session_20260529_062233/cases/timber_04/reading_004,1,[],True,True,True,True,1,newly_collected,,,,timber_04,4,False
outputs/v2_experiments/e45_robot_upv_repeatability/session_20260529_062233/02_tables/e45_all_readings_master.csv,46,session_20260529_062233,,timber_04,timber,proposed_contact_usable,,major,2026-05-29T07:35:41-04:00,2026-05-29T07:37:26-04:00,outputs/v2_experiments/e45_robot_upv_repeatability/session_20260529_062233/cases/timber_04/reading_005/pipeline_full_session,True,,timber,candidate_001_timber,A1,A1,62.127,llama32_single_anchor_l6_taxonomy_scoring,78.13276917344261,77.32549689631651,77.32549689631651,82.32549689631651,True,1.0332057671398842,True,True,True,True,True,True,,True,True,True,True,True,True,104686.202,8879.449,231.77,27689.594,892.099,7.825,62648.658,"[-0.07898704714755167, -0.4485052610663593, 0.20583779838646918, -0.5513149277393998, -3.0924576929095733, -0.0002745126239145609]","[-0.07898300262748222, -0.44850446524777704, 0.23591356652305162, -0.5513681927525477, -3.092375094718159, -2.685732174063377e-05]","[-0.07899105780299992, -0.44851816759783963, 0.20590644851458273, -0.5513553340065933, -3.09242504415786, -7.763684116232019e-06]",,"[-0.04446896258570896, -0.30995341492936307, 0.44491298786286465, 8.270649939762533e-07, -3.1412861408047097, -0.00024085017143007375]",0.069968,0.015571,,,,,,,,,,,,,,45,timber,4,"{""requested_num_anchors"": 5, ""axis_mode"": ""major"", ""candidate_count_mode"": ""transducer_diameter_floor"", ""physical_axis_length_mm"": 249.20559548284845, ""physical_axis_length_source_key"": ""global_major_dimension_mm"", ""transducer_diameter_mm"": 50.0, ""raw_floor_count"": 4, ""min_anchor_samples"": 0, ""max_anchor_samples"": 20, ""anchor_count_generated"": 4, ""anchor_count_rule_name"": ""physical_axis_length_floor_transducer_diameter"", ""fallback_used"": false, ""center_anchor_fallback_used"": false, ""raw_major_length_px"": 794.266130279326, ""raw_minor_length_px"": 251.28375030173865}","[""arduino_check"", ""move_midhover"", ""orient"", ""xy"", ""approach_preview"", ""approach_final"", ""clamp_to_planned_width"", ""clamp_hold"", ""clamp_release"", ""home""]","[true, true, true, true, true, true, true, true, true, true]",outputs/v2_experiments/e45_robot_upv_repeatability/session_20260529_062233/cases/timber_04/reading_005,1,[],True,True,True,True,1,newly_collected,,,,timber_04,5,False
outputs/v2_experiments/e45_robot_upv_repeatability/session_20260529_062233/02_tables/e45_all_readings_master.csv,47,session_20260529_062233,,timber_05,timber,proposed_contact_usable,,major,2026-05-29T07:41:16-04:00,2026-05-29T07:42:07-04:00,outputs/v2_experiments/e45_robot_upv_repeatability/session_20260529_062233/cases/timber_05/reading_001/pipeline_full_session,False,workspace_check_failed,timber,candidate_001_timber,A1,A1,57.183,llama32_single_anchor_l6_taxonomy_scoring,87.21412152494653,87.67981829547449,87.67981829547449,92.67981829547449,True,0.533969456305019,False,False,False,,False,skipped,,False,skipped,True,True,True,False,50151.504,9396.842,267.327,33420.952,962.576,7.048,1395.543,"""""","""""","""""",,"[-0.04452034550794762, -0.30995884176667887, 0.44493834042178637, -6.74008251570829e-05, -3.1411438887550136, -9.318096415226632e-05]",,,,,,,,,,,,,,,,46,timber,5,"{""requested_num_anchors"": 5, ""axis_mode"": ""major"", ""candidate_count_mode"": ""transducer_diameter_floor"", ""physical_axis_length_mm"": 293.5148532218183, ""physical_axis_length_source_key"": ""global_major_dimension_mm"", ""transducer_diameter_mm"": 50.0, ""raw_floor_count"": 5, ""min_anchor_samples"": 0, ""max_anchor_samples"": 20, ""anchor_count_generated"": 5, ""anchor_count_rule_name"": ""physical_axis_length_floor_transducer_diameter"", ""fallback_used"": false, ""center_anchor_fallback_used"": false, ""raw_major_length_px"": 841.2577872357937, ""raw_minor_length_px"": 255.07601873285464}","[""home""]",[true],outputs/v2_experiments/e45_robot_upv_repeatability/session_20260529_062233/cases/timber_05/reading_001,1,[],True,True,True,True,1,newly_collected,,,,timber_05,1,False
outputs/v2_experiments/e45_robot_upv_repeatability/session_20260529_062233/02_tables/e45_all_readings_master.csv,48,session_20260529_062233,,timber_05,timber,proposed_contact_usable,,major,2026-05-29T07:42:07-04:00,2026-05-29T07:44:08-04:00,outputs/v2_experiments/e45_robot_upv_repeatability/session_20260529_062233/cases/timber_05/reading_002/pipeline_full_session,True,,timber,candidate_001_timber,A2,A2,64.779,llama32_single_anchor_l6_taxonomy_scoring,72.91108235636932,72.72842165331274,72.72842165331274,77.72842165331274,True,0.25052529348527375,True,True,True,True,True,True,,True,True,True,True,True,True,120873.607,8649.497,254.92,33615.35,957.092,7.407,72612.491,"[-0.00649235283553665, -0.40833081977673075, 0.17018625902975526, 2.063650633437627, -2.3682437619020793, 0.0003984682798569914]","[-0.006489009551063774, -0.4083434491773597, 0.20025889273672606, 2.0635733967457823, -2.3681266964572276, 0.00047280909372591525]","[-0.006498810742157438, -0.4083594815376123, 0.17025902701311266, 2.0634549303860954, -2.368157647553238, 0.0005684549134102428]",,"[-0.04446160983369465, -0.30995135968880966, 0.4449143917337497, 0.00036631578979489515, -3.141276182137302, -0.00031001814962372374]",0.078475,0.01565,,,,,,,,,,,,,,47,timber,5,"{""requested_num_anchors"": 5, ""axis_mode"": ""major"", ""candidate_count_mode"": ""transducer_diameter_floor"", ""physical_axis_length_mm"": 293.391742638087, ""physical_axis_length_source_key"": ""global_major_dimension_mm"", ""transducer_diameter_mm"": 50.0, ""raw_floor_count"": 5, ""min_anchor_samples"": 0, ""max_anchor_samples"": 20, ""anchor_count_generated"": 5, ""anchor_count_rule_name"": ""physical_axis_length_floor_transducer_diameter"", ""fallback_used"": false, ""center_anchor_fallback_used"": false, ""raw_major_length_px"": 840.9058188512636, ""raw_minor_length_px"": 254.37577530302818}","[""arduino_check"", ""move_midhover"", ""orient"", ""xy"", ""approach_preview"", ""approach_final"", ""clamp_to_planned_width"", ""clamp_hold"", ""clamp_release"", ""home""]","[true, true, true, true, true, true, true, true, true, true]",outputs/v2_experiments/e45_robot_upv_repeatability/session_20260529_062233/cases/timber_05/reading_002,1,[],True,True,True,True,1,newly_collected,,,,timber_05,2,False
outputs/v2_experiments/e45_robot_upv_repeatability/session_20260529_062233/02_tables/e45_all_readings_master.csv,49,session_20260529_062233,,timber_05,timber,proposed_contact_usable,,major,2026-05-29T07:44:09-04:00,2026-05-29T07:44:17-04:00,outputs/v2_experiments/e45_robot_upv_repeatability/session_20260529_062233/cases/timber_05/reading_003/pipeline_full_session,False,color topic timeout: /camera/camera/color/image_raw; depth topic timeout: /camera/camera/aligned_depth_to_color/image_raw; camera_info topic timeout: /camera/camera/color/camera_info,,,,,,,,,,,,,,,,,,,,,,,,,,8305.282,,,,,,,"""""","""""","""""",,"""""",,,,,,,,,,,,,,,,48,timber,,{},[],[],outputs/v2_experiments/e45_robot_upv_repeatability/session_20260529_062233/cases/timber_05/reading_003,1,[],True,True,True,True,1,newly_collected,,,,timber_05,3,False
outputs/v2_experiments/e45_robot_upv_repeatability/session_20260529_062233/02_tables/e45_all_readings_master.csv,50,session_20260529_062233,,timber_05,timber,proposed_contact_usable,,major,2026-05-29T07:44:18-04:00,2026-05-29T07:44:26-04:00,outputs/v2_experiments/e45_robot_upv_repeatability/session_20260529_062233/cases/timber_05/reading_004/pipeline_full_session,False,color topic timeout: /camera/camera/color/image_raw; depth topic timeout: /camera/camera/aligned_depth_to_color/image_raw; camera_info topic timeout: /camera/camera/color/camera_info,,,,,,,,,,,,,,,,,,,,,,,,,,8064.121,,,,,,,"""""","""""","""""",,"""""",,,,,,,,,,,,,,,,49,timber,,{},[],[],outputs/v2_experiments/e45_robot_upv_repeatability/session_20260529_062233/cases/timber_05/reading_004,1,[],True,True,True,True,1,newly_collected,,,,timber_05,4,False
outputs/v2_experiments/e45_robot_upv_repeatability/session_20260529_062233/02_tables/e45_all_readings_master.csv,51,session_20260529_062233,,timber_05,timber,proposed_contact_usable,,major,2026-05-29T07:44:27-04:00,2026-05-29T07:44:35-04:00,outputs/v2_experiments/e45_robot_upv_repeatability/session_20260529_062233/cases/timber_05/reading_005/pipeline_full_session,False,color topic timeout: /camera/camera/color/image_raw; depth topic timeout: /camera/camera/aligned_depth_to_color/image_raw; camera_info topic timeout: /camera/camera/color/camera_info,,,,,,,,,,,,,,,,,,,,,,,,,,8045.453,,,,,,,"""""","""""","""""",,"""""",,,,,,,,,,,,,,,,50,timber,,{},[],[],outputs/v2_experiments/e45_robot_upv_repeatability/session_20260529_062233/cases/timber_05/reading_005,1,[],True,True,True,True,1,newly_collected,,,,timber_05,5,False
